settore,provincia,domanda_mese,cpc,clic_giorno,budget_giorno,aziende_sostenibili,verdetto
addestramento_cani,Città metropolitana di Milano,10320,1.62,24.1,10,14.5,VERDE
addestramento_cani,Città metropolitana di Roma Capitale,5960,2.05,13.9,12,8.3,VERDE
addestramento_cani,Città Metropolitana di Napoli,1940,1.93,4.5,10,2.7,VERDE
addestramento_cani,Città Metropolitana di Torino,1800,1.79,4.2,10,2.5,VERDE
addestramento_cani,Città Metropolitana di Bologna,1240,2.71,2.9,10,1.7,VERDE
addestramento_cani,Città Metropolitana di Firenze,1040,2.59,2.4,10,1.5,VERDE
addestramento_cani,Provincia di Brescia,910,1.96,2.1,10,1.3,VERDE
addestramento_cani,Città Metropolitana di Bari,870,2.64,2.0,10,1.2,VERDE
addestramento_cani,Provincia di Bergamo,790,1.6,1.8,10,1.1,GIALLO
addestramento_cani,Provincia di Padova,720,2.09,1.7,10,1.0,GIALLO
addestramento_cani,Provincia di Monza e della Brianza,680,1.88,1.6,10,1.0,GIALLO
addestramento_cani,Città metropolitana di Palermo,660,2.02,1.5,10,0.9,GIALLO
addestramento_cani,Provincia di Varese,590,1.56,1.4,10,0.8,GIALLO
addestramento_cani,Città Metropolitana di Venezia,590,1.69,1.4,10,0.8,GIALLO
addestramento_cani,Provincia di Vicenza,560,2.08,1.3,10,0.8,GIALLO
addestramento_cani,Città metropolitana di Catania,540,2.26,1.3,10,0.8,GIALLO
addestramento_cani,Provincia di Salerno,520,2.5,1.2,10,0.7,GIALLO
addestramento_cani,Provincia di Verona,510,1.92,1.2,10,0.7,GIALLO
addestramento_cani,Provincia di Treviso,510,1.8,1.2,10,0.7,GIALLO
addestramento_cani,Città metropolitana di Cagliari,470,3.55,1.1,10,0.7,GIALLO
addestramento_cani,Provincia di Caserta,410,1.67,1.0,10,0.6,GIALLO
addestramento_cani,Provincia di Lecce,380,1.9,0.9,0,0.5,ROSSO
addestramento_cani,Provincia di Como,370,1.68,0.9,0,0.5,ROSSO
addestramento_cani,Città Metropolitana di Genova,360,2.3,0.8,0,0.5,ROSSO
addestramento_cani,Provincia di Modena,310,2.04,0.7,0,0.4,ROSSO
addestramento_cani,Provincia di Pavia,300,1.64,0.7,0,0.4,ROSSO
addestramento_cani,Provincia di Rimini,300,2.25,0.7,0,0.4,ROSSO
addestramento_cani,Provincia di Perugia,290,1.41,0.7,0,0.4,ROSSO
addestramento_cani,Provincia di Lucca,290,1.81,0.7,0,0.4,ROSSO
addestramento_cani,Provincia di Pescara,280,2.13,0.7,0,0.4,ROSSO
addestramento_cani,Provincia di Ancona,260,1.99,0.6,0,0.4,ROSSO
addestramento_cani,Provincia di Reggio Emilia,250,2.12,0.6,0,0.4,ROSSO
addestramento_cani,Provincia autonoma di Trento,250,2.65,0.6,0,0.4,ROSSO
addestramento_cani,Provincia di Taranto,240,2.96,0.6,0,0.3,ROSSO
addestramento_cani,Provincia di Cuneo,240,2.31,0.6,0,0.3,ROSSO
addestramento_cani,Provincia di Pisa,240,1.32,0.6,0,0.3,ROSSO
addestramento_cani,Provincia di Novara,220,1.38,0.5,0,0.3,ROSSO
addestramento_cani,Provincia di Mantova,210,1.62,0.5,0,0.3,ROSSO
addestramento_cani,Provincia di Ravenna,200,2.86,0.5,0,0.3,ROSSO
addestramento_cani,Provincia di Parma,190,2.98,0.4,0,0.3,ROSSO
addestramento_cani,Provincia di Latina,190,2.32,0.4,0,0.3,ROSSO
addestramento_cani,Provincia di Cosenza,190,3.0,0.4,0,0.3,ROSSO
addestramento_cani,Provincia di Avellino,170,1.75,0.4,0,0.2,ROSSO
addestramento_cani,Provincia di Trieste,170,1.38,0.4,0,0.2,ROSSO
addestramento_cani,Provincia di Alessandria,170,2.94,0.4,0,0.2,ROSSO
addestramento_cani,Provincia di Lecco,160,1.9,0.4,0,0.2,ROSSO
addestramento_cani,Città metropolitana di Messina,150,1.65,0.4,0,0.2,ROSSO
addestramento_cani,Provincia di Foggia,150,0,0.4,0,0.2,ROSSO
addestramento_cani,Provincia di Potenza,150,2.48,0.4,0,0.2,ROSSO
addestramento_cani,Provincia di Livorno,140,4.22,0.3,0,0.2,ROSSO
addestramento_cani,Città metropolitana di Reggio Calabria,140,1.35,0.3,0,0.2,ROSSO
addestramento_cani,Provincia di Brindisi,120,2.14,0.3,0,0.2,ROSSO
addestramento_cani,Provincia di Chieti,120,1.93,0.3,0,0.2,ROSSO
addestramento_cani,Provincia di Forlì-Cesena,120,3.64,0.3,0,0.2,ROSSO
addestramento_cani,Provincia di Pesaro e Urbino,120,2.92,0.3,0,0.2,ROSSO
addestramento_cani,Provincia di Cremona,120,2.32,0.3,0,0.2,ROSSO
addestramento_cani,Provincia di Ferrara,120,1.94,0.3,0,0.2,ROSSO
addestramento_cani,Provincia di Pistoia,110,3.45,0.3,0,0.2,ROSSO
addestramento_cani,Città metropolitana di Sassari,110,2.68,0.3,0,0.2,ROSSO
addestramento_cani,Provincia di Teramo,100,1.42,0.2,0,0.1,ROSSO
addestramento_cani,Provincia di Frosinone,100,4.24,0.2,0,0.1,ROSSO
addestramento_cani,Provincia dell'Aquila,100,2.57,0.2,0,0.1,ROSSO
addestramento_cani,Provincia di Piacenza,100,2.14,0.2,0,0.1,ROSSO
addestramento_cani,Provincia di Savona,100,3.15,0.2,0,0.1,ROSSO
addestramento_cani,Provincia di Benevento,100,0.49,0.2,0,0.1,ROSSO
addestramento_cani,Provincia di Catanzaro,100,3.02,0.2,0,0.1,ROSSO
addestramento_cani,Provincia autonoma di Bolzano - Alto Adige,90,1.91,0.2,0,0.1,ROSSO
addestramento_cani,Provincia di Siena,90,2.39,0.2,0,0.1,ROSSO
addestramento_cani,Provincia di Barletta-Andria-Trani,90,1.24,0.2,0,0.1,ROSSO
addestramento_cani,Provincia di Viterbo,90,3.15,0.2,0,0.1,ROSSO
addestramento_cani,Provincia di Rovigo,80,1.04,0.2,0,0.1,ROSSO
addestramento_cani,Provincia di Prato,80,0,0.2,0,0.1,ROSSO
addestramento_cani,Provincia di Arezzo,80,1.67,0.2,0,0.1,ROSSO
addestramento_cani,Provincia di Macerata,80,3.5,0.2,0,0.1,ROSSO
addestramento_cani,Provincia di Lodi,80,0.54,0.2,0,0.1,ROSSO
addestramento_cani,Provincia della Spezia,70,2.1,0.2,0,0.1,ROSSO
addestramento_cani,Provincia di Pordenone,60,0,0.1,0,0.1,ROSSO
addestramento_cani,Provincia di Massa e Carrara,60,2.0,0.1,0,0.1,ROSSO
addestramento_cani,Provincia di Campobasso,50,0,0.1,0,0.1,ROSSO
addestramento_cani,Provincia di Asti,50,1.77,0.1,0,0.1,ROSSO
addestramento_cani,Provincia di Grosseto,50,4.41,0.1,0,0.1,ROSSO
addestramento_cani,Provincia di Fermo,40,0.46,0.1,0,0.1,ROSSO
addestramento_cani,Provincia di Belluno,40,0.93,0.1,0,0.1,ROSSO
addestramento_cani,Provincia di Rieti,40,5.55,0.1,0,0.1,ROSSO
addestramento_cani,Provincia di Matera,40,2.76,0.1,0,0.1,ROSSO
addestramento_cani,Provincia di Terni,40,0,0.1,0,0.1,ROSSO
addestramento_cani,Provincia di Imperia,30,0,0.1,0,0.0,ROSSO
addestramento_cani,Provincia di Ascoli Piceno,30,0,0.1,0,0.0,ROSSO
addestramento_cani,Provincia di Sondrio,30,0,0.1,0,0.0,ROSSO
addestramento_cani,Provincia di Crotone,30,0,0.1,0,0.0,ROSSO
addestramento_cani,Provincia di Vibo Valentia,30,0,0.1,0,0.0,ROSSO
addestramento_cani,Provincia di Vercelli,10,0,0.0,0,0.0,ROSSO
addestramento_cani,Provincia di Gorizia,10,0,0.0,0,0.0,ROSSO
addestramento_cani,Provincia di Nuoro,10,0,0.0,0,0.0,ROSSO
addestramento_cani,Provincia di Isernia,10,0,0.0,0,0.0,ROSSO
addestramento_cani,Provincia di Biella,10,0,0.0,0,0.0,ROSSO
addestramento_cani,Provincia di Carbonia-Iglesias,10,0,0.0,0,0.0,ROSSO
addestramento_cani,Provincia di Oristano,10,0,0.0,0,0.0,ROSSO
addolcitori,Città metropolitana di Milano,17520,1.19,40.9,10,24.5,VERDE
addolcitori,Città metropolitana di Roma Capitale,12840,1.14,30.0,10,18.0,VERDE
addolcitori,Città Metropolitana di Napoli,8030,1.45,18.7,10,11.2,VERDE
addolcitori,Città Metropolitana di Torino,2830,1.29,6.6,10,4.0,VERDE
addolcitori,Città Metropolitana di Bologna,2760,1.64,6.4,10,3.9,VERDE
addolcitori,Città metropolitana di Palermo,2370,1.01,5.5,10,3.3,VERDE
addolcitori,Città Metropolitana di Firenze,2290,1.41,5.3,10,3.2,VERDE
addolcitori,Provincia di Brescia,2280,1.5,5.3,10,3.2,VERDE
addolcitori,Città Metropolitana di Bari,1760,1.14,4.1,10,2.5,VERDE
addolcitori,Provincia di Caserta,1730,1.47,4.0,10,2.4,VERDE
addolcitori,Città metropolitana di Catania,1630,1.16,3.8,10,2.3,VERDE
addolcitori,Provincia di Salerno,1620,1.35,3.8,10,2.3,VERDE
addolcitori,Provincia di Bergamo,1610,1.99,3.8,10,2.3,VERDE
addolcitori,Provincia di Padova,1450,1.37,3.4,10,2.0,VERDE
addolcitori,Provincia di Verona,1440,1.12,3.4,10,2.0,VERDE
addolcitori,Provincia di Varese,1240,1.4,2.9,10,1.7,VERDE
addolcitori,Provincia di Modena,1150,1.73,2.7,10,1.6,VERDE
addolcitori,Provincia di Monza e della Brianza,1110,1.51,2.6,10,1.6,VERDE
addolcitori,Città Metropolitana di Venezia,960,0.99,2.2,10,1.3,VERDE
addolcitori,Provincia di Vicenza,930,1.6,2.2,10,1.3,VERDE
addolcitori,Provincia di Treviso,880,1.24,2.1,10,1.2,VERDE
addolcitori,Provincia di Perugia,860,1.35,2.0,10,1.2,VERDE
addolcitori,Provincia di Pisa,850,0.95,2.0,10,1.2,VERDE
addolcitori,Provincia di Livorno,840,1.02,2.0,10,1.2,VERDE
addolcitori,Città Metropolitana di Genova,820,1.23,1.9,10,1.1,GIALLO
addolcitori,Provincia di Reggio Emilia,790,1.45,1.8,10,1.1,GIALLO
addolcitori,Città metropolitana di Cagliari,780,2.9,1.8,10,1.1,GIALLO
addolcitori,Provincia di Como,740,1.54,1.7,10,1.0,GIALLO
addolcitori,Provincia di Ancona,690,1.2,1.6,10,1.0,GIALLO
addolcitori,Provincia di Lecce,690,1.5,1.6,10,1.0,GIALLO
addolcitori,Provincia di Parma,690,1.32,1.6,10,1.0,GIALLO
addolcitori,Provincia di Lucca,660,1.25,1.5,10,0.9,GIALLO
addolcitori,Provincia di Frosinone,660,1.19,1.5,10,0.9,GIALLO
addolcitori,Provincia di Latina,660,1.19,1.5,10,0.9,GIALLO
addolcitori,Provincia di Arezzo,600,1.06,1.4,10,0.8,GIALLO
addolcitori,Provincia di Cuneo,570,1.19,1.3,10,0.8,GIALLO
addolcitori,Provincia di Pavia,560,1.35,1.3,10,0.8,GIALLO
addolcitori,Provincia di Rimini,550,1.34,1.3,10,0.8,GIALLO
addolcitori,Città metropolitana di Messina,520,1.08,1.2,10,0.7,GIALLO
addolcitori,Provincia di Cremona,500,1.63,1.2,10,0.7,GIALLO
addolcitori,Provincia di Mantova,500,1.21,1.2,10,0.7,GIALLO
addolcitori,Provincia di Cosenza,500,1.39,1.2,10,0.7,GIALLO
addolcitori,Provincia di Pescara,500,1.09,1.2,10,0.7,GIALLO
addolcitori,Provincia di Taranto,500,1.1,1.2,10,0.7,GIALLO
addolcitori,Città metropolitana di Sassari,490,3.17,1.1,10,0.7,GIALLO
addolcitori,Città metropolitana di Reggio Calabria,430,1.51,1.0,10,0.6,GIALLO
addolcitori,Provincia di Siena,430,1.45,1.0,10,0.6,GIALLO
addolcitori,Provincia di Pesaro e Urbino,420,1.1,1.0,10,0.6,GIALLO
addolcitori,Provincia di Alessandria,390,1.35,0.9,0,0.5,ROSSO
addolcitori,Provincia di Ravenna,390,1.66,0.9,0,0.5,ROSSO
addolcitori,Provincia di Piacenza,380,1.05,0.9,0,0.5,ROSSO
addolcitori,Provincia di Foggia,380,1.2,0.9,0,0.5,ROSSO
addolcitori,Provincia di Avellino,370,1.29,0.9,0,0.5,ROSSO
addolcitori,Provincia di Pistoia,360,1.08,0.8,0,0.5,ROSSO
addolcitori,Provincia di Ferrara,350,1.41,0.8,0,0.5,ROSSO
addolcitori,Provincia di Forlì-Cesena,350,1.77,0.8,0,0.5,ROSSO
addolcitori,Provincia di Novara,350,1.51,0.8,0,0.5,ROSSO
addolcitori,Provincia di Macerata,340,1.14,0.8,0,0.5,ROSSO
addolcitori,Provincia di Trieste,330,1.12,0.8,0,0.5,ROSSO
addolcitori,Provincia di Viterbo,320,1.39,0.7,0,0.4,ROSSO
addolcitori,Provincia di Lecco,320,1.5,0.7,0,0.4,ROSSO
addolcitori,Provincia di Prato,320,1.2,0.7,0,0.4,ROSSO
addolcitori,Provincia di Potenza,310,1.44,0.7,0,0.4,ROSSO
addolcitori,Provincia di Benevento,310,1.52,0.7,0,0.4,ROSSO
addolcitori,Provincia di Brindisi,300,1.22,0.7,0,0.4,ROSSO
addolcitori,Provincia di Chieti,300,1.03,0.7,0,0.4,ROSSO
addolcitori,Provincia di Catanzaro,270,1.2,0.6,0,0.4,ROSSO
addolcitori,Provincia autonoma di Trento,260,0.97,0.6,0,0.4,ROSSO
addolcitori,Provincia di Barletta-Andria-Trani,260,1.09,0.6,0,0.4,ROSSO
addolcitori,Provincia di Terni,250,1.07,0.6,0,0.4,ROSSO
addolcitori,Provincia di Grosseto,250,1.43,0.6,0,0.4,ROSSO
addolcitori,Provincia di Teramo,240,1.39,0.6,0,0.3,ROSSO
addolcitori,Provincia di Pordenone,230,1.8,0.5,0,0.3,ROSSO
addolcitori,Provincia di Lodi,210,1.43,0.5,0,0.3,ROSSO
addolcitori,Provincia dell'Aquila,210,1.24,0.5,0,0.3,ROSSO
addolcitori,Provincia di Rieti,190,1.24,0.4,0,0.3,ROSSO
addolcitori,Provincia di Massa e Carrara,190,1.3,0.4,0,0.3,ROSSO
addolcitori,Provincia di Rovigo,180,0.97,0.4,0,0.3,ROSSO
addolcitori,Provincia di Imperia,180,1.21,0.4,0,0.3,ROSSO
addolcitori,Provincia di Savona,180,1.06,0.4,0,0.3,ROSSO
addolcitori,Provincia della Spezia,170,1.03,0.4,0,0.2,ROSSO
addolcitori,Provincia di Asti,170,3.27,0.4,0,0.2,ROSSO
addolcitori,Provincia di Campobasso,160,1.03,0.4,0,0.2,ROSSO
addolcitori,Provincia di Fermo,150,1.18,0.4,0,0.2,ROSSO
addolcitori,Provincia di Carbonia-Iglesias,140,3.46,0.3,0,0.2,ROSSO
addolcitori,Provincia di Ascoli Piceno,130,1.09,0.3,0,0.2,ROSSO
addolcitori,Provincia di Crotone,120,1.28,0.3,0,0.2,ROSSO
addolcitori,Provincia di Matera,120,1.33,0.3,0,0.2,ROSSO
addolcitori,Provincia di Gorizia,110,1.28,0.3,0,0.2,ROSSO
addolcitori,Provincia autonoma di Bolzano - Alto Adige,110,1.33,0.3,0,0.2,ROSSO
addolcitori,Provincia di Biella,110,1.2,0.3,0,0.2,ROSSO
addolcitori,Provincia di Oristano,100,2.76,0.2,0,0.1,ROSSO
addolcitori,Provincia di Nuoro,100,3.03,0.2,0,0.1,ROSSO
addolcitori,Provincia di Vibo Valentia,90,1.04,0.2,0,0.1,ROSSO
addolcitori,Provincia di Vercelli,80,1.36,0.2,0,0.1,ROSSO
addolcitori,Provincia di Sondrio,70,1.3,0.2,0,0.1,ROSSO
addolcitori,Provincia di Belluno,70,1.32,0.2,0,0.1,ROSSO
addolcitori,Provincia di Isernia,40,1.62,0.1,0,0.1,ROSSO
agenzie_immobiliari,Città metropolitana di Milano,58120,0.42,135.6,10,81.4,VERDE
agenzie_immobiliari,Città metropolitana di Roma Capitale,34650,0.55,80.9,10,48.5,VERDE
agenzie_immobiliari,Città Metropolitana di Torino,14930,0.42,34.8,10,20.9,VERDE
agenzie_immobiliari,Città Metropolitana di Napoli,12750,0.37,29.8,10,17.9,VERDE
agenzie_immobiliari,Città metropolitana di Palermo,10810,0.35,25.2,10,15.1,VERDE
agenzie_immobiliari,Città Metropolitana di Firenze,9160,0.47,21.4,10,12.8,VERDE
agenzie_immobiliari,Città Metropolitana di Bologna,7740,0.56,18.1,10,10.8,VERDE
agenzie_immobiliari,Provincia di Verona,7380,0.33,17.2,10,10.3,VERDE
agenzie_immobiliari,Provincia di Brescia,6920,0.53,16.1,10,9.7,VERDE
agenzie_immobiliari,Provincia di Padova,6530,0.42,15.2,10,9.1,VERDE
agenzie_immobiliari,Città Metropolitana di Bari,6460,0.32,15.1,10,9.0,VERDE
agenzie_immobiliari,Provincia di Vicenza,5950,0.52,13.9,10,8.3,VERDE
agenzie_immobiliari,Provincia di Treviso,5650,0.32,13.2,10,7.9,VERDE
agenzie_immobiliari,Città Metropolitana di Venezia,5620,0.42,13.1,10,7.9,VERDE
agenzie_immobiliari,Provincia di Bergamo,4880,0.39,11.4,10,6.8,VERDE
agenzie_immobiliari,Città metropolitana di Catania,4250,0.32,9.9,10,6.0,VERDE
agenzie_immobiliari,Città Metropolitana di Genova,3750,0.43,8.8,10,5.3,VERDE
agenzie_immobiliari,Provincia di Monza e della Brianza,3530,0.86,8.2,10,4.9,VERDE
agenzie_immobiliari,Provincia di Salerno,3380,0.27,7.9,10,4.7,VERDE
agenzie_immobiliari,Provincia di Varese,3180,0.48,7.4,10,4.5,VERDE
agenzie_immobiliari,Provincia di Caserta,2880,0.31,6.7,10,4.0,VERDE
agenzie_immobiliari,Provincia di Modena,2840,0.35,6.6,10,4.0,VERDE
agenzie_immobiliari,Provincia di Pavia,2690,0.48,6.3,10,3.8,VERDE
agenzie_immobiliari,Provincia di Como,2630,0.48,6.1,10,3.7,VERDE
agenzie_immobiliari,Provincia autonoma di Trento,2580,0.37,6.0,10,3.6,VERDE
agenzie_immobiliari,Provincia di Cuneo,2570,0.46,6.0,10,3.6,VERDE
agenzie_immobiliari,Provincia di Ancona,2410,0.47,5.6,10,3.4,VERDE
agenzie_immobiliari,Provincia di Lucca,2390,0.37,5.6,10,3.3,VERDE
agenzie_immobiliari,Città metropolitana di Cagliari,2280,0.56,5.3,10,3.2,VERDE
agenzie_immobiliari,Provincia di Pisa,2250,0.51,5.3,10,3.2,VERDE
agenzie_immobiliari,Provincia di Parma,2180,0.47,5.1,10,3.1,VERDE
agenzie_immobiliari,Provincia di Lecce,2030,0.32,4.7,10,2.8,VERDE
agenzie_immobiliari,Provincia di Perugia,1760,0.34,4.1,10,2.5,VERDE
agenzie_immobiliari,Provincia di Trieste,1720,0.58,4.0,10,2.4,VERDE
agenzie_immobiliari,Provincia di Pescara,1720,0.45,4.0,10,2.4,VERDE
agenzie_immobiliari,Provincia di Novara,1680,0.45,3.9,10,2.4,VERDE
agenzie_immobiliari,Provincia di Siena,1670,0.52,3.9,10,2.3,VERDE
agenzie_immobiliari,Provincia di Reggio Emilia,1630,0.39,3.8,10,2.3,VERDE
agenzie_immobiliari,Provincia di Rimini,1620,0.51,3.8,10,2.3,VERDE
agenzie_immobiliari,Provincia di Ravenna,1570,0.36,3.7,10,2.2,VERDE
agenzie_immobiliari,Provincia di Forlì-Cesena,1510,0.44,3.5,10,2.1,VERDE
agenzie_immobiliari,Provincia di Livorno,1510,0.4,3.5,10,2.1,VERDE
agenzie_immobiliari,Provincia di Ferrara,1360,0.37,3.2,10,1.9,VERDE
agenzie_immobiliari,Provincia di Latina,1350,0.41,3.2,10,1.9,VERDE
agenzie_immobiliari,Provincia di Pistoia,1320,0.51,3.1,10,1.8,VERDE
agenzie_immobiliari,Provincia di Macerata,1280,0.27,3.0,10,1.8,VERDE
agenzie_immobiliari,Città metropolitana di Messina,1280,0.25,3.0,10,1.8,VERDE
agenzie_immobiliari,Provincia di Mantova,1270,0.32,3.0,10,1.8,VERDE
agenzie_immobiliari,Provincia di Savona,1200,0.5,2.8,10,1.7,VERDE
agenzie_immobiliari,Provincia di Lecco,1200,0.67,2.8,10,1.7,VERDE
agenzie_immobiliari,Provincia di Piacenza,1180,0.36,2.8,10,1.7,VERDE
agenzie_immobiliari,Provincia di Alessandria,1170,0.24,2.7,10,1.6,VERDE
agenzie_immobiliari,Provincia di Cosenza,1110,0.32,2.6,10,1.6,VERDE
agenzie_immobiliari,Provincia di Pesaro e Urbino,1080,0.33,2.5,10,1.5,VERDE
agenzie_immobiliari,Provincia di Teramo,1070,0.31,2.5,10,1.5,VERDE
agenzie_immobiliari,Provincia autonoma di Bolzano - Alto Adige,1060,0.72,2.5,10,1.5,VERDE
agenzie_immobiliari,Provincia di Arezzo,1060,0.27,2.5,10,1.5,VERDE
agenzie_immobiliari,Provincia di Ascoli Piceno,1050,0.18,2.5,10,1.5,VERDE
agenzie_immobiliari,Provincia di Prato,1020,0.57,2.4,10,1.4,VERDE
agenzie_immobiliari,Provincia di Taranto,980,0.33,2.3,10,1.4,VERDE
agenzie_immobiliari,Provincia di Gorizia,970,1.96,2.3,10,1.4,VERDE
agenzie_immobiliari,Provincia di Cremona,930,0.69,2.2,10,1.3,VERDE
agenzie_immobiliari,Provincia di Foggia,920,0.36,2.1,10,1.3,VERDE
agenzie_immobiliari,Provincia di Frosinone,890,0.39,2.1,10,1.2,VERDE
agenzie_immobiliari,Provincia di Pordenone,890,0.77,2.1,10,1.2,VERDE
agenzie_immobiliari,Città metropolitana di Sassari,870,0.61,2.0,10,1.2,VERDE
agenzie_immobiliari,Provincia di Brindisi,850,0.28,2.0,10,1.2,VERDE
agenzie_immobiliari,Provincia di Chieti,790,0.3,1.8,10,1.1,GIALLO
agenzie_immobiliari,Provincia di Viterbo,750,0.5,1.8,10,1.1,GIALLO
agenzie_immobiliari,Provincia di Fermo,750,0.31,1.8,10,1.1,GIALLO
agenzie_immobiliari,Provincia di Grosseto,700,0.51,1.6,10,1.0,GIALLO
agenzie_immobiliari,Provincia di Avellino,680,0.37,1.6,10,1.0,GIALLO
agenzie_immobiliari,Città metropolitana di Reggio Calabria,650,0.56,1.5,10,0.9,GIALLO
agenzie_immobiliari,Provincia di Imperia,650,0.36,1.5,10,0.9,GIALLO
agenzie_immobiliari,Provincia di Lodi,630,0.4,1.5,10,0.9,GIALLO
agenzie_immobiliari,Provincia di Rovigo,630,0.23,1.5,10,0.9,GIALLO
agenzie_immobiliari,Provincia di Barletta-Andria-Trani,620,0.29,1.4,10,0.9,GIALLO
agenzie_immobiliari,Provincia della Spezia,610,0.5,1.4,10,0.9,GIALLO
agenzie_immobiliari,Provincia di Massa e Carrara,530,0.51,1.2,10,0.7,GIALLO
agenzie_immobiliari,Provincia di Sondrio,520,0.38,1.2,10,0.7,GIALLO
agenzie_immobiliari,Provincia dell'Aquila,480,0.45,1.1,10,0.7,GIALLO
agenzie_immobiliari,Provincia di Belluno,470,0.39,1.1,10,0.7,GIALLO
agenzie_immobiliari,Provincia di Terni,460,0.76,1.1,10,0.6,GIALLO
agenzie_immobiliari,Provincia di Campobasso,460,0.52,1.1,10,0.6,GIALLO
agenzie_immobiliari,Provincia di Asti,410,0.49,1.0,10,0.6,GIALLO
agenzie_immobiliari,Provincia di Potenza,400,0.36,0.9,0,0.6,ROSSO
agenzie_immobiliari,Provincia di Catanzaro,390,0.24,0.9,0,0.5,ROSSO
agenzie_immobiliari,Provincia di Benevento,390,0.38,0.9,0,0.5,ROSSO
agenzie_immobiliari,Provincia di Vercelli,370,0.62,0.9,0,0.5,ROSSO
agenzie_immobiliari,Provincia di Nuoro,370,1.01,0.9,0,0.5,ROSSO
agenzie_immobiliari,Provincia di Biella,340,1.21,0.8,0,0.5,ROSSO
agenzie_immobiliari,Provincia di Rieti,330,0.51,0.8,0,0.5,ROSSO
agenzie_immobiliari,Provincia di Matera,220,0.37,0.5,0,0.3,ROSSO
agenzie_immobiliari,Provincia di Carbonia-Iglesias,180,1.84,0.4,0,0.3,ROSSO
agenzie_immobiliari,Provincia di Oristano,170,0.26,0.4,0,0.2,ROSSO
agenzie_immobiliari,Provincia di Crotone,110,1.38,0.3,0,0.2,ROSSO
agenzie_immobiliari,Provincia di Vibo Valentia,100,1.48,0.2,0,0.1,ROSSO
agenzie_immobiliari,Provincia di Isernia,90,0.64,0.2,0,0.1,ROSSO
allarmi_videosorv,Città metropolitana di Milano,9340,4.44,21.8,25,13.1,VERDE
allarmi_videosorv,Città metropolitana di Roma Capitale,4830,4.17,11.3,25,6.8,VERDE
allarmi_videosorv,Città Metropolitana di Torino,2390,4.55,5.6,25,3.3,VERDE
allarmi_videosorv,Città Metropolitana di Napoli,2310,4.52,5.4,24,3.2,VERDE
allarmi_videosorv,Città Metropolitana di Bologna,860,5.47,2.0,11,1.2,VERDE
allarmi_videosorv,Provincia di Monza e della Brianza,740,4.53,1.7,10,1.0,GIALLO
allarmi_videosorv,Provincia di Brescia,730,4.48,1.7,10,1.0,GIALLO
allarmi_videosorv,Provincia di Varese,730,4.66,1.7,10,1.0,GIALLO
allarmi_videosorv,Città Metropolitana di Bari,720,3.88,1.7,10,1.0,GIALLO
allarmi_videosorv,Provincia di Bergamo,700,4.25,1.6,10,1.0,GIALLO
allarmi_videosorv,Città Metropolitana di Firenze,620,4.4,1.4,10,0.9,GIALLO
allarmi_videosorv,Provincia di Padova,600,4.59,1.4,10,0.8,GIALLO
allarmi_videosorv,Provincia di Salerno,590,3.16,1.4,10,0.8,GIALLO
allarmi_videosorv,Provincia di Verona,530,4.7,1.2,10,0.7,GIALLO
allarmi_videosorv,Provincia di Caserta,520,4.56,1.2,10,0.7,GIALLO
allarmi_videosorv,Provincia di Vicenza,460,3.86,1.1,10,0.6,GIALLO
allarmi_videosorv,Città Metropolitana di Venezia,420,4.44,1.0,10,0.6,GIALLO
allarmi_videosorv,Città metropolitana di Catania,400,4.02,0.9,0,0.6,ROSSO
allarmi_videosorv,Città metropolitana di Palermo,390,4.51,0.9,0,0.5,ROSSO
allarmi_videosorv,Provincia di Treviso,380,4.21,0.9,0,0.5,ROSSO
allarmi_videosorv,Provincia di Modena,360,4.41,0.8,0,0.5,ROSSO
allarmi_videosorv,Provincia di Chieti,340,3.27,0.8,0,0.5,ROSSO
allarmi_videosorv,Provincia di Como,290,5.02,0.7,0,0.4,ROSSO
allarmi_videosorv,Città Metropolitana di Genova,280,3.5,0.7,0,0.4,ROSSO
allarmi_videosorv,Provincia di Pavia,280,5.96,0.7,0,0.4,ROSSO
allarmi_videosorv,Provincia di Latina,210,5.4,0.5,0,0.3,ROSSO
allarmi_videosorv,Provincia di Cuneo,210,3.31,0.5,0,0.3,ROSSO
allarmi_videosorv,Provincia di Novara,200,4.41,0.5,0,0.3,ROSSO
allarmi_videosorv,Provincia di Mantova,200,5.16,0.5,0,0.3,ROSSO
allarmi_videosorv,Provincia di Avellino,190,3.38,0.4,0,0.3,ROSSO
allarmi_videosorv,Provincia di Lecce,190,3.41,0.4,0,0.3,ROSSO
allarmi_videosorv,Provincia di Ancona,190,4.56,0.4,0,0.3,ROSSO
allarmi_videosorv,Provincia di Perugia,180,4.21,0.4,0,0.3,ROSSO
allarmi_videosorv,Provincia di Lecco,180,3.87,0.4,0,0.3,ROSSO
allarmi_videosorv,Provincia di Reggio Emilia,180,5.86,0.4,0,0.3,ROSSO
allarmi_videosorv,Provincia di Alessandria,180,4.46,0.4,0,0.3,ROSSO
allarmi_videosorv,Provincia di Rimini,180,5.91,0.4,0,0.3,ROSSO
allarmi_videosorv,Città metropolitana di Cagliari,170,1.95,0.4,0,0.2,ROSSO
allarmi_videosorv,Provincia di Taranto,160,3.5,0.4,0,0.2,ROSSO
allarmi_videosorv,Provincia di Forlì-Cesena,160,5.87,0.4,0,0.2,ROSSO
allarmi_videosorv,Provincia autonoma di Trento,150,4.0,0.4,0,0.2,ROSSO
allarmi_videosorv,Provincia di Frosinone,150,3.04,0.4,0,0.2,ROSSO
allarmi_videosorv,Provincia di Foggia,140,0.97,0.3,0,0.2,ROSSO
allarmi_videosorv,Provincia di Lucca,130,4.89,0.3,0,0.2,ROSSO
allarmi_videosorv,Provincia di Pescara,130,2.98,0.3,0,0.2,ROSSO
allarmi_videosorv,Provincia di Parma,130,5.14,0.3,0,0.2,ROSSO
allarmi_videosorv,Provincia di Cosenza,130,1.3,0.3,0,0.2,ROSSO
allarmi_videosorv,Provincia di Trieste,130,3.22,0.3,0,0.2,ROSSO
allarmi_videosorv,Provincia di Pisa,110,4.16,0.3,0,0.2,ROSSO
allarmi_videosorv,Provincia di Ferrara,110,4.96,0.3,0,0.2,ROSSO
allarmi_videosorv,Provincia di Prato,90,4.96,0.2,0,0.1,ROSSO
allarmi_videosorv,Città metropolitana di Reggio Calabria,90,3.46,0.2,0,0.1,ROSSO
allarmi_videosorv,Provincia di Cremona,90,4.69,0.2,0,0.1,ROSSO
allarmi_videosorv,Provincia di Viterbo,90,4.85,0.2,0,0.1,ROSSO
allarmi_videosorv,Provincia di Siena,90,5.99,0.2,0,0.1,ROSSO
allarmi_videosorv,Provincia dell'Aquila,90,3.4,0.2,0,0.1,ROSSO
allarmi_videosorv,Provincia di Ravenna,80,3.95,0.2,0,0.1,ROSSO
allarmi_videosorv,Provincia di Grosseto,80,4.16,0.2,0,0.1,ROSSO
allarmi_videosorv,Provincia di Rovigo,80,3.15,0.2,0,0.1,ROSSO
allarmi_videosorv,Provincia di Lodi,80,8.42,0.2,0,0.1,ROSSO
allarmi_videosorv,Provincia di Biella,70,3.66,0.2,0,0.1,ROSSO
allarmi_videosorv,Provincia di Brindisi,70,3.97,0.2,0,0.1,ROSSO
allarmi_videosorv,Provincia di Savona,70,2.96,0.2,0,0.1,ROSSO
allarmi_videosorv,Provincia di Potenza,70,3.99,0.2,0,0.1,ROSSO
allarmi_videosorv,Provincia di Asti,70,3.23,0.2,0,0.1,ROSSO
allarmi_videosorv,Provincia di Pistoia,60,2.77,0.1,0,0.1,ROSSO
allarmi_videosorv,Provincia di Benevento,60,1.77,0.1,0,0.1,ROSSO
allarmi_videosorv,Provincia di Livorno,60,8.95,0.1,0,0.1,ROSSO
allarmi_videosorv,Città metropolitana di Sassari,60,1.76,0.1,0,0.1,ROSSO
allarmi_videosorv,Provincia di Terni,60,3.8,0.1,0,0.1,ROSSO
allarmi_videosorv,Provincia di Pordenone,60,4.02,0.1,0,0.1,ROSSO
allarmi_videosorv,Provincia di Pesaro e Urbino,60,4.26,0.1,0,0.1,ROSSO
allarmi_videosorv,Provincia di Barletta-Andria-Trani,60,4.34,0.1,0,0.1,ROSSO
allarmi_videosorv,Provincia autonoma di Bolzano - Alto Adige,60,1.3,0.1,0,0.1,ROSSO
allarmi_videosorv,Provincia di Arezzo,50,5.1,0.1,0,0.1,ROSSO
allarmi_videosorv,Città metropolitana di Messina,50,6.73,0.1,0,0.1,ROSSO
allarmi_videosorv,Provincia di Macerata,50,6.08,0.1,0,0.1,ROSSO
allarmi_videosorv,Provincia di Matera,40,4.36,0.1,0,0.1,ROSSO
allarmi_videosorv,Provincia di Ascoli Piceno,40,4.39,0.1,0,0.1,ROSSO
allarmi_videosorv,Provincia di Teramo,40,4.07,0.1,0,0.1,ROSSO
allarmi_videosorv,Provincia di Piacenza,40,7.24,0.1,0,0.1,ROSSO
allarmi_videosorv,Provincia di Rieti,30,4.35,0.1,0,0.0,ROSSO
allarmi_videosorv,Provincia della Spezia,30,4.46,0.1,0,0.0,ROSSO
allarmi_videosorv,Provincia di Vibo Valentia,30,1.67,0.1,0,0.0,ROSSO
allarmi_videosorv,Provincia di Catanzaro,30,1.77,0.1,0,0.0,ROSSO
allarmi_videosorv,Provincia di Vercelli,30,4.12,0.1,0,0.0,ROSSO
allarmi_videosorv,Provincia di Sondrio,30,5.16,0.1,0,0.0,ROSSO
allarmi_videosorv,Provincia di Carbonia-Iglesias,30,1.47,0.1,0,0.0,ROSSO
allarmi_videosorv,Provincia di Gorizia,20,3.9,0.0,0,0.0,ROSSO
allarmi_videosorv,Provincia di Fermo,20,0.27,0.0,0,0.0,ROSSO
allarmi_videosorv,Provincia di Imperia,20,4.04,0.0,0,0.0,ROSSO
allarmi_videosorv,Provincia di Belluno,20,3.75,0.0,0,0.0,ROSSO
allarmi_videosorv,Provincia di Isernia,10,0,0.0,0,0.0,ROSSO
allarmi_videosorv,Provincia di Massa e Carrara,10,0,0.0,0,0.0,ROSSO
allarmi_videosorv,Provincia di Campobasso,10,0,0.0,0,0.0,ROSSO
allarmi_videosorv,Provincia di Oristano,10,0,0.0,0,0.0,ROSSO
allarmi_videosorv,Provincia di Crotone,10,0,0.0,0,0.0,ROSSO
allarmi_videosorv,Provincia di Nuoro,10,0,0.0,0,0.0,ROSSO
allestimento_lavoro,Città metropolitana di Milano,9580,0.33,22.4,10,13.4,VERDE
allestimento_lavoro,Città metropolitana di Roma Capitale,4220,0.52,9.8,10,5.9,VERDE
allestimento_lavoro,Città Metropolitana di Bari,2020,0.2,4.7,10,2.8,VERDE
allestimento_lavoro,Città Metropolitana di Torino,1820,0.23,4.2,10,2.5,VERDE
allestimento_lavoro,Città Metropolitana di Napoli,1180,0.15,2.8,10,1.7,VERDE
allestimento_lavoro,Città Metropolitana di Bologna,1160,0.32,2.7,10,1.6,VERDE
allestimento_lavoro,Provincia di Brescia,1010,0.54,2.4,10,1.4,VERDE
allestimento_lavoro,Provincia di Vicenza,990,0.56,2.3,10,1.4,VERDE
allestimento_lavoro,Provincia di Padova,980,0.26,2.3,10,1.4,VERDE
allestimento_lavoro,Città metropolitana di Palermo,980,0.09,2.3,10,1.4,VERDE
allestimento_lavoro,Città metropolitana di Cagliari,960,0.45,2.2,10,1.3,VERDE
allestimento_lavoro,Città Metropolitana di Firenze,960,0.32,2.2,10,1.3,VERDE
allestimento_lavoro,Provincia di Verona,820,0.14,1.9,10,1.1,GIALLO
allestimento_lavoro,Provincia di Trieste,750,0.1,1.8,10,1.1,GIALLO
allestimento_lavoro,Città Metropolitana di Venezia,560,0.18,1.3,10,0.8,GIALLO
allestimento_lavoro,Città metropolitana di Catania,560,0.14,1.3,10,0.8,GIALLO
allestimento_lavoro,Provincia di Bergamo,500,0.42,1.2,10,0.7,GIALLO
allestimento_lavoro,Provincia di Prato,490,0.44,1.1,10,0.7,GIALLO
allestimento_lavoro,Provincia di Lecce,450,0.17,1.1,10,0.6,GIALLO
allestimento_lavoro,Provincia di Cuneo,440,0.36,1.0,10,0.6,GIALLO
allestimento_lavoro,Provincia di Salerno,440,0.29,1.0,10,0.6,GIALLO
allestimento_lavoro,Provincia di Treviso,420,0.54,1.0,10,0.6,GIALLO
allestimento_lavoro,Provincia di Taranto,420,0.1,1.0,10,0.6,GIALLO
allestimento_lavoro,Provincia autonoma di Trento,380,0.75,0.9,0,0.5,ROSSO
allestimento_lavoro,Città Metropolitana di Genova,370,0.44,0.9,0,0.5,ROSSO
allestimento_lavoro,Provincia di Brindisi,350,0.07,0.8,0,0.5,ROSSO
allestimento_lavoro,Provincia di Pescara,350,0,0.8,0,0.5,ROSSO
allestimento_lavoro,Provincia di Caserta,330,0.11,0.8,0,0.5,ROSSO
allestimento_lavoro,Provincia di Monza e della Brianza,310,0.29,0.7,0,0.4,ROSSO
allestimento_lavoro,Provincia di Cosenza,300,0.12,0.7,0,0.4,ROSSO
allestimento_lavoro,Città metropolitana di Sassari,300,0.08,0.7,0,0.4,ROSSO
allestimento_lavoro,Provincia di Mantova,290,0.47,0.7,0,0.4,ROSSO
allestimento_lavoro,Provincia di Ancona,290,0.08,0.7,0,0.4,ROSSO
allestimento_lavoro,Provincia di Gorizia,270,0.09,0.6,0,0.4,ROSSO
allestimento_lavoro,Provincia di Varese,260,0.12,0.6,0,0.4,ROSSO
allestimento_lavoro,Provincia di Como,260,0.24,0.6,0,0.4,ROSSO
allestimento_lavoro,Provincia di Potenza,250,0,0.6,0,0.4,ROSSO
allestimento_lavoro,Provincia autonoma di Bolzano - Alto Adige,250,0.29,0.6,0,0.4,ROSSO
allestimento_lavoro,Città metropolitana di Reggio Calabria,240,0,0.6,0,0.3,ROSSO
allestimento_lavoro,Provincia di Foggia,240,0,0.6,0,0.3,ROSSO
allestimento_lavoro,Provincia di Pisa,240,0.22,0.6,0,0.3,ROSSO
allestimento_lavoro,Provincia di Avellino,220,0.08,0.5,0,0.3,ROSSO
allestimento_lavoro,Provincia di Novara,210,1.04,0.5,0,0.3,ROSSO
allestimento_lavoro,Provincia di Modena,210,0.1,0.5,0,0.3,ROSSO
allestimento_lavoro,Provincia di Reggio Emilia,210,1.15,0.5,0,0.3,ROSSO
allestimento_lavoro,Provincia di Frosinone,210,0.26,0.5,0,0.3,ROSSO
allestimento_lavoro,Provincia di Perugia,210,0,0.5,0,0.3,ROSSO
allestimento_lavoro,Provincia di Pordenone,200,0.1,0.5,0,0.3,ROSSO
allestimento_lavoro,Provincia di Chieti,200,0.09,0.5,0,0.3,ROSSO
allestimento_lavoro,Provincia di Parma,170,0,0.4,0,0.2,ROSSO
allestimento_lavoro,Provincia di Cremona,170,0,0.4,0,0.2,ROSSO
allestimento_lavoro,Provincia di Macerata,170,0,0.4,0,0.2,ROSSO
allestimento_lavoro,Provincia di Alessandria,170,0,0.4,0,0.2,ROSSO
allestimento_lavoro,Provincia di Livorno,170,0,0.4,0,0.2,ROSSO
allestimento_lavoro,Provincia di Lucca,170,0,0.4,0,0.2,ROSSO
allestimento_lavoro,Provincia di Rimini,170,0,0.4,0,0.2,ROSSO
allestimento_lavoro,Città metropolitana di Messina,170,0,0.4,0,0.2,ROSSO
allestimento_lavoro,Provincia di Pesaro e Urbino,170,0,0.4,0,0.2,ROSSO
allestimento_lavoro,Provincia di Siena,150,0,0.4,0,0.2,ROSSO
allestimento_lavoro,Provincia di Barletta-Andria-Trani,150,0,0.4,0,0.2,ROSSO
allestimento_lavoro,Provincia di Latina,140,0,0.3,0,0.2,ROSSO
allestimento_lavoro,Provincia di Pavia,140,0.18,0.3,0,0.2,ROSSO
allestimento_lavoro,Provincia di Belluno,130,0.61,0.3,0,0.2,ROSSO
allestimento_lavoro,Provincia di Forlì-Cesena,130,2.4,0.3,0,0.2,ROSSO
allestimento_lavoro,Provincia di Ravenna,130,0.91,0.3,0,0.2,ROSSO
allestimento_lavoro,Provincia dell'Aquila,120,0.12,0.3,0,0.2,ROSSO
allestimento_lavoro,Provincia di Catanzaro,120,0,0.3,0,0.2,ROSSO
allestimento_lavoro,Provincia di Oristano,120,0,0.3,0,0.2,ROSSO
allestimento_lavoro,Provincia di Lecco,120,0,0.3,0,0.2,ROSSO
allestimento_lavoro,Provincia di Lodi,120,0,0.3,0,0.2,ROSSO
allestimento_lavoro,Provincia di Nuoro,100,0,0.2,0,0.1,ROSSO
allestimento_lavoro,Provincia di Viterbo,100,0,0.2,0,0.1,ROSSO
allestimento_lavoro,Provincia di Campobasso,100,0,0.2,0,0.1,ROSSO
allestimento_lavoro,Provincia di Vercelli,100,0,0.2,0,0.1,ROSSO
allestimento_lavoro,Provincia di Ascoli Piceno,100,0.22,0.2,0,0.1,ROSSO
allestimento_lavoro,Provincia di Arezzo,80,0.18,0.2,0,0.1,ROSSO
allestimento_lavoro,Provincia di Benevento,80,0,0.2,0,0.1,ROSSO
allestimento_lavoro,Provincia di Carbonia-Iglesias,80,0,0.2,0,0.1,ROSSO
allestimento_lavoro,Provincia di Asti,80,0,0.2,0,0.1,ROSSO
allestimento_lavoro,Provincia di Teramo,80,0,0.2,0,0.1,ROSSO
allestimento_lavoro,Provincia di Rovigo,80,0,0.2,0,0.1,ROSSO
allestimento_lavoro,Provincia di Sondrio,70,0.21,0.2,0,0.1,ROSSO
allestimento_lavoro,Provincia di Savona,70,0,0.2,0,0.1,ROSSO
allestimento_lavoro,Provincia di Ferrara,60,0,0.1,0,0.1,ROSSO
allestimento_lavoro,Provincia di Massa e Carrara,60,0,0.1,0,0.1,ROSSO
allestimento_lavoro,Provincia di Grosseto,60,0.12,0.1,0,0.1,ROSSO
allestimento_lavoro,Provincia di Piacenza,60,0,0.1,0,0.1,ROSSO
allestimento_lavoro,Provincia di Fermo,60,0.1,0.1,0,0.1,ROSSO
allestimento_lavoro,Provincia di Imperia,60,0.39,0.1,0,0.1,ROSSO
allestimento_lavoro,Provincia di Matera,50,0,0.1,0,0.1,ROSSO
allestimento_lavoro,Provincia di Pistoia,50,0,0.1,0,0.1,ROSSO
allestimento_lavoro,Provincia di Crotone,40,0,0.1,0,0.1,ROSSO
allestimento_lavoro,Provincia di Biella,40,0,0.1,0,0.1,ROSSO
allestimento_lavoro,Provincia della Spezia,40,0,0.1,0,0.1,ROSSO
allestimento_lavoro,Provincia di Terni,40,0,0.1,0,0.1,ROSSO
allestimento_lavoro,Provincia di Vibo Valentia,30,0,0.1,0,0.0,ROSSO
allestimento_lavoro,Provincia di Isernia,30,0,0.1,0,0.0,ROSSO
allestimento_lavoro,Provincia di Rieti,30,0,0.1,0,0.0,ROSSO
allestimento_negozi,Città metropolitana di Milano,35110,0.72,81.9,10,49.2,VERDE
allestimento_negozi,Città metropolitana di Roma Capitale,22920,0.63,53.5,10,32.1,VERDE
allestimento_negozi,Città Metropolitana di Napoli,10370,0.71,24.2,10,14.5,VERDE
allestimento_negozi,Città Metropolitana di Torino,7080,0.68,16.5,10,9.9,VERDE
allestimento_negozi,Città Metropolitana di Bologna,4160,0.59,9.7,10,5.8,VERDE
allestimento_negozi,Città Metropolitana di Bari,4090,0.57,9.5,10,5.7,VERDE
allestimento_negozi,Provincia di Salerno,3720,0.58,8.7,10,5.2,VERDE
allestimento_negozi,Città Metropolitana di Firenze,3280,0.63,7.7,10,4.6,VERDE
allestimento_negozi,Provincia di Brescia,3160,0.68,7.4,10,4.4,VERDE
allestimento_negozi,Città metropolitana di Palermo,2950,0.53,6.9,10,4.1,VERDE
allestimento_negozi,Provincia di Bergamo,2850,0.81,6.7,10,4.0,VERDE
allestimento_negozi,Provincia di Padova,2600,0.8,6.1,10,3.6,VERDE
allestimento_negozi,Provincia di Monza e della Brianza,2470,0.8,5.8,10,3.5,VERDE
allestimento_negozi,Provincia di Verona,2440,0.67,5.7,10,3.4,VERDE
allestimento_negozi,Provincia di Vicenza,2340,0.71,5.5,10,3.3,VERDE
allestimento_negozi,Città metropolitana di Catania,2290,0.49,5.3,10,3.2,VERDE
allestimento_negozi,Provincia di Caserta,2230,0.74,5.2,10,3.1,VERDE
allestimento_negozi,Provincia di Varese,2190,0.81,5.1,10,3.1,VERDE
allestimento_negozi,Provincia di Treviso,1940,0.85,4.5,10,2.7,VERDE
allestimento_negozi,Città Metropolitana di Venezia,1890,0.81,4.4,10,2.6,VERDE
allestimento_negozi,Città Metropolitana di Genova,1580,0.52,3.7,10,2.2,VERDE
allestimento_negozi,Provincia di Modena,1540,0.68,3.6,10,2.2,VERDE
allestimento_negozi,Provincia di Como,1400,0.78,3.3,10,2.0,VERDE
allestimento_negozi,Provincia di Lecce,1310,0.71,3.1,10,1.8,VERDE
allestimento_negozi,Città metropolitana di Cagliari,1240,0.56,2.9,10,1.7,VERDE
allestimento_negozi,Provincia di Pescara,1130,1.01,2.6,10,1.6,VERDE
allestimento_negozi,Provincia di Perugia,1010,0.6,2.4,10,1.4,VERDE
allestimento_negozi,Provincia di Taranto,960,0.56,2.2,10,1.3,VERDE
allestimento_negozi,Provincia di Ancona,950,0.74,2.2,10,1.3,VERDE
allestimento_negozi,Provincia di Cuneo,930,0.69,2.2,10,1.3,VERDE
allestimento_negozi,Provincia autonoma di Trento,880,0.71,2.1,10,1.2,VERDE
allestimento_negozi,Provincia di Reggio Emilia,880,0.76,2.1,10,1.2,VERDE
allestimento_negozi,Provincia di Cremona,840,0.61,2.0,10,1.2,VERDE
allestimento_negozi,Provincia di Pavia,840,0.82,2.0,10,1.2,VERDE
allestimento_negozi,Provincia di Novara,800,0.78,1.9,10,1.1,GIALLO
allestimento_negozi,Provincia di Latina,750,0.64,1.8,10,1.1,GIALLO
allestimento_negozi,Provincia di Foggia,720,0.6,1.7,10,1.0,GIALLO
allestimento_negozi,Provincia di Parma,710,0.69,1.7,10,1.0,GIALLO
allestimento_negozi,Provincia di Cosenza,690,0.69,1.6,10,1.0,GIALLO
allestimento_negozi,Provincia di Pisa,690,0.89,1.6,10,1.0,GIALLO
allestimento_negozi,Provincia di Avellino,680,0.57,1.6,10,1.0,GIALLO
allestimento_negozi,Provincia di Rimini,680,0.69,1.6,10,1.0,GIALLO
allestimento_negozi,Città metropolitana di Reggio Calabria,660,0.57,1.5,10,0.9,GIALLO
allestimento_negozi,Provincia di Trieste,610,0.53,1.4,10,0.9,GIALLO
allestimento_negozi,Provincia di Mantova,610,0.71,1.4,10,0.9,GIALLO
allestimento_negozi,Provincia di Pesaro e Urbino,610,1.04,1.4,10,0.9,GIALLO
allestimento_negozi,Provincia di Brindisi,590,0.57,1.4,10,0.8,GIALLO
allestimento_negozi,Provincia di Lucca,580,0.79,1.4,10,0.8,GIALLO
allestimento_negozi,Città metropolitana di Sassari,580,0.52,1.4,10,0.8,GIALLO
allestimento_negozi,Città metropolitana di Messina,570,0.52,1.3,10,0.8,GIALLO
allestimento_negozi,Provincia di Lecco,570,0.86,1.3,10,0.8,GIALLO
allestimento_negozi,Provincia di Potenza,500,0.54,1.2,10,0.7,GIALLO
allestimento_negozi,Provincia di Ravenna,500,0.78,1.2,10,0.7,GIALLO
allestimento_negozi,Provincia di Pordenone,480,0.63,1.1,10,0.7,GIALLO
allestimento_negozi,Provincia di Chieti,480,0.98,1.1,10,0.7,GIALLO
allestimento_negozi,Provincia di Frosinone,430,0.74,1.0,10,0.6,GIALLO
allestimento_negozi,Provincia di Forlì-Cesena,400,0.78,0.9,0,0.6,ROSSO
allestimento_negozi,Provincia di Alessandria,400,0.75,0.9,0,0.6,ROSSO
allestimento_negozi,Provincia di Arezzo,380,0.76,0.9,0,0.5,ROSSO
allestimento_negozi,Provincia autonoma di Bolzano - Alto Adige,370,0.92,0.9,0,0.5,ROSSO
allestimento_negozi,Provincia di Livorno,370,0.77,0.9,0,0.5,ROSSO
allestimento_negozi,Provincia di Ferrara,360,0.56,0.8,0,0.5,ROSSO
allestimento_negozi,Provincia di Teramo,360,0.68,0.8,0,0.5,ROSSO
allestimento_negozi,Provincia di Barletta-Andria-Trani,350,0.58,0.8,0,0.5,ROSSO
allestimento_negozi,Provincia di Macerata,340,0.68,0.8,0,0.5,ROSSO
allestimento_negozi,Provincia dell'Aquila,340,0.52,0.8,0,0.5,ROSSO
allestimento_negozi,Provincia di Pistoia,320,0.82,0.7,0,0.4,ROSSO
allestimento_negozi,Provincia di Catanzaro,310,0.62,0.7,0,0.4,ROSSO
allestimento_negozi,Provincia di Piacenza,300,0.92,0.7,0,0.4,ROSSO
allestimento_negozi,Provincia di Viterbo,290,0.51,0.7,0,0.4,ROSSO
allestimento_negozi,Provincia di Savona,280,0.57,0.7,0,0.4,ROSSO
allestimento_negozi,Provincia di Prato,280,0.85,0.7,0,0.4,ROSSO
allestimento_negozi,Provincia di Campobasso,270,0.32,0.6,0,0.4,ROSSO
allestimento_negozi,Provincia di Lodi,270,0.97,0.6,0,0.4,ROSSO
allestimento_negozi,Provincia di Siena,250,0.66,0.6,0,0.4,ROSSO
allestimento_negozi,Provincia di Benevento,210,0.72,0.5,0,0.3,ROSSO
allestimento_negozi,Provincia di Ascoli Piceno,180,1.32,0.4,0,0.3,ROSSO
allestimento_negozi,Provincia di Fermo,170,0.59,0.4,0,0.2,ROSSO
allestimento_negozi,Provincia di Rovigo,170,0.5,0.4,0,0.2,ROSSO
allestimento_negozi,Provincia di Sondrio,160,0.54,0.4,0,0.2,ROSSO
allestimento_negozi,Provincia di Grosseto,150,0.47,0.4,0,0.2,ROSSO
allestimento_negozi,Provincia di Matera,140,0.52,0.3,0,0.2,ROSSO
allestimento_negozi,Provincia di Imperia,140,0.59,0.3,0,0.2,ROSSO
allestimento_negozi,Provincia di Belluno,130,0.72,0.3,0,0.2,ROSSO
allestimento_negozi,Provincia di Crotone,120,0.61,0.3,0,0.2,ROSSO
allestimento_negozi,Provincia di Massa e Carrara,120,0.52,0.3,0,0.2,ROSSO
allestimento_negozi,Provincia di Biella,110,0.7,0.3,0,0.2,ROSSO
allestimento_negozi,Provincia della Spezia,110,0.49,0.3,0,0.2,ROSSO
allestimento_negozi,Provincia di Carbonia-Iglesias,90,0.41,0.2,0,0.1,ROSSO
allestimento_negozi,Provincia di Vercelli,90,0.66,0.2,0,0.1,ROSSO
allestimento_negozi,Provincia di Rieti,90,0.38,0.2,0,0.1,ROSSO
allestimento_negozi,Provincia di Terni,90,0.67,0.2,0,0.1,ROSSO
allestimento_negozi,Provincia di Nuoro,80,0.7,0.2,0,0.1,ROSSO
allestimento_negozi,Provincia di Vibo Valentia,80,1.22,0.2,0,0.1,ROSSO
allestimento_negozi,Provincia di Gorizia,70,0.57,0.2,0,0.1,ROSSO
allestimento_negozi,Provincia di Asti,70,0.9,0.2,0,0.1,ROSSO
allestimento_negozi,Provincia di Isernia,60,0.43,0.1,0,0.1,ROSSO
allestimento_negozi,Provincia di Oristano,50,0.46,0.1,0,0.1,ROSSO
antincendio,Città metropolitana di Milano,910,1.37,2.1,10,1.3,VERDE
antincendio,Città metropolitana di Roma Capitale,490,0.97,1.1,10,0.7,GIALLO
antincendio,Città Metropolitana di Napoli,120,1.34,0.3,0,0.2,ROSSO
antincendio,Città Metropolitana di Torino,100,1.48,0.2,0,0.1,ROSSO
antincendio,Provincia di Padova,40,2.2,0.1,0,0.1,ROSSO
antincendio,Provincia di Varese,30,2.34,0.1,0,0.0,ROSSO
antincendio,Provincia di Pistoia,30,1.49,0.1,0,0.0,ROSSO
antincendio,Provincia di Grosseto,30,1.84,0.1,0,0.0,ROSSO
antincendio,Città Metropolitana di Venezia,30,0.81,0.1,0,0.0,ROSSO
antincendio,Città Metropolitana di Firenze,30,1.58,0.1,0,0.0,ROSSO
antincendio,Provincia di Brescia,30,2.48,0.1,0,0.0,ROSSO
antincendio,Città Metropolitana di Bologna,30,0,0.1,0,0.0,ROSSO
antincendio,Città metropolitana di Catania,30,0,0.1,0,0.0,ROSSO
antincendio,Provincia di Verona,20,1.5,0.0,0,0.0,ROSSO
antincendio,Provincia di Pesaro e Urbino,20,2.26,0.0,0,0.0,ROSSO
antincendio,Città metropolitana di Cagliari,20,0.73,0.0,0,0.0,ROSSO
antincendio,Provincia di Treviso,20,1.86,0.0,0,0.0,ROSSO
antincendio,Provincia autonoma di Trento,20,0.71,0.0,0,0.0,ROSSO
antincendio,Provincia di Livorno,20,1.01,0.0,0,0.0,ROSSO
antincendio,Provincia di Lecco,20,2.29,0.0,0,0.0,ROSSO
antincendio,Provincia di Vicenza,20,0.82,0.0,0,0.0,ROSSO
antincendio,Provincia di Lucca,20,0.66,0.0,0,0.0,ROSSO
antincendio,Provincia di Bergamo,20,1.24,0.0,0,0.0,ROSSO
antincendio,Provincia di Reggio Emilia,20,1.86,0.0,0,0.0,ROSSO
antincendio,Provincia di Monza e della Brianza,20,7.44,0.0,0,0.0,ROSSO
antincendio,Provincia di Caserta,20,0.86,0.0,0,0.0,ROSSO
antincendio,Provincia di Teramo,10,0,0.0,0,0.0,ROSSO
antincendio,Provincia di Parma,10,0,0.0,0,0.0,ROSSO
antincendio,Provincia di Oristano,10,0,0.0,0,0.0,ROSSO
antincendio,Provincia di Cuneo,10,0,0.0,0,0.0,ROSSO
antincendio,Provincia di Campobasso,10,0,0.0,0,0.0,ROSSO
antincendio,Provincia di Nuoro,10,0,0.0,0,0.0,ROSSO
antincendio,Provincia di Ascoli Piceno,10,0,0.0,0,0.0,ROSSO
antincendio,Provincia di Macerata,10,0,0.0,0,0.0,ROSSO
antincendio,Provincia di Barletta-Andria-Trani,10,0,0.0,0,0.0,ROSSO
antincendio,Provincia di Taranto,10,0,0.0,0,0.0,ROSSO
antincendio,Provincia di Frosinone,10,0,0.0,0,0.0,ROSSO
antincendio,Provincia di Pescara,10,0,0.0,0,0.0,ROSSO
antincendio,Provincia di Perugia,10,0,0.0,0,0.0,ROSSO
antincendio,Provincia di Gorizia,10,0,0.0,0,0.0,ROSSO
antincendio,Provincia di Piacenza,10,0,0.0,0,0.0,ROSSO
antincendio,Provincia di Forlì-Cesena,10,0,0.0,0,0.0,ROSSO
antincendio,Provincia di Rovigo,10,0,0.0,0,0.0,ROSSO
antincendio,Città metropolitana di Sassari,10,0,0.0,0,0.0,ROSSO
antincendio,Provincia di Pavia,10,0,0.0,0,0.0,ROSSO
antincendio,Provincia di Chieti,10,0,0.0,0,0.0,ROSSO
antincendio,Provincia di Pordenone,10,0,0.0,0,0.0,ROSSO
antincendio,Provincia autonoma di Bolzano - Alto Adige,10,0,0.0,0,0.0,ROSSO
antincendio,Provincia dell'Aquila,10,0,0.0,0,0.0,ROSSO
antincendio,Provincia di Ravenna,10,0,0.0,0,0.0,ROSSO
antincendio,Provincia di Rimini,10,0,0.0,0,0.0,ROSSO
antincendio,Provincia di Isernia,10,0,0.0,0,0.0,ROSSO
antincendio,Città metropolitana di Messina,10,0,0.0,0,0.0,ROSSO
antincendio,Provincia di Imperia,10,0,0.0,0,0.0,ROSSO
antincendio,Provincia di Ancona,10,0,0.0,0,0.0,ROSSO
antincendio,Città metropolitana di Palermo,10,0,0.0,0,0.0,ROSSO
antincendio,Provincia di Siena,10,0,0.0,0,0.0,ROSSO
antincendio,Provincia di Cosenza,10,0,0.0,0,0.0,ROSSO
antincendio,Provincia di Mantova,10,0,0.0,0,0.0,ROSSO
antincendio,Provincia di Como,10,0,0.0,0,0.0,ROSSO
antincendio,Provincia di Fermo,10,0,0.0,0,0.0,ROSSO
antincendio,Provincia di Crotone,10,0,0.0,0,0.0,ROSSO
antincendio,Città Metropolitana di Genova,10,0,0.0,0,0.0,ROSSO
antincendio,Provincia di Salerno,10,0,0.0,0,0.0,ROSSO
antincendio,Provincia di Latina,10,0,0.0,0,0.0,ROSSO
antincendio,Provincia di Trieste,10,0,0.0,0,0.0,ROSSO
antincendio,Provincia di Prato,10,0,0.0,0,0.0,ROSSO
antincendio,Provincia di Rieti,10,0,0.0,0,0.0,ROSSO
antincendio,Provincia di Novara,10,0,0.0,0,0.0,ROSSO
antincendio,Provincia di Matera,10,0,0.0,0,0.0,ROSSO
antincendio,Provincia di Arezzo,10,0,0.0,0,0.0,ROSSO
antincendio,Provincia di Vibo Valentia,10,0,0.0,0,0.0,ROSSO
antincendio,Provincia di Avellino,10,0,0.0,0,0.0,ROSSO
antincendio,Provincia di Sondrio,10,0,0.0,0,0.0,ROSSO
antincendio,Provincia di Belluno,10,0,0.0,0,0.0,ROSSO
antincendio,Provincia di Lecce,10,0,0.0,0,0.0,ROSSO
antincendio,Città metropolitana di Reggio Calabria,10,0,0.0,0,0.0,ROSSO
antincendio,Provincia di Pisa,10,0,0.0,0,0.0,ROSSO
antincendio,Provincia di Biella,10,0,0.0,0,0.0,ROSSO
antincendio,Provincia di Ferrara,10,0,0.0,0,0.0,ROSSO
antincendio,Provincia di Foggia,10,0,0.0,0,0.0,ROSSO
antincendio,Provincia della Spezia,10,0,0.0,0,0.0,ROSSO
antincendio,Provincia di Asti,10,0,0.0,0,0.0,ROSSO
antincendio,Provincia di Massa e Carrara,10,0,0.0,0,0.0,ROSSO
antincendio,Provincia di Savona,10,0,0.0,0,0.0,ROSSO
antincendio,Provincia di Carbonia-Iglesias,10,0,0.0,0,0.0,ROSSO
antincendio,Provincia di Terni,10,0,0.0,0,0.0,ROSSO
antincendio,Provincia di Modena,10,0,0.0,0,0.0,ROSSO
antincendio,Provincia di Catanzaro,10,0,0.0,0,0.0,ROSSO
antincendio,Provincia di Cremona,10,0,0.0,0,0.0,ROSSO
antincendio,Città Metropolitana di Bari,10,0,0.0,0,0.0,ROSSO
antincendio,Provincia di Benevento,10,0,0.0,0,0.0,ROSSO
antincendio,Provincia di Brindisi,10,0,0.0,0,0.0,ROSSO
antincendio,Provincia di Alessandria,10,0,0.0,0,0.0,ROSSO
antincendio,Provincia di Potenza,10,0,0.0,0,0.0,ROSSO
antincendio,Provincia di Vercelli,10,0,0.0,0,0.0,ROSSO
antincendio,Provincia di Viterbo,10,0,0.0,0,0.0,ROSSO
antincendio,Provincia di Lodi,10,0,0.0,0,0.0,ROSSO
ascensori,Città metropolitana di Milano,11750,1.64,27.4,10,16.5,VERDE
ascensori,Città metropolitana di Roma Capitale,5930,1.97,13.8,12,8.3,VERDE
ascensori,Città Metropolitana di Napoli,3490,2.36,8.1,14,4.9,VERDE
ascensori,Città Metropolitana di Torino,2250,2.22,5.3,12,3.2,VERDE
ascensori,Città Metropolitana di Bologna,1470,1.58,3.4,10,2.1,VERDE
ascensori,Città Metropolitana di Bari,1460,1.32,3.4,10,2.0,VERDE
ascensori,Città Metropolitana di Firenze,1290,1.95,3.0,10,1.8,VERDE
ascensori,Città metropolitana di Palermo,1220,2.9,2.8,10,1.7,VERDE
ascensori,Provincia di Brescia,960,1.58,2.2,10,1.3,VERDE
ascensori,Città metropolitana di Catania,950,2.08,2.2,10,1.3,VERDE
ascensori,Provincia di Salerno,940,2.14,2.2,10,1.3,VERDE
ascensori,Provincia di Bergamo,880,1.42,2.1,10,1.2,VERDE
ascensori,Provincia di Padova,790,1.23,1.8,10,1.1,GIALLO
ascensori,Provincia di Caserta,680,3.65,1.6,10,1.0,GIALLO
ascensori,Provincia di Verona,590,3.09,1.4,10,0.8,GIALLO
ascensori,Città metropolitana di Cagliari,550,2.11,1.3,10,0.8,GIALLO
ascensori,Provincia di Monza e della Brianza,520,1.63,1.2,10,0.7,GIALLO
ascensori,Città Metropolitana di Venezia,500,1.23,1.2,10,0.7,GIALLO
ascensori,Provincia di Vicenza,470,1.38,1.1,10,0.7,GIALLO
ascensori,Provincia di Varese,470,3.8,1.1,10,0.7,GIALLO
ascensori,Provincia di Pescara,470,1.24,1.1,10,0.7,GIALLO
ascensori,Provincia di Ancona,450,0.99,1.1,10,0.6,GIALLO
ascensori,Città Metropolitana di Genova,450,1.06,1.1,10,0.6,GIALLO
ascensori,Provincia di Modena,390,2.57,0.9,0,0.5,ROSSO
ascensori,Provincia di Treviso,380,1.13,0.9,0,0.5,ROSSO
ascensori,Provincia di Avellino,370,1.76,0.9,0,0.5,ROSSO
ascensori,Provincia autonoma di Trento,370,1.02,0.9,0,0.5,ROSSO
ascensori,Provincia di Cuneo,360,3.46,0.8,0,0.5,ROSSO
ascensori,Città metropolitana di Reggio Calabria,360,1.34,0.8,0,0.5,ROSSO
ascensori,Provincia di Potenza,330,1.99,0.8,0,0.5,ROSSO
ascensori,Provincia di Como,330,3.08,0.8,0,0.5,ROSSO
ascensori,Provincia di Perugia,320,1.61,0.7,0,0.4,ROSSO
ascensori,Provincia di Taranto,300,1.89,0.7,0,0.4,ROSSO
ascensori,Provincia di Lecce,300,1.55,0.7,0,0.4,ROSSO
ascensori,Provincia di Rimini,290,1.72,0.7,0,0.4,ROSSO
ascensori,Provincia di Cosenza,280,1.64,0.7,0,0.4,ROSSO
ascensori,Provincia di Foggia,280,1.71,0.7,0,0.4,ROSSO
ascensori,Provincia di Frosinone,270,1.41,0.6,0,0.4,ROSSO
ascensori,Provincia di Lucca,270,1.62,0.6,0,0.4,ROSSO
ascensori,Provincia di Novara,270,1.15,0.6,0,0.4,ROSSO
ascensori,Provincia di Pavia,260,1.0,0.6,0,0.4,ROSSO
ascensori,Città metropolitana di Messina,260,1.04,0.6,0,0.4,ROSSO
ascensori,Provincia di Trieste,250,1.38,0.6,0,0.4,ROSSO
ascensori,Provincia di Reggio Emilia,250,1.42,0.6,0,0.4,ROSSO
ascensori,Provincia di Pisa,240,1.48,0.6,0,0.3,ROSSO
ascensori,Provincia di Mantova,230,1.23,0.5,0,0.3,ROSSO
ascensori,Provincia di Latina,230,1.71,0.5,0,0.3,ROSSO
ascensori,Provincia di Pesaro e Urbino,210,1.16,0.5,0,0.3,ROSSO
ascensori,Provincia di Livorno,210,1.66,0.5,0,0.3,ROSSO
ascensori,Provincia di Macerata,190,1.38,0.4,0,0.3,ROSSO
ascensori,Provincia di Pistoia,190,1.51,0.4,0,0.3,ROSSO
ascensori,Provincia di Parma,180,1.57,0.4,0,0.3,ROSSO
ascensori,Provincia di Grosseto,170,1.46,0.4,0,0.2,ROSSO
ascensori,Provincia di Alessandria,170,1.41,0.4,0,0.2,ROSSO
ascensori,Provincia di Brindisi,170,1.31,0.4,0,0.2,ROSSO
ascensori,Provincia di Cremona,160,2.05,0.4,0,0.2,ROSSO
ascensori,Città metropolitana di Sassari,160,1.81,0.4,0,0.2,ROSSO
ascensori,Provincia di Arezzo,160,1.04,0.4,0,0.2,ROSSO
ascensori,Provincia di Lecco,150,4.18,0.4,0,0.2,ROSSO
ascensori,Provincia di Forlì-Cesena,140,1.4,0.3,0,0.2,ROSSO
ascensori,Provincia di Benevento,130,2.47,0.3,0,0.2,ROSSO
ascensori,Provincia di Campobasso,130,1.18,0.3,0,0.2,ROSSO
ascensori,Provincia autonoma di Bolzano - Alto Adige,130,0.9,0.3,0,0.2,ROSSO
ascensori,Provincia di Siena,120,1.48,0.3,0,0.2,ROSSO
ascensori,Provincia di Catanzaro,120,1.36,0.3,0,0.2,ROSSO
ascensori,Provincia di Piacenza,110,1.29,0.3,0,0.2,ROSSO
ascensori,Provincia di Chieti,110,1.11,0.3,0,0.2,ROSSO
ascensori,Provincia dell'Aquila,110,1.2,0.3,0,0.2,ROSSO
ascensori,Provincia di Barletta-Andria-Trani,110,8.05,0.3,0,0.2,ROSSO
ascensori,Provincia di Viterbo,110,1.32,0.3,0,0.2,ROSSO
ascensori,Provincia di Teramo,110,1.17,0.3,0,0.2,ROSSO
ascensori,Provincia di Ravenna,110,2.66,0.3,0,0.2,ROSSO
ascensori,Provincia di Savona,100,1.02,0.2,0,0.1,ROSSO
ascensori,Provincia di Asti,100,2.22,0.2,0,0.1,ROSSO
ascensori,Provincia di Pordenone,90,1.07,0.2,0,0.1,ROSSO
ascensori,Provincia di Prato,90,1.54,0.2,0,0.1,ROSSO
ascensori,Provincia di Massa e Carrara,80,0.98,0.2,0,0.1,ROSSO
ascensori,Provincia di Ferrara,80,1.04,0.2,0,0.1,ROSSO
ascensori,Provincia di Terni,80,1.54,0.2,0,0.1,ROSSO
ascensori,Provincia di Sondrio,70,1.47,0.2,0,0.1,ROSSO
ascensori,Provincia di Oristano,70,1.2,0.2,0,0.1,ROSSO
ascensori,Provincia di Biella,70,1.09,0.2,0,0.1,ROSSO
ascensori,Provincia di Matera,70,2.95,0.2,0,0.1,ROSSO
ascensori,Provincia di Ascoli Piceno,70,1.15,0.2,0,0.1,ROSSO
ascensori,Provincia della Spezia,60,1.06,0.1,0,0.1,ROSSO
ascensori,Provincia di Nuoro,60,2.72,0.1,0,0.1,ROSSO
ascensori,Provincia di Vercelli,60,1.09,0.1,0,0.1,ROSSO
ascensori,Provincia di Lodi,60,1.36,0.1,0,0.1,ROSSO
ascensori,Provincia di Fermo,60,0.99,0.1,0,0.1,ROSSO
ascensori,Provincia di Rovigo,50,1.96,0.1,0,0.1,ROSSO
ascensori,Provincia di Imperia,50,0.87,0.1,0,0.1,ROSSO
ascensori,Provincia di Crotone,40,0.51,0.1,0,0.1,ROSSO
ascensori,Provincia di Belluno,40,2.3,0.1,0,0.1,ROSSO
ascensori,Provincia di Vibo Valentia,30,1.76,0.1,0,0.0,ROSSO
ascensori,Provincia di Gorizia,30,2.13,0.1,0,0.0,ROSSO
ascensori,Provincia di Carbonia-Iglesias,30,0.51,0.1,0,0.0,ROSSO
ascensori,Provincia di Rieti,20,2.0,0.0,0,0.0,ROSSO
ascensori,Provincia di Isernia,10,0,0.0,0,0.0,ROSSO
assetti_preparazioni,Città metropolitana di Milano,170,0,0.4,0,0.2,ROSSO
assetti_preparazioni,Città metropolitana di Roma Capitale,60,0.17,0.1,0,0.1,ROSSO
assetti_preparazioni,Città Metropolitana di Torino,30,0,0.1,0,0.0,ROSSO
assetti_preparazioni,Provincia di Brescia,30,0,0.1,0,0.0,ROSSO
assetti_preparazioni,Città Metropolitana di Bologna,30,0,0.1,0,0.0,ROSSO
assetti_preparazioni,Città Metropolitana di Napoli,20,0.04,0.0,0,0.0,ROSSO
assetti_preparazioni,Provincia di Imperia,10,0,0.0,0,0.0,ROSSO
assetti_preparazioni,Provincia di Campobasso,10,0,0.0,0,0.0,ROSSO
assetti_preparazioni,Provincia di Ancona,10,0,0.0,0,0.0,ROSSO
assetti_preparazioni,Provincia di Grosseto,10,0,0.0,0,0.0,ROSSO
assetti_preparazioni,Provincia di Asti,10,0,0.0,0,0.0,ROSSO
assetti_preparazioni,Provincia di Siena,10,0,0.0,0,0.0,ROSSO
assetti_preparazioni,Provincia di Rimini,10,0,0.0,0,0.0,ROSSO
assetti_preparazioni,Provincia di Livorno,10,0,0.0,0,0.0,ROSSO
assetti_preparazioni,Provincia di Pisa,10,0,0.0,0,0.0,ROSSO
assetti_preparazioni,Provincia di Reggio Emilia,10,0,0.0,0,0.0,ROSSO
assetti_preparazioni,Provincia di Piacenza,10,0,0.0,0,0.0,ROSSO
assetti_preparazioni,Provincia di Ravenna,10,0,0.0,0,0.0,ROSSO
assetti_preparazioni,Provincia di Isernia,10,0,0.0,0,0.0,ROSSO
assetti_preparazioni,Provincia di Lodi,10,0,0.0,0,0.0,ROSSO
assetti_preparazioni,Provincia di Monza e della Brianza,10,0,0.0,0,0.0,ROSSO
assetti_preparazioni,Provincia di Chieti,10,0,0.0,0,0.0,ROSSO
assetti_preparazioni,Provincia di Pesaro e Urbino,10,0,0.0,0,0.0,ROSSO
assetti_preparazioni,Provincia di Oristano,10,0,0.0,0,0.0,ROSSO
assetti_preparazioni,Provincia di Macerata,10,0,0.0,0,0.0,ROSSO
assetti_preparazioni,Provincia di Frosinone,10,0,0.0,0,0.0,ROSSO
assetti_preparazioni,Città Metropolitana di Venezia,10,0,0.0,0,0.0,ROSSO
assetti_preparazioni,Provincia di Treviso,10,0,0.0,0,0.0,ROSSO
assetti_preparazioni,Provincia di Rovigo,10,0,0.0,0,0.0,ROSSO
assetti_preparazioni,Provincia di Pavia,10,0,0.0,0,0.0,ROSSO
assetti_preparazioni,Provincia di Gorizia,10,0,0.0,0,0.0,ROSSO
assetti_preparazioni,Provincia di Pordenone,10,0,0.0,0,0.0,ROSSO
assetti_preparazioni,Città Metropolitana di Firenze,10,0,0.0,0,0.0,ROSSO
assetti_preparazioni,Provincia dell'Aquila,10,0,0.0,0,0.0,ROSSO
assetti_preparazioni,Provincia di Pescara,10,0,0.0,0,0.0,ROSSO
assetti_preparazioni,Provincia di Taranto,10,0,0.0,0,0.0,ROSSO
assetti_preparazioni,Provincia di Verona,10,0,0.0,0,0.0,ROSSO
assetti_preparazioni,Provincia di Pistoia,10,0,0.0,0,0.0,ROSSO
assetti_preparazioni,Città metropolitana di Reggio Calabria,10,0,0.0,0,0.0,ROSSO
assetti_preparazioni,Città metropolitana di Sassari,10,0,0.0,0,0.0,ROSSO
assetti_preparazioni,Provincia di Como,10,0,0.0,0,0.0,ROSSO
assetti_preparazioni,Provincia di Perugia,10,0,0.0,0,0.0,ROSSO
assetti_preparazioni,Provincia di Varese,10,0,0.0,0,0.0,ROSSO
assetti_preparazioni,Provincia di Parma,10,0,0.0,0,0.0,ROSSO
assetti_preparazioni,Provincia di Cuneo,10,0,0.0,0,0.0,ROSSO
assetti_preparazioni,Città metropolitana di Messina,10,0,0.0,0,0.0,ROSSO
assetti_preparazioni,Città metropolitana di Cagliari,10,0,0.0,0,0.0,ROSSO
assetti_preparazioni,Provincia autonoma di Trento,10,0,0.0,0,0.0,ROSSO
assetti_preparazioni,Città metropolitana di Palermo,10,0,0.0,0,0.0,ROSSO
assetti_preparazioni,Provincia di Alessandria,10,0,0.0,0,0.0,ROSSO
assetti_preparazioni,Provincia di Nuoro,10,0,0.0,0,0.0,ROSSO
assetti_preparazioni,Provincia di Teramo,10,0,0.0,0,0.0,ROSSO
assetti_preparazioni,Città metropolitana di Catania,10,0,0.0,0,0.0,ROSSO
assetti_preparazioni,Provincia di Vibo Valentia,10,0,0.0,0,0.0,ROSSO
assetti_preparazioni,Provincia di Avellino,10,0,0.0,0,0.0,ROSSO
assetti_preparazioni,Provincia di Viterbo,10,0,0.0,0,0.0,ROSSO
assetti_preparazioni,Provincia di Potenza,10,0,0.0,0,0.0,ROSSO
assetti_preparazioni,Provincia di Modena,10,0,0.0,0,0.0,ROSSO
assetti_preparazioni,Provincia di Cremona,10,0,0.0,0,0.0,ROSSO
assetti_preparazioni,Provincia di Lecce,10,0,0.0,0,0.0,ROSSO
assetti_preparazioni,Provincia di Savona,10,0,0.0,0,0.0,ROSSO
assetti_preparazioni,Provincia di Caserta,10,0,0.0,0,0.0,ROSSO
assetti_preparazioni,Provincia di Carbonia-Iglesias,10,0,0.0,0,0.0,ROSSO
assetti_preparazioni,Provincia di Ferrara,10,0,0.0,0,0.0,ROSSO
assetti_preparazioni,Provincia di Foggia,10,0,0.0,0,0.0,ROSSO
assetti_preparazioni,Provincia autonoma di Bolzano - Alto Adige,10,0,0.0,0,0.0,ROSSO
assetti_preparazioni,Provincia di Terni,10,0,0.0,0,0.0,ROSSO
assetti_preparazioni,Provincia di Padova,10,0,0.0,0,0.0,ROSSO
assetti_preparazioni,Provincia di Biella,10,0,0.0,0,0.0,ROSSO
assetti_preparazioni,Provincia di Sondrio,10,0,0.0,0,0.0,ROSSO
assetti_preparazioni,Provincia di Ascoli Piceno,10,0,0.0,0,0.0,ROSSO
assetti_preparazioni,Provincia di Massa e Carrara,10,0,0.0,0,0.0,ROSSO
assetti_preparazioni,Provincia di Bergamo,10,0,0.0,0,0.0,ROSSO
assetti_preparazioni,Provincia di Rieti,10,0,0.0,0,0.0,ROSSO
assetti_preparazioni,Provincia di Prato,10,0,0.0,0,0.0,ROSSO
assetti_preparazioni,Provincia di Lucca,10,0,0.0,0,0.0,ROSSO
assetti_preparazioni,Provincia di Belluno,10,0,0.0,0,0.0,ROSSO
assetti_preparazioni,Provincia di Arezzo,10,0,0.0,0,0.0,ROSSO
assetti_preparazioni,Provincia di Barletta-Andria-Trani,10,0,0.0,0,0.0,ROSSO
assetti_preparazioni,Provincia di Novara,10,0,0.0,0,0.0,ROSSO
assetti_preparazioni,Provincia di Matera,10,0,0.0,0,0.0,ROSSO
assetti_preparazioni,Provincia di Vercelli,10,0,0.0,0,0.0,ROSSO
assetti_preparazioni,Provincia della Spezia,10,0,0.0,0,0.0,ROSSO
assetti_preparazioni,Provincia di Brindisi,10,0,0.0,0,0.0,ROSSO
assetti_preparazioni,Provincia di Latina,10,0,0.0,0,0.0,ROSSO
assetti_preparazioni,Provincia di Fermo,10,0,0.0,0,0.0,ROSSO
assetti_preparazioni,Provincia di Vicenza,10,0,0.0,0,0.0,ROSSO
assetti_preparazioni,Provincia di Forlì-Cesena,10,0,0.0,0,0.0,ROSSO
assetti_preparazioni,Città Metropolitana di Genova,10,0,0.0,0,0.0,ROSSO
assetti_preparazioni,Provincia di Lecco,10,0,0.0,0,0.0,ROSSO
assetti_preparazioni,Provincia di Salerno,10,0,0.0,0,0.0,ROSSO
assetti_preparazioni,Provincia di Trieste,10,0,0.0,0,0.0,ROSSO
assetti_preparazioni,Provincia di Mantova,10,0,0.0,0,0.0,ROSSO
assetti_preparazioni,Provincia di Catanzaro,10,0,0.0,0,0.0,ROSSO
assetti_preparazioni,Provincia di Cosenza,10,0,0.0,0,0.0,ROSSO
assetti_preparazioni,Provincia di Benevento,10,0,0.0,0,0.0,ROSSO
assetti_preparazioni,Provincia di Crotone,10,0,0.0,0,0.0,ROSSO
assetti_preparazioni,Città Metropolitana di Bari,10,0,0.0,0,0.0,ROSSO
assistenza_elettro_top,Città metropolitana di Milano,53830,1.4,125.6,10,75.4,VERDE
assistenza_elettro_top,Città metropolitana di Roma Capitale,32660,1.93,76.2,12,45.7,VERDE
assistenza_elettro_top,Città Metropolitana di Torino,13170,1.36,30.7,10,18.4,VERDE
assistenza_elettro_top,Città Metropolitana di Napoli,12770,0.87,29.8,10,17.9,VERDE
assistenza_elettro_top,Città Metropolitana di Bologna,7400,1.74,17.3,10,10.4,VERDE
assistenza_elettro_top,Città Metropolitana di Firenze,5500,1.49,12.8,10,7.7,VERDE
assistenza_elettro_top,Provincia di Padova,5170,1.75,12.1,10,7.2,VERDE
assistenza_elettro_top,Città metropolitana di Palermo,5160,0.89,12.0,10,7.2,VERDE
assistenza_elettro_top,Provincia di Brescia,4650,1.38,10.9,10,6.5,VERDE
assistenza_elettro_top,Provincia di Monza e della Brianza,4350,1.36,10.2,10,6.1,VERDE
assistenza_elettro_top,Provincia di Bergamo,4280,1.19,10.0,10,6.0,VERDE
assistenza_elettro_top,Città Metropolitana di Bari,3730,0.82,8.7,10,5.2,VERDE
assistenza_elettro_top,Provincia di Varese,3650,1.28,8.5,10,5.1,VERDE
assistenza_elettro_top,Città Metropolitana di Venezia,3440,1.48,8.0,10,4.8,VERDE
assistenza_elettro_top,Provincia di Verona,3360,1.69,7.8,10,4.7,VERDE
assistenza_elettro_top,Provincia di Treviso,3120,1.64,7.3,10,4.4,VERDE
assistenza_elettro_top,Provincia di Vicenza,3100,1.4,7.2,10,4.3,VERDE
assistenza_elettro_top,Città metropolitana di Catania,2870,0.96,6.7,10,4.0,VERDE
assistenza_elettro_top,Città Metropolitana di Genova,2460,1.07,5.7,10,3.4,VERDE
assistenza_elettro_top,Provincia di Modena,2360,1.78,5.5,10,3.3,VERDE
assistenza_elettro_top,Provincia di Como,2120,1.33,4.9,10,3.0,VERDE
assistenza_elettro_top,Provincia di Salerno,2090,0.89,4.9,10,2.9,VERDE
assistenza_elettro_top,Provincia di Caserta,1740,0.91,4.1,10,2.4,VERDE
assistenza_elettro_top,Provincia di Reggio Emilia,1620,1.69,3.8,10,2.3,VERDE
assistenza_elettro_top,Provincia di Pavia,1580,1.46,3.7,10,2.2,VERDE
assistenza_elettro_top,Provincia di Pisa,1580,1.48,3.7,10,2.2,VERDE
assistenza_elettro_top,Provincia di Ancona,1510,0.91,3.5,10,2.1,VERDE
assistenza_elettro_top,Città metropolitana di Cagliari,1470,0.77,3.4,10,2.1,VERDE
assistenza_elettro_top,Provincia di Lucca,1300,2.7,3.0,10,1.8,VERDE
assistenza_elettro_top,Provincia di Parma,1290,1.83,3.0,10,1.8,VERDE
assistenza_elettro_top,Provincia di Rimini,1290,1.11,3.0,10,1.8,VERDE
assistenza_elettro_top,Provincia autonoma di Trento,1250,1.14,2.9,10,1.8,VERDE
assistenza_elettro_top,Provincia di Forlì-Cesena,1220,1.39,2.8,10,1.7,VERDE
assistenza_elettro_top,Provincia di Novara,1090,1.01,2.5,10,1.5,VERDE
assistenza_elettro_top,Provincia di Trieste,1030,1.13,2.4,10,1.4,VERDE
assistenza_elettro_top,Provincia di Perugia,1030,1.22,2.4,10,1.4,VERDE
assistenza_elettro_top,Provincia di Cuneo,1020,0.97,2.4,10,1.4,VERDE
assistenza_elettro_top,Provincia di Lecce,1010,0.58,2.4,10,1.4,VERDE
assistenza_elettro_top,Provincia di Ravenna,1000,1.64,2.3,10,1.4,VERDE
assistenza_elettro_top,Provincia di Mantova,980,1.36,2.3,10,1.4,VERDE
assistenza_elettro_top,Provincia di Pordenone,960,1.61,2.2,10,1.3,VERDE
assistenza_elettro_top,Provincia di Cremona,950,1.24,2.2,10,1.3,VERDE
assistenza_elettro_top,Provincia di Lecco,950,0.93,2.2,10,1.3,VERDE
assistenza_elettro_top,Provincia di Ferrara,940,1.6,2.2,10,1.3,VERDE
assistenza_elettro_top,Città metropolitana di Messina,930,0.94,2.2,10,1.3,VERDE
assistenza_elettro_top,Provincia di Pescara,860,0.75,2.0,10,1.2,VERDE
assistenza_elettro_top,Provincia di Livorno,840,1.52,2.0,10,1.2,VERDE
assistenza_elettro_top,Provincia di Pesaro e Urbino,830,1.01,1.9,10,1.2,GIALLO
assistenza_elettro_top,Provincia di Lodi,780,1.37,1.8,10,1.1,GIALLO
assistenza_elettro_top,Provincia di Latina,720,0.85,1.7,10,1.0,GIALLO
assistenza_elettro_top,Città metropolitana di Sassari,720,0.87,1.7,10,1.0,GIALLO
assistenza_elettro_top,Provincia di Prato,700,1.29,1.6,10,1.0,GIALLO
assistenza_elettro_top,Provincia di Piacenza,630,1.49,1.5,10,0.9,GIALLO
assistenza_elettro_top,Provincia di Pistoia,570,1.36,1.3,10,0.8,GIALLO
assistenza_elettro_top,Città metropolitana di Reggio Calabria,550,0.84,1.3,10,0.8,GIALLO
assistenza_elettro_top,Provincia di Taranto,550,0.71,1.3,10,0.8,GIALLO
assistenza_elettro_top,Provincia di Alessandria,550,0.81,1.3,10,0.8,GIALLO
assistenza_elettro_top,Provincia di Cosenza,490,0.54,1.1,10,0.7,GIALLO
assistenza_elettro_top,Provincia autonoma di Bolzano - Alto Adige,430,1.31,1.0,10,0.6,GIALLO
assistenza_elettro_top,Provincia di Arezzo,420,0.87,1.0,10,0.6,GIALLO
assistenza_elettro_top,Provincia di Grosseto,370,1.58,0.9,0,0.5,ROSSO
assistenza_elettro_top,Provincia di Avellino,370,0.83,0.9,0,0.5,ROSSO
assistenza_elettro_top,Provincia di Chieti,370,0.64,0.9,0,0.5,ROSSO
assistenza_elettro_top,Provincia di Rovigo,370,1.41,0.9,0,0.5,ROSSO
assistenza_elettro_top,Provincia di Macerata,360,0.54,0.8,0,0.5,ROSSO
assistenza_elettro_top,Provincia di Foggia,320,0.58,0.7,0,0.4,ROSSO
assistenza_elettro_top,Provincia della Spezia,280,0.79,0.7,0,0.4,ROSSO
assistenza_elettro_top,Provincia di Savona,280,0.95,0.7,0,0.4,ROSSO
assistenza_elettro_top,Provincia di Frosinone,270,0.62,0.6,0,0.4,ROSSO
assistenza_elettro_top,Provincia di Imperia,260,0.92,0.6,0,0.4,ROSSO
assistenza_elettro_top,Provincia di Catanzaro,250,0.81,0.6,0,0.4,ROSSO
assistenza_elettro_top,Provincia di Siena,250,0.54,0.6,0,0.4,ROSSO
assistenza_elettro_top,Provincia di Teramo,250,0.88,0.6,0,0.4,ROSSO
assistenza_elettro_top,Provincia di Viterbo,230,0.84,0.5,0,0.3,ROSSO
assistenza_elettro_top,Provincia di Potenza,220,0.69,0.5,0,0.3,ROSSO
assistenza_elettro_top,Provincia di Biella,220,0.9,0.5,0,0.3,ROSSO
assistenza_elettro_top,Provincia dell'Aquila,210,0.72,0.5,0,0.3,ROSSO
assistenza_elettro_top,Provincia di Barletta-Andria-Trani,210,0.85,0.5,0,0.3,ROSSO
assistenza_elettro_top,Provincia di Brindisi,200,0.9,0.5,0,0.3,ROSSO
assistenza_elettro_top,Provincia di Gorizia,190,1.1,0.4,0,0.3,ROSSO
assistenza_elettro_top,Provincia di Ascoli Piceno,180,0.44,0.4,0,0.3,ROSSO
assistenza_elettro_top,Provincia di Massa e Carrara,130,0.63,0.3,0,0.2,ROSSO
assistenza_elettro_top,Provincia di Vercelli,120,0.85,0.3,0,0.2,ROSSO
assistenza_elettro_top,Provincia di Asti,110,1.26,0.3,0,0.2,ROSSO
assistenza_elettro_top,Provincia di Benevento,100,0.72,0.2,0,0.1,ROSSO
assistenza_elettro_top,Provincia di Sondrio,90,1.01,0.2,0,0.1,ROSSO
assistenza_elettro_top,Provincia di Belluno,90,0.81,0.2,0,0.1,ROSSO
assistenza_elettro_top,Provincia di Carbonia-Iglesias,90,0.86,0.2,0,0.1,ROSSO
assistenza_elettro_top,Provincia di Terni,90,0.68,0.2,0,0.1,ROSSO
assistenza_elettro_top,Provincia di Campobasso,70,0.47,0.2,0,0.1,ROSSO
assistenza_elettro_top,Provincia di Crotone,60,1.72,0.1,0,0.1,ROSSO
assistenza_elettro_top,Provincia di Fermo,60,0.38,0.1,0,0.1,ROSSO
assistenza_elettro_top,Provincia di Rieti,60,0.48,0.1,0,0.1,ROSSO
assistenza_elettro_top,Provincia di Oristano,50,0.66,0.1,0,0.1,ROSSO
assistenza_elettro_top,Provincia di Nuoro,50,0.42,0.1,0,0.1,ROSSO
assistenza_elettro_top,Provincia di Matera,40,0.44,0.1,0,0.1,ROSSO
assistenza_elettro_top,Provincia di Vibo Valentia,30,1.08,0.1,0,0.0,ROSSO
assistenza_elettro_top,Provincia di Isernia,10,0,0.0,0,0.0,ROSSO
assistenza_informatica,Città metropolitana di Milano,530,2.27,1.2,10,0.7,GIALLO
assistenza_informatica,Città metropolitana di Roma Capitale,290,1.79,0.7,0,0.4,ROSSO
assistenza_informatica,Città Metropolitana di Napoli,130,1.67,0.3,0,0.2,ROSSO
assistenza_informatica,Città Metropolitana di Torino,120,0.71,0.3,0,0.2,ROSSO
assistenza_informatica,Città Metropolitana di Firenze,110,1.55,0.3,0,0.2,ROSSO
assistenza_informatica,Città Metropolitana di Bologna,100,2.22,0.2,0,0.1,ROSSO
assistenza_informatica,Provincia di Padova,70,4.96,0.2,0,0.1,ROSSO
assistenza_informatica,Città Metropolitana di Bari,60,2.07,0.1,0,0.1,ROSSO
assistenza_informatica,Città metropolitana di Palermo,50,0.74,0.1,0,0.1,ROSSO
assistenza_informatica,Provincia di Bergamo,50,2.0,0.1,0,0.1,ROSSO
assistenza_informatica,Città Metropolitana di Genova,40,1.9,0.1,0,0.1,ROSSO
assistenza_informatica,Città metropolitana di Catania,40,1.45,0.1,0,0.1,ROSSO
assistenza_informatica,Provincia di Salerno,40,1.78,0.1,0,0.1,ROSSO
assistenza_informatica,Provincia di Vicenza,40,0.94,0.1,0,0.1,ROSSO
assistenza_informatica,Provincia di Brescia,40,1.68,0.1,0,0.1,ROSSO
assistenza_informatica,Provincia di Treviso,40,1.8,0.1,0,0.1,ROSSO
assistenza_informatica,Provincia di Verona,40,1.2,0.1,0,0.1,ROSSO
assistenza_informatica,Provincia di Monza e della Brianza,40,1.99,0.1,0,0.1,ROSSO
assistenza_informatica,Provincia di Pescara,40,1.25,0.1,0,0.1,ROSSO
assistenza_informatica,Provincia di Caserta,30,0,0.1,0,0.0,ROSSO
assistenza_informatica,Provincia di Modena,30,1.1,0.1,0,0.0,ROSSO
assistenza_informatica,Provincia di Pavia,30,0,0.1,0,0.0,ROSSO
assistenza_informatica,Provincia di Trieste,30,0.94,0.1,0,0.0,ROSSO
assistenza_informatica,Provincia di Forlì-Cesena,30,0.67,0.1,0,0.0,ROSSO
assistenza_informatica,Città Metropolitana di Venezia,30,1.1,0.1,0,0.0,ROSSO
assistenza_informatica,Provincia autonoma di Trento,30,2.17,0.1,0,0.0,ROSSO
assistenza_informatica,Provincia di Varese,30,1.62,0.1,0,0.0,ROSSO
assistenza_informatica,Città metropolitana di Cagliari,30,0.97,0.1,0,0.0,ROSSO
assistenza_informatica,Provincia di Taranto,30,0,0.1,0,0.0,ROSSO
assistenza_informatica,Provincia di Ferrara,20,6.0,0.0,0,0.0,ROSSO
assistenza_informatica,Provincia di Cuneo,20,2.44,0.0,0,0.0,ROSSO
assistenza_informatica,Provincia di Cremona,20,1.74,0.0,0,0.0,ROSSO
assistenza_informatica,Provincia di Viterbo,20,7.57,0.0,0,0.0,ROSSO
assistenza_informatica,Provincia di Latina,20,2.33,0.0,0,0.0,ROSSO
assistenza_informatica,Provincia di Mantova,20,1.14,0.0,0,0.0,ROSSO
assistenza_informatica,Città metropolitana di Reggio Calabria,20,4.97,0.0,0,0.0,ROSSO
assistenza_informatica,Provincia di Catanzaro,20,2.13,0.0,0,0.0,ROSSO
assistenza_informatica,Provincia di Lucca,20,1.03,0.0,0,0.0,ROSSO
assistenza_informatica,Provincia di Frosinone,20,2.01,0.0,0,0.0,ROSSO
assistenza_informatica,Provincia di Brindisi,20,1.03,0.0,0,0.0,ROSSO
assistenza_informatica,Provincia di Alessandria,20,2.04,0.0,0,0.0,ROSSO
assistenza_informatica,Provincia di Como,20,1.42,0.0,0,0.0,ROSSO
assistenza_informatica,Provincia di Avellino,20,0.85,0.0,0,0.0,ROSSO
assistenza_informatica,Provincia di Massa e Carrara,10,0,0.0,0,0.0,ROSSO
assistenza_informatica,Provincia di Nuoro,10,0,0.0,0,0.0,ROSSO
assistenza_informatica,Provincia di Arezzo,10,0,0.0,0,0.0,ROSSO
assistenza_informatica,Provincia di Novara,10,0,0.0,0,0.0,ROSSO
assistenza_informatica,Provincia di Matera,10,0,0.0,0,0.0,ROSSO
assistenza_informatica,Città metropolitana di Sassari,10,0,0.0,0,0.0,ROSSO
assistenza_informatica,Provincia di Parma,10,0,0.0,0,0.0,ROSSO
assistenza_informatica,Provincia autonoma di Bolzano - Alto Adige,10,0,0.0,0,0.0,ROSSO
assistenza_informatica,Provincia dell'Aquila,10,0,0.0,0,0.0,ROSSO
assistenza_informatica,Città metropolitana di Messina,10,0,0.0,0,0.0,ROSSO
assistenza_informatica,Provincia di Potenza,10,0,0.0,0,0.0,ROSSO
assistenza_informatica,Provincia di Crotone,10,0,0.0,0,0.0,ROSSO
assistenza_informatica,Provincia di Ascoli Piceno,10,0,0.0,0,0.0,ROSSO
assistenza_informatica,Provincia di Cosenza,10,0,0.0,0,0.0,ROSSO
assistenza_informatica,Provincia di Oristano,10,0,0.0,0,0.0,ROSSO
assistenza_informatica,Provincia di Macerata,10,0,0.0,0,0.0,ROSSO
assistenza_informatica,Provincia di Barletta-Andria-Trani,10,0,0.0,0,0.0,ROSSO
assistenza_informatica,Provincia della Spezia,10,0,0.0,0,0.0,ROSSO
assistenza_informatica,Provincia di Biella,10,0,0.0,0,0.0,ROSSO
assistenza_informatica,Provincia di Grosseto,10,0,0.0,0,0.0,ROSSO
assistenza_informatica,Provincia di Foggia,10,0,0.0,0,0.0,ROSSO
assistenza_informatica,Provincia di Siena,10,0,0.0,0,0.0,ROSSO
assistenza_informatica,Provincia di Savona,10,0,0.0,0,0.0,ROSSO
assistenza_informatica,Provincia di Belluno,10,0,0.0,0,0.0,ROSSO
assistenza_informatica,Provincia di Carbonia-Iglesias,10,0,0.0,0,0.0,ROSSO
assistenza_informatica,Provincia di Piacenza,10,0,0.0,0,0.0,ROSSO
assistenza_informatica,Provincia di Benevento,10,0,0.0,0,0.0,ROSSO
assistenza_informatica,Provincia di Sondrio,10,0,0.0,0,0.0,ROSSO
assistenza_informatica,Provincia di Campobasso,10,0,0.0,0,0.0,ROSSO
assistenza_informatica,Provincia di Asti,10,0,0.0,0,0.0,ROSSO
assistenza_informatica,Provincia di Lecco,10,0,0.0,0,0.0,ROSSO
assistenza_informatica,Provincia di Pisa,10,0,0.0,0,0.0,ROSSO
assistenza_informatica,Provincia di Fermo,10,0,0.0,0,0.0,ROSSO
assistenza_informatica,Provincia di Reggio Emilia,10,0,0.0,0,0.0,ROSSO
assistenza_informatica,Provincia di Isernia,10,0,0.0,0,0.0,ROSSO
assistenza_informatica,Provincia di Ravenna,10,0,0.0,0,0.0,ROSSO
assistenza_informatica,Provincia di Lodi,10,0,0.0,0,0.0,ROSSO
assistenza_informatica,Provincia di Teramo,10,0,0.0,0,0.0,ROSSO
assistenza_informatica,Provincia di Livorno,10,0,0.0,0,0.0,ROSSO
assistenza_informatica,Provincia di Vercelli,10,0,0.0,0,0.0,ROSSO
assistenza_informatica,Provincia di Rieti,10,0,0.0,0,0.0,ROSSO
assistenza_informatica,Provincia di Prato,10,0,0.0,0,0.0,ROSSO
assistenza_informatica,Provincia di Imperia,10,0,0.0,0,0.0,ROSSO
assistenza_informatica,Provincia di Terni,10,0,0.0,0,0.0,ROSSO
assistenza_informatica,Provincia di Rimini,10,0,0.0,0,0.0,ROSSO
assistenza_informatica,Provincia di Pordenone,10,0,0.0,0,0.0,ROSSO
assistenza_informatica,Provincia di Ancona,10,0,0.0,0,0.0,ROSSO
assistenza_informatica,Provincia di Lecce,10,0,0.0,0,0.0,ROSSO
assistenza_informatica,Provincia di Pesaro e Urbino,10,0,0.0,0,0.0,ROSSO
assistenza_informatica,Provincia di Rovigo,10,0,0.0,0,0.0,ROSSO
assistenza_informatica,Provincia di Perugia,10,0,0.0,0,0.0,ROSSO
assistenza_informatica,Provincia di Pistoia,10,0,0.0,0,0.0,ROSSO
assistenza_informatica,Provincia di Chieti,10,0,0.0,0,0.0,ROSSO
assistenza_informatica,Provincia di Gorizia,10,0,0.0,0,0.0,ROSSO
assistenza_informatica,Provincia di Vibo Valentia,10,0,0.0,0,0.0,ROSSO
audioprotesisti,Città metropolitana di Milano,380,1.59,0.9,0,0.5,ROSSO
audioprotesisti,Città metropolitana di Roma Capitale,220,0.83,0.5,0,0.3,ROSSO
audioprotesisti,Città Metropolitana di Napoli,90,0.55,0.2,0,0.1,ROSSO
audioprotesisti,Città metropolitana di Catania,70,0,0.2,0,0.1,ROSSO
audioprotesisti,Città metropolitana di Palermo,60,0,0.1,0,0.1,ROSSO
audioprotesisti,Città Metropolitana di Bologna,40,0.56,0.1,0,0.1,ROSSO
audioprotesisti,Città Metropolitana di Torino,40,0,0.1,0,0.1,ROSSO
audioprotesisti,Provincia di Brescia,30,0,0.1,0,0.0,ROSSO
audioprotesisti,Provincia di Padova,30,0,0.1,0,0.0,ROSSO
audioprotesisti,Città Metropolitana di Firenze,30,0,0.1,0,0.0,ROSSO
audioprotesisti,Città Metropolitana di Bari,30,0,0.1,0,0.0,ROSSO
audioprotesisti,Provincia di Treviso,10,0,0.0,0,0.0,ROSSO
audioprotesisti,Provincia di Vibo Valentia,10,0,0.0,0,0.0,ROSSO
audioprotesisti,Provincia di Rimini,10,0,0.0,0,0.0,ROSSO
audioprotesisti,Provincia di Como,10,0,0.0,0,0.0,ROSSO
audioprotesisti,Provincia di Terni,10,0,0.0,0,0.0,ROSSO
audioprotesisti,Provincia di Lecce,10,0,0.0,0,0.0,ROSSO
audioprotesisti,Provincia di Pesaro e Urbino,10,0,0.0,0,0.0,ROSSO
audioprotesisti,Provincia di Ancona,10,0,0.0,0,0.0,ROSSO
audioprotesisti,Provincia di Frosinone,10,0,0.0,0,0.0,ROSSO
audioprotesisti,Provincia di Avellino,10,0,0.0,0,0.0,ROSSO
audioprotesisti,Provincia di Livorno,10,0,0.0,0,0.0,ROSSO
audioprotesisti,Provincia di Isernia,10,0,0.0,0,0.0,ROSSO
audioprotesisti,Provincia di Ravenna,10,0,0.0,0,0.0,ROSSO
audioprotesisti,Provincia di Rovigo,10,0,0.0,0,0.0,ROSSO
audioprotesisti,Provincia di Chieti,10,0,0.0,0,0.0,ROSSO
audioprotesisti,Provincia di Imperia,10,0,0.0,0,0.0,ROSSO
audioprotesisti,Città Metropolitana di Genova,10,0,0.0,0,0.0,ROSSO
audioprotesisti,Provincia di Asti,10,0,0.0,0,0.0,ROSSO
audioprotesisti,Provincia autonoma di Trento,10,0,0.0,0,0.0,ROSSO
audioprotesisti,Provincia di Verona,10,0,0.0,0,0.0,ROSSO
audioprotesisti,Provincia di Pisa,10,0,0.0,0,0.0,ROSSO
audioprotesisti,Provincia di Barletta-Andria-Trani,10,0,0.0,0,0.0,ROSSO
audioprotesisti,Città metropolitana di Cagliari,10,0,0.0,0,0.0,ROSSO
audioprotesisti,Provincia di Lecco,10,0,0.0,0,0.0,ROSSO
audioprotesisti,Provincia di Fermo,10,0,0.0,0,0.0,ROSSO
audioprotesisti,Provincia di Perugia,10,0,0.0,0,0.0,ROSSO
audioprotesisti,Provincia di Reggio Emilia,10,0,0.0,0,0.0,ROSSO
audioprotesisti,Provincia di Pordenone,10,0,0.0,0,0.0,ROSSO
audioprotesisti,Provincia di Teramo,10,0,0.0,0,0.0,ROSSO
audioprotesisti,Provincia di Pescara,10,0,0.0,0,0.0,ROSSO
audioprotesisti,Provincia di Pistoia,10,0,0.0,0,0.0,ROSSO
audioprotesisti,Provincia di Taranto,10,0,0.0,0,0.0,ROSSO
audioprotesisti,Provincia di Rieti,10,0,0.0,0,0.0,ROSSO
audioprotesisti,Provincia di Prato,10,0,0.0,0,0.0,ROSSO
audioprotesisti,Provincia di Lucca,10,0,0.0,0,0.0,ROSSO
audioprotesisti,Provincia di Varese,10,0,0.0,0,0.0,ROSSO
audioprotesisti,Provincia di Lodi,10,0,0.0,0,0.0,ROSSO
audioprotesisti,Provincia di Vercelli,10,0,0.0,0,0.0,ROSSO
audioprotesisti,Provincia di Carbonia-Iglesias,10,0,0.0,0,0.0,ROSSO
audioprotesisti,Provincia di Brindisi,10,0,0.0,0,0.0,ROSSO
audioprotesisti,Provincia di Gorizia,10,0,0.0,0,0.0,ROSSO
audioprotesisti,Città metropolitana di Messina,10,0,0.0,0,0.0,ROSSO
audioprotesisti,Provincia di Pavia,10,0,0.0,0,0.0,ROSSO
audioprotesisti,Provincia di Modena,10,0,0.0,0,0.0,ROSSO
audioprotesisti,Provincia di Ferrara,10,0,0.0,0,0.0,ROSSO
audioprotesisti,Provincia di Oristano,10,0,0.0,0,0.0,ROSSO
audioprotesisti,Provincia di Caserta,10,0,0.0,0,0.0,ROSSO
audioprotesisti,Città metropolitana di Reggio Calabria,10,0,0.0,0,0.0,ROSSO
audioprotesisti,Provincia di Macerata,10,0,0.0,0,0.0,ROSSO
audioprotesisti,Provincia di Forlì-Cesena,10,0,0.0,0,0.0,ROSSO
audioprotesisti,Provincia di Foggia,10,0,0.0,0,0.0,ROSSO
audioprotesisti,Provincia di Cremona,10,0,0.0,0,0.0,ROSSO
audioprotesisti,Provincia di Grosseto,10,0,0.0,0,0.0,ROSSO
audioprotesisti,Provincia di Siena,10,0,0.0,0,0.0,ROSSO
audioprotesisti,Provincia di Biella,10,0,0.0,0,0.0,ROSSO
audioprotesisti,Provincia di Viterbo,10,0,0.0,0,0.0,ROSSO
audioprotesisti,Provincia di Potenza,10,0,0.0,0,0.0,ROSSO
audioprotesisti,Provincia di Savona,10,0,0.0,0,0.0,ROSSO
audioprotesisti,Provincia di Piacenza,10,0,0.0,0,0.0,ROSSO
audioprotesisti,Città metropolitana di Sassari,10,0,0.0,0,0.0,ROSSO
audioprotesisti,Provincia di Ascoli Piceno,10,0,0.0,0,0.0,ROSSO
audioprotesisti,Provincia di Monza e della Brianza,10,0,0.0,0,0.0,ROSSO
audioprotesisti,Provincia di Arezzo,10,0,0.0,0,0.0,ROSSO
audioprotesisti,Provincia di Novara,10,0,0.0,0,0.0,ROSSO
audioprotesisti,Provincia di Nuoro,10,0,0.0,0,0.0,ROSSO
audioprotesisti,Provincia autonoma di Bolzano - Alto Adige,10,0,0.0,0,0.0,ROSSO
audioprotesisti,Provincia di Matera,10,0,0.0,0,0.0,ROSSO
audioprotesisti,Provincia di Crotone,10,0,0.0,0,0.0,ROSSO
audioprotesisti,Provincia di Mantova,10,0,0.0,0,0.0,ROSSO
audioprotesisti,Provincia di Cosenza,10,0,0.0,0,0.0,ROSSO
audioprotesisti,Provincia di Parma,10,0,0.0,0,0.0,ROSSO
audioprotesisti,Provincia di Cuneo,10,0,0.0,0,0.0,ROSSO
audioprotesisti,Provincia di Trieste,10,0,0.0,0,0.0,ROSSO
audioprotesisti,Provincia di Campobasso,10,0,0.0,0,0.0,ROSSO
audioprotesisti,Provincia di Salerno,10,0,0.0,0,0.0,ROSSO
audioprotesisti,Provincia di Benevento,10,0,0.0,0,0.0,ROSSO
audioprotesisti,Provincia di Vicenza,10,0,0.0,0,0.0,ROSSO
audioprotesisti,Provincia di Catanzaro,10,0,0.0,0,0.0,ROSSO
audioprotesisti,Città Metropolitana di Venezia,10,0,0.0,0,0.0,ROSSO
audioprotesisti,Provincia di Alessandria,10,0,0.0,0,0.0,ROSSO
audioprotesisti,Provincia dell'Aquila,10,0,0.0,0,0.0,ROSSO
audioprotesisti,Provincia di Belluno,10,0,0.0,0,0.0,ROSSO
audioprotesisti,Provincia di Latina,10,0,0.0,0,0.0,ROSSO
audioprotesisti,Provincia di Massa e Carrara,10,0,0.0,0,0.0,ROSSO
audioprotesisti,Provincia della Spezia,10,0,0.0,0,0.0,ROSSO
audioprotesisti,Provincia di Bergamo,10,0,0.0,0,0.0,ROSSO
audioprotesisti,Provincia di Sondrio,10,0,0.0,0,0.0,ROSSO
automazione_industriale,Città metropolitana di Milano,3850,1.64,9.0,10,5.4,VERDE
automazione_industriale,Città metropolitana di Roma Capitale,1560,1.42,3.6,10,2.2,VERDE
automazione_industriale,Città Metropolitana di Torino,990,1.67,2.3,10,1.4,VERDE
automazione_industriale,Provincia di Brescia,750,1.34,1.8,10,1.1,GIALLO
automazione_industriale,Città Metropolitana di Napoli,630,1.1,1.5,10,0.9,GIALLO
automazione_industriale,Città Metropolitana di Bologna,510,1.58,1.2,10,0.7,GIALLO
automazione_industriale,Provincia di Vicenza,420,0.96,1.0,10,0.6,GIALLO
automazione_industriale,Provincia di Bergamo,350,1.06,0.8,0,0.5,ROSSO
automazione_industriale,Provincia di Padova,320,1.41,0.7,0,0.4,ROSSO
automazione_industriale,Città Metropolitana di Firenze,260,1.28,0.6,0,0.4,ROSSO
automazione_industriale,Città Metropolitana di Bari,260,0.58,0.6,0,0.4,ROSSO
automazione_industriale,Città metropolitana di Palermo,250,0.64,0.6,0,0.4,ROSSO
automazione_industriale,Provincia di Verona,240,0.86,0.6,0,0.3,ROSSO
automazione_industriale,Provincia di Modena,240,1.87,0.6,0,0.3,ROSSO
automazione_industriale,Provincia di Treviso,220,0.89,0.5,0,0.3,ROSSO
automazione_industriale,Città metropolitana di Catania,190,0.5,0.4,0,0.3,ROSSO
automazione_industriale,Provincia di Monza e della Brianza,170,1.29,0.4,0,0.2,ROSSO
automazione_industriale,Città Metropolitana di Venezia,160,1.61,0.4,0,0.2,ROSSO
automazione_industriale,Città metropolitana di Cagliari,150,0.54,0.4,0,0.2,ROSSO
automazione_industriale,Provincia di Reggio Emilia,150,1.03,0.4,0,0.2,ROSSO
automazione_industriale,Provincia di Varese,130,0.74,0.3,0,0.2,ROSSO
automazione_industriale,Provincia di Como,130,0.73,0.3,0,0.2,ROSSO
automazione_industriale,Provincia di Cuneo,120,0.9,0.3,0,0.2,ROSSO
automazione_industriale,Provincia di Ancona,120,0.59,0.3,0,0.2,ROSSO
automazione_industriale,Provincia di Pescara,120,0.59,0.3,0,0.2,ROSSO
automazione_industriale,Città Metropolitana di Genova,120,1.18,0.3,0,0.2,ROSSO
automazione_industriale,Provincia di Caserta,110,0.48,0.3,0,0.2,ROSSO
automazione_industriale,Provincia di Salerno,110,0.8,0.3,0,0.2,ROSSO
automazione_industriale,Provincia di Cremona,90,1.18,0.2,0,0.1,ROSSO
automazione_industriale,Provincia di Rimini,90,0.64,0.2,0,0.1,ROSSO
automazione_industriale,Città metropolitana di Reggio Calabria,90,0.84,0.2,0,0.1,ROSSO
automazione_industriale,Provincia di Avellino,90,0.56,0.2,0,0.1,ROSSO
automazione_industriale,Provincia di Novara,90,0.77,0.2,0,0.1,ROSSO
automazione_industriale,Provincia di Lecco,90,0.94,0.2,0,0.1,ROSSO
automazione_industriale,Provincia di Parma,80,1.63,0.2,0,0.1,ROSSO
automazione_industriale,Provincia autonoma di Trento,80,1.49,0.2,0,0.1,ROSSO
automazione_industriale,Provincia di Pavia,80,0.51,0.2,0,0.1,ROSSO
automazione_industriale,Provincia di Trieste,80,0.63,0.2,0,0.1,ROSSO
automazione_industriale,Provincia di Potenza,70,0.83,0.2,0,0.1,ROSSO
automazione_industriale,Provincia di Alessandria,70,2.08,0.2,0,0.1,ROSSO
automazione_industriale,Provincia di Forlì-Cesena,60,1.14,0.1,0,0.1,ROSSO
automazione_industriale,Provincia di Pordenone,60,1.1,0.1,0,0.1,ROSSO
automazione_industriale,Provincia di Pesaro e Urbino,60,0.81,0.1,0,0.1,ROSSO
automazione_industriale,Provincia di Ferrara,60,0.53,0.1,0,0.1,ROSSO
automazione_industriale,Provincia dell'Aquila,60,0.42,0.1,0,0.1,ROSSO
automazione_industriale,Provincia di Mantova,60,1.37,0.1,0,0.1,ROSSO
automazione_industriale,Provincia di Livorno,60,0.54,0.1,0,0.1,ROSSO
automazione_industriale,Provincia di Ravenna,60,0.5,0.1,0,0.1,ROSSO
automazione_industriale,Provincia di Latina,60,0.98,0.1,0,0.1,ROSSO
automazione_industriale,Città metropolitana di Sassari,60,0.4,0.1,0,0.1,ROSSO
automazione_industriale,Provincia di Catanzaro,60,0.45,0.1,0,0.1,ROSSO
automazione_industriale,Provincia di Pistoia,60,0.71,0.1,0,0.1,ROSSO
automazione_industriale,Provincia di Taranto,60,0.73,0.1,0,0.1,ROSSO
automazione_industriale,Provincia di Perugia,60,0.7,0.1,0,0.1,ROSSO
automazione_industriale,Provincia di Brindisi,60,0.84,0.1,0,0.1,ROSSO
automazione_industriale,Provincia di Lecce,60,0.63,0.1,0,0.1,ROSSO
automazione_industriale,Provincia di Piacenza,50,0.88,0.1,0,0.1,ROSSO
automazione_industriale,Provincia di Macerata,50,0.89,0.1,0,0.1,ROSSO
automazione_industriale,Provincia di Teramo,50,0.46,0.1,0,0.1,ROSSO
automazione_industriale,Provincia di Lodi,50,0.39,0.1,0,0.1,ROSSO
automazione_industriale,Provincia di Siena,50,0.53,0.1,0,0.1,ROSSO
automazione_industriale,Provincia di Pisa,50,1.18,0.1,0,0.1,ROSSO
automazione_industriale,Provincia di Frosinone,50,0.54,0.1,0,0.1,ROSSO
automazione_industriale,Provincia di Cosenza,50,0.6,0.1,0,0.1,ROSSO
automazione_industriale,Provincia di Imperia,50,0.47,0.1,0,0.1,ROSSO
automazione_industriale,Provincia di Arezzo,50,0.56,0.1,0,0.1,ROSSO
automazione_industriale,Città metropolitana di Messina,50,0.44,0.1,0,0.1,ROSSO
automazione_industriale,Provincia di Benevento,50,1.12,0.1,0,0.1,ROSSO
automazione_industriale,Provincia di Lucca,50,0.62,0.1,0,0.1,ROSSO
automazione_industriale,Provincia di Prato,50,0.79,0.1,0,0.1,ROSSO
automazione_industriale,Provincia autonoma di Bolzano - Alto Adige,50,0.79,0.1,0,0.1,ROSSO
automazione_industriale,Provincia di Biella,50,1.53,0.1,0,0.1,ROSSO
automazione_industriale,Provincia di Viterbo,40,0.65,0.1,0,0.1,ROSSO
automazione_industriale,Provincia di Grosseto,40,0.65,0.1,0,0.1,ROSSO
automazione_industriale,Provincia di Ascoli Piceno,40,0.44,0.1,0,0.1,ROSSO
automazione_industriale,Provincia di Asti,40,0.96,0.1,0,0.1,ROSSO
automazione_industriale,Provincia di Crotone,40,0.7,0.1,0,0.1,ROSSO
automazione_industriale,Provincia della Spezia,40,0.53,0.1,0,0.1,ROSSO
automazione_industriale,Provincia di Fermo,40,0.54,0.1,0,0.1,ROSSO
automazione_industriale,Provincia di Foggia,40,0.57,0.1,0,0.1,ROSSO
automazione_industriale,Provincia di Massa e Carrara,40,0.99,0.1,0,0.1,ROSSO
automazione_industriale,Provincia di Nuoro,30,0.54,0.1,0,0.0,ROSSO
automazione_industriale,Provincia di Barletta-Andria-Trani,30,0.61,0.1,0,0.0,ROSSO
automazione_industriale,Provincia di Oristano,30,1.77,0.1,0,0.0,ROSSO
automazione_industriale,Provincia di Sondrio,30,1.19,0.1,0,0.0,ROSSO
automazione_industriale,Provincia di Chieti,30,0.81,0.1,0,0.0,ROSSO
automazione_industriale,Provincia di Carbonia-Iglesias,30,0.36,0.1,0,0.0,ROSSO
automazione_industriale,Provincia di Campobasso,30,0.58,0.1,0,0.0,ROSSO
automazione_industriale,Provincia di Gorizia,30,1.43,0.1,0,0.0,ROSSO
automazione_industriale,Provincia di Terni,30,0.61,0.1,0,0.0,ROSSO
automazione_industriale,Provincia di Savona,30,0.48,0.1,0,0.0,ROSSO
automazione_industriale,Provincia di Rovigo,20,0.38,0.0,0,0.0,ROSSO
automazione_industriale,Provincia di Matera,20,2.4,0.0,0,0.0,ROSSO
automazione_industriale,Provincia di Rieti,20,0.29,0.0,0,0.0,ROSSO
automazione_industriale,Provincia di Belluno,10,0,0.0,0,0.0,ROSSO
automazione_industriale,Provincia di Isernia,10,0,0.0,0,0.0,ROSSO
automazione_industriale,Provincia di Vibo Valentia,10,0,0.0,0,0.0,ROSSO
automazione_industriale,Provincia di Vercelli,10,0,0.0,0,0.0,ROSSO
autonoleggio_lt,Città metropolitana di Milano,139190,0.89,324.8,10,194.9,VERDE
autonoleggio_lt,Città metropolitana di Roma Capitale,94020,0.89,219.4,10,131.7,VERDE
autonoleggio_lt,Città Metropolitana di Napoli,45770,0.9,106.8,10,64.1,VERDE
autonoleggio_lt,Città Metropolitana di Torino,28590,0.92,66.7,10,40.0,VERDE
autonoleggio_lt,Città Metropolitana di Bologna,17850,0.91,41.7,10,25.0,VERDE
autonoleggio_lt,Città Metropolitana di Bari,16190,0.86,37.8,10,22.7,VERDE
autonoleggio_lt,Città Metropolitana di Firenze,14780,0.93,34.5,10,20.7,VERDE
autonoleggio_lt,Provincia di Brescia,12580,0.94,29.4,10,17.6,VERDE
autonoleggio_lt,Città metropolitana di Palermo,11570,0.83,27.0,10,16.2,VERDE
autonoleggio_lt,Provincia di Bergamo,11540,0.89,26.9,10,16.2,VERDE
autonoleggio_lt,Provincia di Monza e della Brianza,10960,0.94,25.6,10,15.4,VERDE
autonoleggio_lt,Città metropolitana di Catania,10800,0.89,25.2,10,15.1,VERDE
autonoleggio_lt,Provincia di Varese,10610,1.03,24.8,10,14.9,VERDE
autonoleggio_lt,Provincia di Padova,10540,0.88,24.6,10,14.8,VERDE
autonoleggio_lt,Provincia di Caserta,9660,0.9,22.5,10,13.5,VERDE
autonoleggio_lt,Provincia di Verona,9590,0.93,22.4,10,13.4,VERDE
autonoleggio_lt,Provincia di Salerno,9210,0.95,21.5,10,12.9,VERDE
autonoleggio_lt,Città Metropolitana di Venezia,8220,0.86,19.2,10,11.5,VERDE
autonoleggio_lt,Provincia di Vicenza,7120,0.97,16.6,10,10.0,VERDE
autonoleggio_lt,Città Metropolitana di Genova,6990,0.83,16.3,10,9.8,VERDE
autonoleggio_lt,Provincia di Treviso,6910,0.88,16.1,10,9.7,VERDE
autonoleggio_lt,Città metropolitana di Cagliari,6490,0.83,15.1,10,9.1,VERDE
autonoleggio_lt,Provincia di Modena,6270,0.95,14.6,10,8.8,VERDE
autonoleggio_lt,Provincia di Como,5850,0.92,13.7,10,8.2,VERDE
autonoleggio_lt,Provincia di Pavia,5130,0.94,12.0,10,7.2,VERDE
autonoleggio_lt,Provincia di Lecce,4690,0.79,10.9,10,6.6,VERDE
autonoleggio_lt,Provincia di Pescara,4550,0.69,10.6,10,6.4,VERDE
autonoleggio_lt,Provincia di Reggio Emilia,4400,0.89,10.3,10,6.2,VERDE
autonoleggio_lt,Provincia di Latina,4340,0.95,10.1,10,6.1,VERDE
autonoleggio_lt,Provincia di Ancona,4270,0.84,10.0,10,6.0,VERDE
autonoleggio_lt,Provincia di Perugia,4210,0.79,9.8,10,5.9,VERDE
autonoleggio_lt,Provincia di Novara,4080,0.98,9.5,10,5.7,VERDE
autonoleggio_lt,Provincia di Lucca,3980,0.95,9.3,10,5.6,VERDE
autonoleggio_lt,Città metropolitana di Reggio Calabria,3810,0.88,8.9,10,5.3,VERDE
autonoleggio_lt,Provincia di Parma,3730,0.88,8.7,10,5.2,VERDE
autonoleggio_lt,Provincia di Rimini,3610,0.89,8.4,10,5.1,VERDE
autonoleggio_lt,Città metropolitana di Sassari,3590,0.86,8.4,10,5.0,VERDE
autonoleggio_lt,Provincia di Pisa,3580,0.85,8.4,10,5.0,VERDE
autonoleggio_lt,Provincia di Cosenza,3570,0.81,8.3,10,5.0,VERDE
autonoleggio_lt,Provincia di Cuneo,3560,0.87,8.3,10,5.0,VERDE
autonoleggio_lt,Provincia di Taranto,3520,0.91,8.2,10,4.9,VERDE
autonoleggio_lt,Provincia autonoma di Trento,3370,1.12,7.9,10,4.7,VERDE
autonoleggio_lt,Città metropolitana di Messina,3190,0.85,7.4,10,4.5,VERDE
autonoleggio_lt,Provincia di Foggia,3180,0.76,7.4,10,4.5,VERDE
autonoleggio_lt,Provincia di Cremona,3170,0.95,7.4,10,4.4,VERDE
autonoleggio_lt,Provincia di Mantova,3140,0.92,7.3,10,4.4,VERDE
autonoleggio_lt,Provincia di Livorno,3070,0.88,7.2,10,4.3,VERDE
autonoleggio_lt,Provincia di Alessandria,3060,0.91,7.1,10,4.3,VERDE
autonoleggio_lt,Provincia di Frosinone,2930,0.82,6.8,10,4.1,VERDE
autonoleggio_lt,Provincia di Avellino,2830,0.76,6.6,10,4.0,VERDE
autonoleggio_lt,Provincia di Trieste,2760,0.8,6.4,10,3.9,VERDE
autonoleggio_lt,Provincia di Ravenna,2750,0.84,6.4,10,3.9,VERDE
autonoleggio_lt,Provincia di Lecco,2670,0.87,6.2,10,3.7,VERDE
autonoleggio_lt,Provincia di Catanzaro,2460,0.85,5.7,10,3.4,VERDE
autonoleggio_lt,Provincia di Chieti,2410,0.76,5.6,10,3.4,VERDE
autonoleggio_lt,Provincia di Forlì-Cesena,2370,0.83,5.5,10,3.3,VERDE
autonoleggio_lt,Provincia di Pistoia,2320,1.1,5.4,10,3.2,VERDE
autonoleggio_lt,Provincia di Piacenza,2270,0.96,5.3,10,3.2,VERDE
autonoleggio_lt,Provincia di Ferrara,2180,0.81,5.1,10,3.1,VERDE
autonoleggio_lt,Provincia di Pesaro e Urbino,2140,1.0,5.0,10,3.0,VERDE
autonoleggio_lt,Provincia di Arezzo,2120,0.86,4.9,10,3.0,VERDE
autonoleggio_lt,Provincia autonoma di Bolzano - Alto Adige,2100,0.94,4.9,10,2.9,VERDE
autonoleggio_lt,Provincia di Brindisi,2080,0.87,4.9,10,2.9,VERDE
autonoleggio_lt,Provincia di Potenza,2080,0.66,4.9,10,2.9,VERDE
autonoleggio_lt,Provincia di Lodi,2010,0.94,4.7,10,2.8,VERDE
autonoleggio_lt,Provincia di Prato,1960,0.84,4.6,10,2.7,VERDE
autonoleggio_lt,Provincia di Barletta-Andria-Trani,1940,0.93,4.5,10,2.7,VERDE
autonoleggio_lt,Provincia di Siena,1850,0.87,4.3,10,2.6,VERDE
autonoleggio_lt,Provincia di Viterbo,1790,0.92,4.2,10,2.5,VERDE
autonoleggio_lt,Provincia di Teramo,1770,0.91,4.1,10,2.5,VERDE
autonoleggio_lt,Provincia di Macerata,1760,0.86,4.1,10,2.5,VERDE
autonoleggio_lt,Provincia dell'Aquila,1650,0.97,3.9,10,2.3,VERDE
autonoleggio_lt,Provincia della Spezia,1620,1.04,3.8,10,2.3,VERDE
autonoleggio_lt,Provincia di Savona,1530,0.97,3.6,10,2.1,VERDE
autonoleggio_lt,Provincia di Grosseto,1470,0.79,3.4,10,2.1,VERDE
autonoleggio_lt,Provincia di Pordenone,1430,0.74,3.3,10,2.0,VERDE
autonoleggio_lt,Provincia di Massa e Carrara,1410,0.91,3.3,10,2.0,VERDE
autonoleggio_lt,Provincia di Rovigo,1340,0.73,3.1,10,1.9,VERDE
autonoleggio_lt,Provincia di Benevento,1290,0.93,3.0,10,1.8,VERDE
autonoleggio_lt,Provincia di Ascoli Piceno,1220,0.8,2.8,10,1.7,VERDE
autonoleggio_lt,Provincia di Imperia,1160,0.93,2.7,10,1.6,VERDE
autonoleggio_lt,Provincia di Terni,1130,0.86,2.6,10,1.6,VERDE
autonoleggio_lt,Provincia di Fermo,1090,1.11,2.5,10,1.5,VERDE
autonoleggio_lt,Provincia di Asti,1050,0.95,2.5,10,1.5,VERDE
autonoleggio_lt,Provincia di Belluno,1010,0.79,2.4,10,1.4,VERDE
autonoleggio_lt,Provincia di Vercelli,990,0.83,2.3,10,1.4,VERDE
autonoleggio_lt,Provincia di Sondrio,930,0.89,2.2,10,1.3,VERDE
autonoleggio_lt,Provincia di Biella,890,0.76,2.1,10,1.2,VERDE
autonoleggio_lt,Provincia di Rieti,800,0.78,1.9,10,1.1,GIALLO
autonoleggio_lt,Provincia di Nuoro,760,0.86,1.8,10,1.1,GIALLO
autonoleggio_lt,Provincia di Vibo Valentia,760,0.94,1.8,10,1.1,GIALLO
autonoleggio_lt,Provincia di Campobasso,750,0.71,1.8,10,1.1,GIALLO
autonoleggio_lt,Provincia di Gorizia,740,0.77,1.7,10,1.0,GIALLO
autonoleggio_lt,Provincia di Matera,720,0.96,1.7,10,1.0,GIALLO
autonoleggio_lt,Provincia di Crotone,610,1.0,1.4,10,0.9,GIALLO
autonoleggio_lt,Provincia di Carbonia-Iglesias,530,0.79,1.2,10,0.7,GIALLO
autonoleggio_lt,Provincia di Oristano,470,0.87,1.1,10,0.7,GIALLO
autonoleggio_lt,Provincia di Isernia,200,0.65,0.5,0,0.3,ROSSO
bonifica_amianto,Città metropolitana di Milano,3730,1.55,8.7,10,5.2,VERDE
bonifica_amianto,Città metropolitana di Roma Capitale,2030,1.61,4.7,10,2.8,VERDE
bonifica_amianto,Città Metropolitana di Torino,670,1.45,1.6,10,0.9,GIALLO
bonifica_amianto,Città Metropolitana di Napoli,540,1.75,1.3,10,0.8,GIALLO
bonifica_amianto,Città Metropolitana di Bologna,490,1.48,1.1,10,0.7,GIALLO
bonifica_amianto,Provincia di Brescia,430,3.07,1.0,10,0.6,GIALLO
bonifica_amianto,Provincia di Padova,390,1.68,0.9,0,0.5,ROSSO
bonifica_amianto,Provincia di Bergamo,360,2.84,0.8,0,0.5,ROSSO
bonifica_amianto,Città Metropolitana di Firenze,360,1.49,0.8,0,0.5,ROSSO
bonifica_amianto,Provincia di Verona,340,1.68,0.8,0,0.5,ROSSO
bonifica_amianto,Città metropolitana di Palermo,290,1.32,0.7,0,0.4,ROSSO
bonifica_amianto,Città Metropolitana di Bari,280,0.97,0.7,0,0.4,ROSSO
bonifica_amianto,Città metropolitana di Catania,270,1.41,0.6,0,0.4,ROSSO
bonifica_amianto,Provincia di Varese,230,1.51,0.5,0,0.3,ROSSO
bonifica_amianto,Città metropolitana di Cagliari,230,0.97,0.5,0,0.3,ROSSO
bonifica_amianto,Provincia di Treviso,220,1.52,0.5,0,0.3,ROSSO
bonifica_amianto,Città Metropolitana di Venezia,210,1.55,0.5,0,0.3,ROSSO
bonifica_amianto,Provincia di Vicenza,180,1.29,0.4,0,0.3,ROSSO
bonifica_amianto,Provincia di Monza e della Brianza,180,3.34,0.4,0,0.3,ROSSO
bonifica_amianto,Provincia di Pavia,170,1.29,0.4,0,0.2,ROSSO
bonifica_amianto,Città Metropolitana di Genova,160,2.32,0.4,0,0.2,ROSSO
bonifica_amianto,Provincia di Ancona,150,1.25,0.4,0,0.2,ROSSO
bonifica_amianto,Provincia di Novara,140,1.78,0.3,0,0.2,ROSSO
bonifica_amianto,Provincia di Lucca,140,1.45,0.3,0,0.2,ROSSO
bonifica_amianto,Provincia di Como,130,1.56,0.3,0,0.2,ROSSO
bonifica_amianto,Provincia di Perugia,130,0.85,0.3,0,0.2,ROSSO
bonifica_amianto,Provincia di Pisa,120,1.29,0.3,0,0.2,ROSSO
bonifica_amianto,Provincia di Ravenna,120,1.81,0.3,0,0.2,ROSSO
bonifica_amianto,Provincia di Cuneo,110,1.99,0.3,0,0.2,ROSSO
bonifica_amianto,Provincia di Ascoli Piceno,110,0.87,0.3,0,0.2,ROSSO
bonifica_amianto,Provincia di Salerno,100,2.03,0.2,0,0.1,ROSSO
bonifica_amianto,Provincia di Caserta,100,1.43,0.2,0,0.1,ROSSO
bonifica_amianto,Provincia di Rimini,100,1.54,0.2,0,0.1,ROSSO
bonifica_amianto,Provincia di Modena,100,1.48,0.2,0,0.1,ROSSO
bonifica_amianto,Provincia di Ferrara,90,1.28,0.2,0,0.1,ROSSO
bonifica_amianto,Provincia di Latina,90,1.19,0.2,0,0.1,ROSSO
bonifica_amianto,Provincia di Pescara,90,1.32,0.2,0,0.1,ROSSO
bonifica_amianto,Provincia di Reggio Emilia,80,2.29,0.2,0,0.1,ROSSO
bonifica_amianto,Provincia di Lecce,80,1.08,0.2,0,0.1,ROSSO
bonifica_amianto,Provincia di Pesaro e Urbino,80,1.35,0.2,0,0.1,ROSSO
bonifica_amianto,Provincia di Mantova,70,1.79,0.2,0,0.1,ROSSO
bonifica_amianto,Provincia di Parma,70,1.75,0.2,0,0.1,ROSSO
bonifica_amianto,Provincia di Cremona,70,4.44,0.2,0,0.1,ROSSO
bonifica_amianto,Provincia di Forlì-Cesena,70,1.27,0.2,0,0.1,ROSSO
bonifica_amianto,Provincia di Pordenone,70,1.7,0.2,0,0.1,ROSSO
bonifica_amianto,Provincia di Pistoia,70,1.54,0.2,0,0.1,ROSSO
bonifica_amianto,Provincia di Taranto,70,1.12,0.2,0,0.1,ROSSO
bonifica_amianto,Provincia di Lecco,70,1.32,0.2,0,0.1,ROSSO
bonifica_amianto,Provincia di Grosseto,70,3.91,0.2,0,0.1,ROSSO
bonifica_amianto,Provincia di Macerata,70,1.23,0.2,0,0.1,ROSSO
bonifica_amianto,Provincia di Livorno,70,2.16,0.2,0,0.1,ROSSO
bonifica_amianto,Provincia di Trieste,60,1.67,0.1,0,0.1,ROSSO
bonifica_amianto,Provincia di Teramo,60,1.07,0.1,0,0.1,ROSSO
bonifica_amianto,Provincia di Asti,60,1.11,0.1,0,0.1,ROSSO
bonifica_amianto,Provincia di Rovigo,60,1.23,0.1,0,0.1,ROSSO
bonifica_amianto,Provincia di Potenza,60,1.91,0.1,0,0.1,ROSSO
bonifica_amianto,Provincia di Alessandria,60,1.14,0.1,0,0.1,ROSSO
bonifica_amianto,Provincia di Prato,60,1.62,0.1,0,0.1,ROSSO
bonifica_amianto,Provincia di Vercelli,50,1.68,0.1,0,0.1,ROSSO
bonifica_amianto,Provincia di Massa e Carrara,50,1.22,0.1,0,0.1,ROSSO
bonifica_amianto,Provincia di Belluno,50,1.26,0.1,0,0.1,ROSSO
bonifica_amianto,Provincia di Siena,50,1.59,0.1,0,0.1,ROSSO
bonifica_amianto,Città metropolitana di Messina,50,2.21,0.1,0,0.1,ROSSO
bonifica_amianto,Provincia di Terni,50,3.79,0.1,0,0.1,ROSSO
bonifica_amianto,Provincia di Arezzo,50,1.04,0.1,0,0.1,ROSSO
bonifica_amianto,Provincia di Gorizia,50,2.6,0.1,0,0.1,ROSSO
bonifica_amianto,Provincia di Frosinone,50,1.0,0.1,0,0.1,ROSSO
bonifica_amianto,Provincia di Savona,50,1.34,0.1,0,0.1,ROSSO
bonifica_amianto,Provincia di Avellino,40,1.27,0.1,0,0.1,ROSSO
bonifica_amianto,Provincia di Chieti,40,0.97,0.1,0,0.1,ROSSO
bonifica_amianto,Provincia di Viterbo,40,8.21,0.1,0,0.1,ROSSO
bonifica_amianto,Provincia dell'Aquila,40,1.12,0.1,0,0.1,ROSSO
bonifica_amianto,Provincia autonoma di Trento,40,2.1,0.1,0,0.1,ROSSO
bonifica_amianto,Città metropolitana di Sassari,40,0.98,0.1,0,0.1,ROSSO
bonifica_amianto,Provincia di Brindisi,30,0.83,0.1,0,0.0,ROSSO
bonifica_amianto,Provincia di Catanzaro,30,0.67,0.1,0,0.0,ROSSO
bonifica_amianto,Provincia di Cosenza,30,1.05,0.1,0,0.0,ROSSO
bonifica_amianto,Provincia di Carbonia-Iglesias,30,0.81,0.1,0,0.0,ROSSO
bonifica_amianto,Provincia della Spezia,30,1.33,0.1,0,0.0,ROSSO
bonifica_amianto,Città metropolitana di Reggio Calabria,30,1.38,0.1,0,0.0,ROSSO
bonifica_amianto,Provincia di Fermo,30,0.78,0.1,0,0.0,ROSSO
bonifica_amianto,Provincia di Imperia,30,1.42,0.1,0,0.0,ROSSO
bonifica_amianto,Provincia di Benevento,20,1.21,0.0,0,0.0,ROSSO
bonifica_amianto,Provincia autonoma di Bolzano - Alto Adige,20,1.66,0.0,0,0.0,ROSSO
bonifica_amianto,Provincia di Foggia,20,1.14,0.0,0,0.0,ROSSO
bonifica_amianto,Provincia di Rieti,20,3.74,0.0,0,0.0,ROSSO
bonifica_amianto,Provincia di Vibo Valentia,10,0,0.0,0,0.0,ROSSO
bonifica_amianto,Provincia di Crotone,10,0,0.0,0,0.0,ROSSO
bonifica_amianto,Provincia di Barletta-Andria-Trani,10,0,0.0,0,0.0,ROSSO
bonifica_amianto,Provincia di Sondrio,10,0,0.0,0,0.0,ROSSO
bonifica_amianto,Provincia di Lodi,10,0,0.0,0,0.0,ROSSO
bonifica_amianto,Provincia di Nuoro,10,0,0.0,0,0.0,ROSSO
bonifica_amianto,Provincia di Campobasso,10,0,0.0,0,0.0,ROSSO
bonifica_amianto,Provincia di Matera,10,0,0.0,0,0.0,ROSSO
bonifica_amianto,Provincia di Biella,10,0,0.0,0,0.0,ROSSO
bonifica_amianto,Provincia di Piacenza,10,0,0.0,0,0.0,ROSSO
bonifica_amianto,Provincia di Isernia,10,0,0.0,0,0.0,ROSSO
bonifica_amianto,Provincia di Oristano,10,0,0.0,0,0.0,ROSSO
cabine_armadio,Città metropolitana di Milano,5310,0.72,12.4,10,7.4,VERDE
cabine_armadio,Città metropolitana di Roma Capitale,3930,0.63,9.2,10,5.5,VERDE
cabine_armadio,Città Metropolitana di Torino,1050,0.57,2.5,10,1.5,VERDE
cabine_armadio,Città Metropolitana di Napoli,1030,0.52,2.4,10,1.4,VERDE
cabine_armadio,Città Metropolitana di Bologna,590,0.68,1.4,10,0.8,GIALLO
cabine_armadio,Città Metropolitana di Firenze,450,0.74,1.1,10,0.6,GIALLO
cabine_armadio,Provincia di Brescia,350,0.88,0.8,0,0.5,ROSSO
cabine_armadio,Provincia di Padova,340,0.74,0.8,0,0.5,ROSSO
cabine_armadio,Città Metropolitana di Bari,330,0.56,0.8,0,0.5,ROSSO
cabine_armadio,Provincia di Bergamo,320,0.8,0.7,0,0.4,ROSSO
cabine_armadio,Città metropolitana di Palermo,290,0.5,0.7,0,0.4,ROSSO
cabine_armadio,Provincia di Monza e della Brianza,280,0.78,0.7,0,0.4,ROSSO
cabine_armadio,Provincia di Varese,270,0.65,0.6,0,0.4,ROSSO
cabine_armadio,Città Metropolitana di Venezia,220,0.63,0.5,0,0.3,ROSSO
cabine_armadio,Provincia di Verona,220,0.63,0.5,0,0.3,ROSSO
cabine_armadio,Città metropolitana di Catania,210,0.53,0.5,0,0.3,ROSSO
cabine_armadio,Provincia di Salerno,210,0.48,0.5,0,0.3,ROSSO
cabine_armadio,Città Metropolitana di Genova,200,0.66,0.5,0,0.3,ROSSO
cabine_armadio,Provincia di Treviso,180,0.79,0.4,0,0.3,ROSSO
cabine_armadio,Provincia di Vicenza,160,1.01,0.4,0,0.2,ROSSO
cabine_armadio,Provincia di Como,150,0.65,0.4,0,0.2,ROSSO
cabine_armadio,Città metropolitana di Cagliari,150,0.94,0.4,0,0.2,ROSSO
cabine_armadio,Provincia di Caserta,130,0.66,0.3,0,0.2,ROSSO
cabine_armadio,Provincia di Reggio Emilia,120,0.57,0.3,0,0.2,ROSSO
cabine_armadio,Provincia di Pavia,120,0.67,0.3,0,0.2,ROSSO
cabine_armadio,Provincia autonoma di Trento,110,0.67,0.3,0,0.2,ROSSO
cabine_armadio,Provincia di Modena,100,1.8,0.2,0,0.1,ROSSO
cabine_armadio,Provincia di Pescara,100,0.52,0.2,0,0.1,ROSSO
cabine_armadio,Provincia di Perugia,100,0.62,0.2,0,0.1,ROSSO
cabine_armadio,Provincia di Cuneo,100,0.83,0.2,0,0.1,ROSSO
cabine_armadio,Provincia di Novara,90,0.88,0.2,0,0.1,ROSSO
cabine_armadio,Provincia di Parma,90,0.83,0.2,0,0.1,ROSSO
cabine_armadio,Provincia di Ravenna,90,1.22,0.2,0,0.1,ROSSO
cabine_armadio,Provincia di Latina,90,0.83,0.2,0,0.1,ROSSO
cabine_armadio,Provincia di Frosinone,90,0.63,0.2,0,0.1,ROSSO
cabine_armadio,Provincia di Rimini,90,0.72,0.2,0,0.1,ROSSO
cabine_armadio,Provincia di Lucca,90,1.45,0.2,0,0.1,ROSSO
cabine_armadio,Provincia di Avellino,70,0.52,0.2,0,0.1,ROSSO
cabine_armadio,Provincia di Mantova,70,0.96,0.2,0,0.1,ROSSO
cabine_armadio,Provincia di Lecce,70,0.53,0.2,0,0.1,ROSSO
cabine_armadio,Provincia di Taranto,60,0.62,0.1,0,0.1,ROSSO
cabine_armadio,Provincia di Foggia,60,0.5,0.1,0,0.1,ROSSO
cabine_armadio,Città metropolitana di Messina,60,0.45,0.1,0,0.1,ROSSO
cabine_armadio,Provincia di Pisa,60,0.79,0.1,0,0.1,ROSSO
cabine_armadio,Provincia di Cosenza,60,0.48,0.1,0,0.1,ROSSO
cabine_armadio,Provincia di Ancona,60,1.37,0.1,0,0.1,ROSSO
cabine_armadio,Provincia di Alessandria,60,0.68,0.1,0,0.1,ROSSO
cabine_armadio,Provincia di Lecco,60,0.91,0.1,0,0.1,ROSSO
cabine_armadio,Provincia di Potenza,60,0.49,0.1,0,0.1,ROSSO
cabine_armadio,Provincia di Livorno,50,0.89,0.1,0,0.1,ROSSO
cabine_armadio,Provincia di Trieste,50,0.45,0.1,0,0.1,ROSSO
cabine_armadio,Provincia di Ferrara,50,1.13,0.1,0,0.1,ROSSO
cabine_armadio,Provincia di Forlì-Cesena,50,0.87,0.1,0,0.1,ROSSO
cabine_armadio,Provincia di Cremona,50,0.88,0.1,0,0.1,ROSSO
cabine_armadio,Provincia dell'Aquila,50,0.55,0.1,0,0.1,ROSSO
cabine_armadio,Città metropolitana di Reggio Calabria,40,0.56,0.1,0,0.1,ROSSO
cabine_armadio,Provincia di Savona,40,0.81,0.1,0,0.1,ROSSO
cabine_armadio,Provincia autonoma di Bolzano - Alto Adige,40,0.83,0.1,0,0.1,ROSSO
cabine_armadio,Provincia di Lodi,40,0.83,0.1,0,0.1,ROSSO
cabine_armadio,Provincia della Spezia,40,0.36,0.1,0,0.1,ROSSO
cabine_armadio,Provincia di Vercelli,40,0.95,0.1,0,0.1,ROSSO
cabine_armadio,Città metropolitana di Sassari,40,0.61,0.1,0,0.1,ROSSO
cabine_armadio,Provincia di Piacenza,40,0.79,0.1,0,0.1,ROSSO
cabine_armadio,Provincia di Chieti,40,0.47,0.1,0,0.1,ROSSO
cabine_armadio,Provincia di Pesaro e Urbino,40,0.67,0.1,0,0.1,ROSSO
cabine_armadio,Provincia di Pordenone,40,0.57,0.1,0,0.1,ROSSO
cabine_armadio,Provincia di Viterbo,40,0.48,0.1,0,0.1,ROSSO
cabine_armadio,Provincia di Siena,30,1.12,0.1,0,0.0,ROSSO
cabine_armadio,Provincia di Pistoia,30,0.76,0.1,0,0.0,ROSSO
cabine_armadio,Provincia di Biella,30,0.42,0.1,0,0.0,ROSSO
cabine_armadio,Provincia di Catanzaro,30,0.54,0.1,0,0.0,ROSSO
cabine_armadio,Provincia di Massa e Carrara,30,0.78,0.1,0,0.0,ROSSO
cabine_armadio,Provincia di Arezzo,30,0.61,0.1,0,0.0,ROSSO
cabine_armadio,Provincia di Brindisi,30,0.76,0.1,0,0.0,ROSSO
cabine_armadio,Provincia di Asti,30,0.99,0.1,0,0.0,ROSSO
cabine_armadio,Provincia di Campobasso,30,0.54,0.1,0,0.0,ROSSO
cabine_armadio,Provincia di Macerata,30,0.87,0.1,0,0.0,ROSSO
cabine_armadio,Provincia di Prato,30,0.85,0.1,0,0.0,ROSSO
cabine_armadio,Provincia di Gorizia,20,0.53,0.0,0,0.0,ROSSO
cabine_armadio,Provincia di Vibo Valentia,20,0.64,0.0,0,0.0,ROSSO
cabine_armadio,Provincia di Matera,20,0.45,0.0,0,0.0,ROSSO
cabine_armadio,Provincia di Imperia,20,0.66,0.0,0,0.0,ROSSO
cabine_armadio,Provincia di Crotone,20,0.69,0.0,0,0.0,ROSSO
cabine_armadio,Provincia di Rovigo,20,0.64,0.0,0,0.0,ROSSO
cabine_armadio,Provincia di Grosseto,20,1.23,0.0,0,0.0,ROSSO
cabine_armadio,Provincia di Terni,20,0.66,0.0,0,0.0,ROSSO
cabine_armadio,Provincia di Rieti,20,0.78,0.0,0,0.0,ROSSO
cabine_armadio,Provincia di Fermo,20,2.96,0.0,0,0.0,ROSSO
cabine_armadio,Provincia di Teramo,20,0.85,0.0,0,0.0,ROSSO
cabine_armadio,Provincia di Barletta-Andria-Trani,20,0.55,0.0,0,0.0,ROSSO
cabine_armadio,Provincia di Carbonia-Iglesias,10,0,0.0,0,0.0,ROSSO
cabine_armadio,Provincia di Benevento,10,0,0.0,0,0.0,ROSSO
cabine_armadio,Provincia di Isernia,10,0,0.0,0,0.0,ROSSO
cabine_armadio,Provincia di Nuoro,10,0,0.0,0,0.0,ROSSO
cabine_armadio,Provincia di Oristano,10,0,0.0,0,0.0,ROSSO
cabine_armadio,Provincia di Sondrio,10,0,0.0,0,0.0,ROSSO
cabine_armadio,Provincia di Belluno,10,0,0.0,0,0.0,ROSSO
cabine_armadio,Provincia di Ascoli Piceno,10,0,0.0,0,0.0,ROSSO
calcestruzzo_inerti,Città metropolitana di Milano,400,0.49,0.9,0,0.6,ROSSO
calcestruzzo_inerti,Città Metropolitana di Bologna,200,0.82,0.5,0,0.3,ROSSO
calcestruzzo_inerti,Città metropolitana di Roma Capitale,180,2.76,0.4,0,0.3,ROSSO
calcestruzzo_inerti,Città Metropolitana di Torino,100,1.4,0.2,0,0.1,ROSSO
calcestruzzo_inerti,Provincia di Brescia,80,3.28,0.2,0,0.1,ROSSO
calcestruzzo_inerti,Città Metropolitana di Napoli,80,0.75,0.2,0,0.1,ROSSO
calcestruzzo_inerti,Provincia di Padova,60,0.87,0.1,0,0.1,ROSSO
calcestruzzo_inerti,Città Metropolitana di Bari,60,8.95,0.1,0,0.1,ROSSO
calcestruzzo_inerti,Città Metropolitana di Firenze,60,0,0.1,0,0.1,ROSSO
calcestruzzo_inerti,Provincia di Bergamo,60,0.4,0.1,0,0.1,ROSSO
calcestruzzo_inerti,Provincia di Modena,50,0.53,0.1,0,0.1,ROSSO
calcestruzzo_inerti,Provincia di Treviso,40,1.24,0.1,0,0.1,ROSSO
calcestruzzo_inerti,Città Metropolitana di Venezia,40,0.79,0.1,0,0.1,ROSSO
calcestruzzo_inerti,Provincia di Ferrara,40,0,0.1,0,0.1,ROSSO
calcestruzzo_inerti,Provincia di Salerno,40,0,0.1,0,0.1,ROSSO
calcestruzzo_inerti,Provincia di Verona,40,0.2,0.1,0,0.1,ROSSO
calcestruzzo_inerti,Provincia di Vicenza,40,0,0.1,0,0.1,ROSSO
calcestruzzo_inerti,Città metropolitana di Catania,40,0,0.1,0,0.1,ROSSO
calcestruzzo_inerti,Città metropolitana di Palermo,40,1.99,0.1,0,0.1,ROSSO
calcestruzzo_inerti,Città metropolitana di Cagliari,40,0.42,0.1,0,0.1,ROSSO
calcestruzzo_inerti,Provincia di Varese,40,0.33,0.1,0,0.1,ROSSO
calcestruzzo_inerti,Provincia autonoma di Trento,30,0,0.1,0,0.0,ROSSO
calcestruzzo_inerti,Provincia di Monza e della Brianza,30,0,0.1,0,0.0,ROSSO
calcestruzzo_inerti,Provincia di Novara,30,0.49,0.1,0,0.0,ROSSO
calcestruzzo_inerti,Provincia di Lucca,30,0,0.1,0,0.0,ROSSO
calcestruzzo_inerti,Provincia di Perugia,30,2.94,0.1,0,0.0,ROSSO
calcestruzzo_inerti,Provincia di Pescara,30,0,0.1,0,0.0,ROSSO
calcestruzzo_inerti,Provincia di Caserta,30,12.5,0.1,0,0.0,ROSSO
calcestruzzo_inerti,Provincia di Ancona,30,3.8,0.1,0,0.0,ROSSO
calcestruzzo_inerti,Provincia di Pisa,30,0,0.1,0,0.0,ROSSO
calcestruzzo_inerti,Provincia di Pavia,30,0,0.1,0,0.0,ROSSO
calcestruzzo_inerti,Provincia di Cremona,30,0,0.1,0,0.0,ROSSO
calcestruzzo_inerti,Provincia di Como,30,0,0.1,0,0.0,ROSSO
calcestruzzo_inerti,Città Metropolitana di Genova,30,0,0.1,0,0.0,ROSSO
calcestruzzo_inerti,Città metropolitana di Sassari,30,0.29,0.1,0,0.0,ROSSO
calcestruzzo_inerti,Provincia di Lecco,20,0.42,0.0,0,0.0,ROSSO
calcestruzzo_inerti,Provincia di Trieste,20,0.86,0.0,0,0.0,ROSSO
calcestruzzo_inerti,Provincia di Macerata,10,0,0.0,0,0.0,ROSSO
calcestruzzo_inerti,Provincia della Spezia,10,0,0.0,0,0.0,ROSSO
calcestruzzo_inerti,Provincia di Oristano,10,0,0.0,0,0.0,ROSSO
calcestruzzo_inerti,Provincia di Foggia,10,0,0.0,0,0.0,ROSSO
calcestruzzo_inerti,Provincia di Piacenza,10,0,0.0,0,0.0,ROSSO
calcestruzzo_inerti,Provincia di Vibo Valentia,10,0,0.0,0,0.0,ROSSO
calcestruzzo_inerti,Provincia di Terni,10,0,0.0,0,0.0,ROSSO
calcestruzzo_inerti,Provincia di Imperia,10,0,0.0,0,0.0,ROSSO
calcestruzzo_inerti,Provincia di Biella,10,0,0.0,0,0.0,ROSSO
calcestruzzo_inerti,Provincia di Lecce,10,0,0.0,0,0.0,ROSSO
calcestruzzo_inerti,Provincia di Ravenna,10,0,0.0,0,0.0,ROSSO
calcestruzzo_inerti,Provincia di Isernia,10,0,0.0,0,0.0,ROSSO
calcestruzzo_inerti,Provincia di Catanzaro,10,0,0.0,0,0.0,ROSSO
calcestruzzo_inerti,Provincia di Livorno,10,0,0.0,0,0.0,ROSSO
calcestruzzo_inerti,Provincia di Benevento,10,0,0.0,0,0.0,ROSSO
calcestruzzo_inerti,Provincia di Grosseto,10,0,0.0,0,0.0,ROSSO
calcestruzzo_inerti,Provincia di Savona,10,0,0.0,0,0.0,ROSSO
calcestruzzo_inerti,Provincia di Matera,10,0,0.0,0,0.0,ROSSO
calcestruzzo_inerti,Provincia di Arezzo,10,0,0.0,0,0.0,ROSSO
calcestruzzo_inerti,Provincia di Reggio Emilia,10,0,0.0,0,0.0,ROSSO
calcestruzzo_inerti,Provincia di Alessandria,10,0,0.0,0,0.0,ROSSO
calcestruzzo_inerti,Provincia di Prato,10,0,0.0,0,0.0,ROSSO
calcestruzzo_inerti,Provincia di Rieti,10,0,0.0,0,0.0,ROSSO
calcestruzzo_inerti,Provincia di Pesaro e Urbino,10,0,0.0,0,0.0,ROSSO
calcestruzzo_inerti,Provincia di Gorizia,10,0,0.0,0,0.0,ROSSO
calcestruzzo_inerti,Provincia di Latina,10,0,0.0,0,0.0,ROSSO
calcestruzzo_inerti,Provincia di Pistoia,10,0,0.0,0,0.0,ROSSO
calcestruzzo_inerti,Provincia di Fermo,10,0,0.0,0,0.0,ROSSO
calcestruzzo_inerti,Provincia di Taranto,10,0,0.0,0,0.0,ROSSO
calcestruzzo_inerti,Provincia dell'Aquila,10,0,0.0,0,0.0,ROSSO
calcestruzzo_inerti,Provincia di Campobasso,10,0,0.0,0,0.0,ROSSO
calcestruzzo_inerti,Provincia di Rimini,10,0,0.0,0,0.0,ROSSO
calcestruzzo_inerti,Provincia di Pordenone,10,0,0.0,0,0.0,ROSSO
calcestruzzo_inerti,Provincia di Siena,10,0,0.0,0,0.0,ROSSO
calcestruzzo_inerti,Città metropolitana di Reggio Calabria,10,0,0.0,0,0.0,ROSSO
calcestruzzo_inerti,Provincia di Ascoli Piceno,10,0,0.0,0,0.0,ROSSO
calcestruzzo_inerti,Provincia di Lodi,10,0,0.0,0,0.0,ROSSO
calcestruzzo_inerti,Provincia di Potenza,10,0,0.0,0,0.0,ROSSO
calcestruzzo_inerti,Provincia di Carbonia-Iglesias,10,0,0.0,0,0.0,ROSSO
calcestruzzo_inerti,Provincia di Viterbo,10,0,0.0,0,0.0,ROSSO
calcestruzzo_inerti,Provincia di Asti,10,0,0.0,0,0.0,ROSSO
calcestruzzo_inerti,Provincia di Rovigo,10,0,0.0,0,0.0,ROSSO
calcestruzzo_inerti,Provincia di Chieti,10,0,0.0,0,0.0,ROSSO
calcestruzzo_inerti,Provincia di Avellino,10,0,0.0,0,0.0,ROSSO
calcestruzzo_inerti,Provincia di Forlì-Cesena,10,0,0.0,0,0.0,ROSSO
calcestruzzo_inerti,Provincia di Massa e Carrara,10,0,0.0,0,0.0,ROSSO
calcestruzzo_inerti,Città metropolitana di Messina,10,0,0.0,0,0.0,ROSSO
calcestruzzo_inerti,Provincia autonoma di Bolzano - Alto Adige,10,0,0.0,0,0.0,ROSSO
calcestruzzo_inerti,Provincia di Crotone,10,0,0.0,0,0.0,ROSSO
calcestruzzo_inerti,Provincia di Cosenza,10,0,0.0,0,0.0,ROSSO
calcestruzzo_inerti,Provincia di Mantova,10,0,0.0,0,0.0,ROSSO
calcestruzzo_inerti,Provincia di Vercelli,10,0,0.0,0,0.0,ROSSO
calcestruzzo_inerti,Provincia di Nuoro,10,0,0.0,0,0.0,ROSSO
calcestruzzo_inerti,Provincia di Belluno,10,0,0.0,0,0.0,ROSSO
calcestruzzo_inerti,Provincia di Teramo,10,0,0.0,0,0.0,ROSSO
calcestruzzo_inerti,Provincia di Brindisi,10,0,0.0,0,0.0,ROSSO
calcestruzzo_inerti,Provincia di Sondrio,10,0,0.0,0,0.0,ROSSO
calcestruzzo_inerti,Provincia di Parma,10,0,0.0,0,0.0,ROSSO
calcestruzzo_inerti,Provincia di Frosinone,10,0,0.0,0,0.0,ROSSO
calcestruzzo_inerti,Provincia di Cuneo,10,0,0.0,0,0.0,ROSSO
calcestruzzo_inerti,Provincia di Barletta-Andria-Trani,10,0,0.0,0,0.0,ROSSO
caldaie,Città metropolitana di Milano,3150,1.46,7.4,10,4.4,VERDE
caldaie,Città metropolitana di Roma Capitale,1610,1.87,3.8,10,2.3,VERDE
caldaie,Città Metropolitana di Napoli,640,0.94,1.5,10,0.9,GIALLO
caldaie,Città Metropolitana di Torino,460,1.71,1.1,10,0.6,GIALLO
caldaie,Città Metropolitana di Bologna,380,2.5,0.9,0,0.5,ROSSO
caldaie,Provincia di Brescia,260,10.32,0.6,0,0.4,ROSSO
caldaie,Provincia di Padova,210,0.96,0.5,0,0.3,ROSSO
caldaie,Città Metropolitana di Firenze,200,0.98,0.5,0,0.3,ROSSO
caldaie,Città Metropolitana di Bari,200,1.49,0.5,0,0.3,ROSSO
caldaie,Città metropolitana di Palermo,170,0.86,0.4,0,0.2,ROSSO
caldaie,Provincia di Verona,170,1.24,0.4,0,0.2,ROSSO
caldaie,Provincia di Varese,170,1.28,0.4,0,0.2,ROSSO
caldaie,Provincia di Vicenza,160,0.31,0.4,0,0.2,ROSSO
caldaie,Provincia di Treviso,150,1.31,0.4,0,0.2,ROSSO
caldaie,Provincia di Bergamo,150,2.39,0.4,0,0.2,ROSSO
caldaie,Città metropolitana di Catania,140,0.61,0.3,0,0.2,ROSSO
caldaie,Città Metropolitana di Venezia,130,1.29,0.3,0,0.2,ROSSO
caldaie,Provincia di Salerno,100,0,0.2,0,0.1,ROSSO
caldaie,Provincia di Monza e della Brianza,90,1.48,0.2,0,0.1,ROSSO
caldaie,Provincia di Como,80,1.63,0.2,0,0.1,ROSSO
caldaie,Provincia di Perugia,70,0.45,0.2,0,0.1,ROSSO
caldaie,Provincia di Ravenna,70,0.96,0.2,0,0.1,ROSSO
caldaie,Provincia di Cosenza,70,0.64,0.2,0,0.1,ROSSO
caldaie,Provincia di Caserta,60,0,0.1,0,0.1,ROSSO
caldaie,Provincia di Cremona,60,1.6,0.1,0,0.1,ROSSO
caldaie,Provincia di Lecco,50,1.23,0.1,0,0.1,ROSSO
caldaie,Provincia di Taranto,50,0.55,0.1,0,0.1,ROSSO
caldaie,Provincia di Pescara,50,1.2,0.1,0,0.1,ROSSO
caldaie,Provincia di Lecce,50,6.39,0.1,0,0.1,ROSSO
caldaie,Provincia di Parma,50,1.24,0.1,0,0.1,ROSSO
caldaie,Provincia di Cuneo,50,1.5,0.1,0,0.1,ROSSO
caldaie,Provincia di Mantova,50,2.6,0.1,0,0.1,ROSSO
caldaie,Provincia di Avellino,50,1.3,0.1,0,0.1,ROSSO
caldaie,Città Metropolitana di Genova,50,1.41,0.1,0,0.1,ROSSO
caldaie,Provincia di Alessandria,50,0.6,0.1,0,0.1,ROSSO
caldaie,Provincia di Pavia,50,3.2,0.1,0,0.1,ROSSO
caldaie,Provincia di Siena,50,2.35,0.1,0,0.1,ROSSO
caldaie,Città metropolitana di Cagliari,40,0.11,0.1,0,0.1,ROSSO
caldaie,Provincia di Ancona,40,1.47,0.1,0,0.1,ROSSO
caldaie,Provincia autonoma di Trento,40,0,0.1,0,0.1,ROSSO
caldaie,Città metropolitana di Reggio Calabria,40,0,0.1,0,0.1,ROSSO
caldaie,Provincia di Viterbo,40,0.56,0.1,0,0.1,ROSSO
caldaie,Provincia di Piacenza,30,0,0.1,0,0.0,ROSSO
caldaie,Provincia di Catanzaro,30,0,0.1,0,0.0,ROSSO
caldaie,Provincia di Rimini,30,1.97,0.1,0,0.0,ROSSO
caldaie,Provincia di Lucca,30,1.38,0.1,0,0.0,ROSSO
caldaie,Provincia di Gorizia,30,0.86,0.1,0,0.0,ROSSO
caldaie,Provincia di Pesaro e Urbino,30,0,0.1,0,0.0,ROSSO
caldaie,Provincia di Reggio Emilia,30,0.91,0.1,0,0.0,ROSSO
caldaie,Provincia di Forlì-Cesena,30,1.05,0.1,0,0.0,ROSSO
caldaie,Provincia di Modena,30,2.27,0.1,0,0.0,ROSSO
caldaie,Provincia di Foggia,30,0,0.1,0,0.0,ROSSO
caldaie,Provincia di Brindisi,30,0,0.1,0,0.0,ROSSO
caldaie,Provincia di Frosinone,30,0,0.1,0,0.0,ROSSO
caldaie,Provincia di Latina,30,0,0.1,0,0.0,ROSSO
caldaie,Provincia di Prato,20,1.51,0.0,0,0.0,ROSSO
caldaie,Provincia di Macerata,20,4.27,0.0,0,0.0,ROSSO
caldaie,Provincia di Pistoia,20,3.35,0.0,0,0.0,ROSSO
caldaie,Provincia di Rovigo,20,1.18,0.0,0,0.0,ROSSO
caldaie,Provincia dell'Aquila,20,0.16,0.0,0,0.0,ROSSO
caldaie,Provincia di Lodi,20,0.86,0.0,0,0.0,ROSSO
caldaie,Provincia di Pordenone,20,2.05,0.0,0,0.0,ROSSO
caldaie,Provincia di Savona,20,0.89,0.0,0,0.0,ROSSO
caldaie,Provincia di Massa e Carrara,20,1.62,0.0,0,0.0,ROSSO
caldaie,Provincia di Ferrara,20,0.88,0.0,0,0.0,ROSSO
caldaie,Provincia di Fermo,10,0,0.0,0,0.0,ROSSO
caldaie,Provincia di Campobasso,10,0,0.0,0,0.0,ROSSO
caldaie,Città metropolitana di Sassari,10,0,0.0,0,0.0,ROSSO
caldaie,Provincia di Vibo Valentia,10,0,0.0,0,0.0,ROSSO
caldaie,Provincia di Grosseto,10,0,0.0,0,0.0,ROSSO
caldaie,Provincia di Benevento,10,0,0.0,0,0.0,ROSSO
caldaie,Provincia di Rieti,10,0,0.0,0,0.0,ROSSO
caldaie,Provincia di Chieti,10,0,0.0,0,0.0,ROSSO
caldaie,Città metropolitana di Messina,10,0,0.0,0,0.0,ROSSO
caldaie,Provincia di Oristano,10,0,0.0,0,0.0,ROSSO
caldaie,Provincia della Spezia,10,0,0.0,0,0.0,ROSSO
caldaie,Provincia di Terni,10,0,0.0,0,0.0,ROSSO
caldaie,Provincia di Imperia,10,0,0.0,0,0.0,ROSSO
caldaie,Provincia di Isernia,10,0,0.0,0,0.0,ROSSO
caldaie,Provincia di Livorno,10,0,0.0,0,0.0,ROSSO
caldaie,Provincia autonoma di Bolzano - Alto Adige,10,0,0.0,0,0.0,ROSSO
caldaie,Provincia di Teramo,10,0,0.0,0,0.0,ROSSO
caldaie,Provincia di Trieste,10,0,0.0,0,0.0,ROSSO
caldaie,Provincia di Crotone,10,0,0.0,0,0.0,ROSSO
caldaie,Provincia di Nuoro,10,0,0.0,0,0.0,ROSSO
caldaie,Provincia di Belluno,10,0,0.0,0,0.0,ROSSO
caldaie,Provincia di Sondrio,10,0,0.0,0,0.0,ROSSO
caldaie,Provincia di Ascoli Piceno,10,0,0.0,0,0.0,ROSSO
caldaie,Provincia di Asti,10,0,0.0,0,0.0,ROSSO
caldaie,Provincia di Pisa,10,0,0.0,0,0.0,ROSSO
caldaie,Provincia di Barletta-Andria-Trani,10,0,0.0,0,0.0,ROSSO
caldaie,Provincia di Biella,10,0,0.0,0,0.0,ROSSO
caldaie,Provincia di Vercelli,10,0,0.0,0,0.0,ROSSO
caldaie,Provincia di Novara,10,0,0.0,0,0.0,ROSSO
caldaie,Provincia di Matera,10,0,0.0,0,0.0,ROSSO
caldaie,Provincia di Arezzo,10,0,0.0,0,0.0,ROSSO
caldaie,Provincia di Potenza,10,0,0.0,0,0.0,ROSSO
caldaie,Provincia di Carbonia-Iglesias,10,0,0.0,0,0.0,ROSSO
camperizzazione,Città metropolitana di Milano,63250,0.34,147.6,10,88.6,VERDE
camperizzazione,Città metropolitana di Roma Capitale,13900,0.32,32.4,10,19.5,VERDE
camperizzazione,Città Metropolitana di Torino,9870,0.25,23.0,10,13.8,VERDE
camperizzazione,Città Metropolitana di Bologna,8450,0.47,19.7,10,11.8,VERDE
camperizzazione,Città Metropolitana di Firenze,4770,0.21,11.1,10,6.7,VERDE
camperizzazione,Provincia di Brescia,4700,0.35,11.0,10,6.6,VERDE
camperizzazione,Provincia di Vicenza,4550,0.18,10.6,10,6.4,VERDE
camperizzazione,Provincia di Bergamo,4280,0.33,10.0,10,6.0,VERDE
camperizzazione,Provincia di Verona,3790,0.15,8.8,10,5.3,VERDE
camperizzazione,Provincia di Padova,3660,0.27,8.5,10,5.1,VERDE
camperizzazione,Città Metropolitana di Napoli,3270,0.24,7.6,10,4.6,VERDE
camperizzazione,Città Metropolitana di Venezia,2650,0.45,6.2,10,3.7,VERDE
camperizzazione,Provincia autonoma di Trento,2500,0.1,5.8,10,3.5,VERDE
camperizzazione,Città metropolitana di Cagliari,2460,0.12,5.7,10,3.4,VERDE
camperizzazione,Città Metropolitana di Bari,2360,0.19,5.5,10,3.3,VERDE
camperizzazione,Provincia di Cuneo,2230,0.31,5.2,10,3.1,VERDE
camperizzazione,Provincia di Treviso,2220,0.16,5.2,10,3.1,VERDE
camperizzazione,Città metropolitana di Palermo,2150,0.31,5.0,10,3.0,VERDE
camperizzazione,Provincia di Trieste,2080,0.12,4.9,10,2.9,VERDE
camperizzazione,Città Metropolitana di Genova,1930,0.2,4.5,10,2.7,VERDE
camperizzazione,Provincia di Monza e della Brianza,1900,0.39,4.4,10,2.7,VERDE
camperizzazione,Provincia di Rimini,1890,0.17,4.4,10,2.6,VERDE
camperizzazione,Provincia di Ancona,1790,0.22,4.2,10,2.5,VERDE
camperizzazione,Provincia di Varese,1740,0.18,4.1,10,2.4,VERDE
camperizzazione,Provincia di Modena,1690,0.15,3.9,10,2.4,VERDE
camperizzazione,Provincia di Como,1570,0.15,3.7,10,2.2,VERDE
camperizzazione,Provincia di Parma,1550,0.24,3.6,10,2.2,VERDE
camperizzazione,Provincia di Novara,1510,0.12,3.5,10,2.1,VERDE
camperizzazione,Provincia di Livorno,1360,0.19,3.2,10,1.9,VERDE
camperizzazione,Provincia autonoma di Bolzano - Alto Adige,1340,0.18,3.1,10,1.9,VERDE
camperizzazione,Provincia di Lucca,1330,0.12,3.1,10,1.9,VERDE
camperizzazione,Provincia di Pescara,1330,0.08,3.1,10,1.9,VERDE
camperizzazione,Città metropolitana di Catania,1330,0.33,3.1,10,1.9,VERDE
camperizzazione,Provincia di Perugia,1320,0.18,3.1,10,1.8,VERDE
camperizzazione,Provincia di Reggio Emilia,1290,0.1,3.0,10,1.8,VERDE
camperizzazione,Provincia di Mantova,1180,0.25,2.8,10,1.7,VERDE
camperizzazione,Provincia di Ferrara,1160,0.13,2.7,10,1.6,VERDE
camperizzazione,Provincia di Ravenna,1130,0.38,2.6,10,1.6,VERDE
camperizzazione,Provincia di Cremona,1050,0.14,2.5,10,1.5,VERDE
camperizzazione,Provincia di Taranto,980,0.3,2.3,10,1.4,VERDE
camperizzazione,Provincia di Forlì-Cesena,960,0.19,2.2,10,1.3,VERDE
camperizzazione,Provincia di Pisa,950,0.19,2.2,10,1.3,VERDE
camperizzazione,Provincia di Salerno,870,0.2,2.0,10,1.2,VERDE
camperizzazione,Provincia di Pesaro e Urbino,870,0.19,2.0,10,1.2,VERDE
camperizzazione,Provincia di Pavia,860,0.15,2.0,10,1.2,VERDE
camperizzazione,Provincia di Alessandria,760,0.23,1.8,10,1.1,GIALLO
camperizzazione,Città metropolitana di Sassari,720,0.54,1.7,10,1.0,GIALLO
camperizzazione,Provincia di Potenza,690,0.26,1.6,10,1.0,GIALLO
camperizzazione,Provincia di Lecco,650,0.11,1.5,10,0.9,GIALLO
camperizzazione,Provincia di Macerata,650,0.18,1.5,10,0.9,GIALLO
camperizzazione,Provincia di Siena,580,0.08,1.4,10,0.8,GIALLO
camperizzazione,Provincia di Belluno,570,0.07,1.3,10,0.8,GIALLO
camperizzazione,Provincia di Lecce,570,0.15,1.3,10,0.8,GIALLO
camperizzazione,Provincia di Sondrio,560,0.24,1.3,10,0.8,GIALLO
camperizzazione,Provincia di Grosseto,550,0.22,1.3,10,0.8,GIALLO
camperizzazione,Provincia di Pordenone,540,0.1,1.3,10,0.8,GIALLO
camperizzazione,Provincia di Arezzo,520,0.08,1.2,10,0.7,GIALLO
camperizzazione,Provincia di Piacenza,520,0.16,1.2,10,0.7,GIALLO
camperizzazione,Provincia di Savona,480,0.09,1.1,10,0.7,GIALLO
camperizzazione,Provincia di Caserta,480,0.23,1.1,10,0.7,GIALLO
camperizzazione,Provincia di Pistoia,470,0.16,1.1,10,0.7,GIALLO
camperizzazione,Provincia di Latina,460,0.22,1.1,10,0.6,GIALLO
camperizzazione,Città metropolitana di Reggio Calabria,440,0.25,1.0,10,0.6,GIALLO
camperizzazione,Provincia della Spezia,420,0.04,1.0,10,0.6,GIALLO
camperizzazione,Provincia di Viterbo,410,0.03,1.0,10,0.6,GIALLO
camperizzazione,Provincia di Frosinone,400,0.04,0.9,0,0.6,ROSSO
camperizzazione,Provincia di Prato,390,0.22,0.9,0,0.5,ROSSO
camperizzazione,Provincia di Avellino,360,0,0.8,0,0.5,ROSSO
camperizzazione,Provincia di Massa e Carrara,360,0,0.8,0,0.5,ROSSO
camperizzazione,Provincia di Lodi,340,0.14,0.8,0,0.5,ROSSO
camperizzazione,Provincia di Foggia,330,0,0.8,0,0.5,ROSSO
camperizzazione,Provincia di Chieti,330,0.06,0.8,0,0.5,ROSSO
camperizzazione,Provincia dell'Aquila,320,0,0.7,0,0.4,ROSSO
camperizzazione,Provincia di Ascoli Piceno,300,0.42,0.7,0,0.4,ROSSO
camperizzazione,Provincia di Teramo,300,0.28,0.7,0,0.4,ROSSO
camperizzazione,Provincia di Imperia,300,0.07,0.7,0,0.4,ROSSO
camperizzazione,Provincia di Asti,290,0.25,0.7,0,0.4,ROSSO
camperizzazione,Provincia di Cosenza,280,0,0.7,0,0.4,ROSSO
camperizzazione,Provincia di Fermo,280,0,0.7,0,0.4,ROSSO
camperizzazione,Provincia di Rovigo,280,0.27,0.7,0,0.4,ROSSO
camperizzazione,Città metropolitana di Messina,280,0,0.7,0,0.4,ROSSO
camperizzazione,Provincia di Biella,250,0,0.6,0,0.4,ROSSO
camperizzazione,Provincia di Vercelli,230,0.05,0.5,0,0.3,ROSSO
camperizzazione,Provincia di Terni,230,0,0.5,0,0.3,ROSSO
camperizzazione,Provincia di Catanzaro,230,0,0.5,0,0.3,ROSSO
camperizzazione,Provincia di Barletta-Andria-Trani,220,0,0.5,0,0.3,ROSSO
camperizzazione,Provincia di Brindisi,210,0.05,0.5,0,0.3,ROSSO
camperizzazione,Provincia di Gorizia,210,0,0.5,0,0.3,ROSSO
camperizzazione,Provincia di Benevento,200,0,0.5,0,0.3,ROSSO
camperizzazione,Provincia di Carbonia-Iglesias,190,0,0.4,0,0.3,ROSSO
camperizzazione,Provincia di Nuoro,170,0.02,0.4,0,0.2,ROSSO
camperizzazione,Provincia di Rieti,140,0,0.3,0,0.2,ROSSO
camperizzazione,Provincia di Campobasso,120,0,0.3,0,0.2,ROSSO
camperizzazione,Provincia di Oristano,100,0,0.2,0,0.1,ROSSO
camperizzazione,Provincia di Matera,70,0,0.2,0,0.1,ROSSO
camperizzazione,Provincia di Crotone,60,0,0.1,0,0.1,ROSSO
camperizzazione,Provincia di Isernia,60,0,0.1,0,0.1,ROSSO
camperizzazione,Provincia di Vibo Valentia,40,0,0.1,0,0.1,ROSSO
car_detailing,Città metropolitana di Milano,2100,0.45,4.9,10,2.9,VERDE
car_detailing,Città metropolitana di Roma Capitale,1250,0.42,2.9,10,1.8,VERDE
car_detailing,Città Metropolitana di Torino,410,0.48,1.0,10,0.6,GIALLO
car_detailing,Città Metropolitana di Napoli,380,0.4,0.9,0,0.5,ROSSO
car_detailing,Città Metropolitana di Bologna,360,0.64,0.8,0,0.5,ROSSO
car_detailing,Provincia di Rimini,270,0.67,0.6,0,0.4,ROSSO
car_detailing,Provincia di Brescia,220,0.76,0.5,0,0.3,ROSSO
car_detailing,Provincia di Bergamo,210,0.56,0.5,0,0.3,ROSSO
car_detailing,Provincia di Monza e della Brianza,200,0.64,0.5,0,0.3,ROSSO
car_detailing,Provincia di Padova,200,0.61,0.5,0,0.3,ROSSO
car_detailing,Città Metropolitana di Venezia,190,0.68,0.4,0,0.3,ROSSO
car_detailing,Provincia di Varese,180,0.57,0.4,0,0.3,ROSSO
car_detailing,Provincia di Verona,180,0.3,0.4,0,0.3,ROSSO
car_detailing,Città Metropolitana di Bari,180,0.86,0.4,0,0.3,ROSSO
car_detailing,Provincia di Vicenza,170,0.58,0.4,0,0.2,ROSSO
car_detailing,Città Metropolitana di Firenze,170,0.89,0.4,0,0.2,ROSSO
car_detailing,Provincia di Treviso,150,0.77,0.4,0,0.2,ROSSO
car_detailing,Provincia di Prato,150,0,0.4,0,0.2,ROSSO
car_detailing,Città metropolitana di Palermo,140,0.56,0.3,0,0.2,ROSSO
car_detailing,Città metropolitana di Cagliari,120,0.46,0.3,0,0.2,ROSSO
car_detailing,Città metropolitana di Catania,120,0.49,0.3,0,0.2,ROSSO
car_detailing,Provincia di Pesaro e Urbino,110,0.3,0.3,0,0.2,ROSSO
car_detailing,Provincia di Salerno,110,0.91,0.3,0,0.2,ROSSO
car_detailing,Provincia di Como,110,0.45,0.3,0,0.2,ROSSO
car_detailing,Provincia di Pavia,100,1.36,0.2,0,0.1,ROSSO
car_detailing,Provincia di Caserta,100,0.63,0.2,0,0.1,ROSSO
car_detailing,Provincia di Modena,100,1.06,0.2,0,0.1,ROSSO
car_detailing,Provincia di Teramo,90,0,0.2,0,0.1,ROSSO
car_detailing,Provincia di Ancona,90,0.39,0.2,0,0.1,ROSSO
car_detailing,Provincia autonoma di Trento,80,0.9,0.2,0,0.1,ROSSO
car_detailing,Città Metropolitana di Genova,80,0.98,0.2,0,0.1,ROSSO
car_detailing,Provincia di Cuneo,70,0.53,0.2,0,0.1,ROSSO
car_detailing,Provincia di Pordenone,70,0.79,0.2,0,0.1,ROSSO
car_detailing,Provincia di Mantova,70,0.82,0.2,0,0.1,ROSSO
car_detailing,Provincia di Gorizia,70,0,0.2,0,0.1,ROSSO
car_detailing,Provincia di Potenza,60,0.22,0.1,0,0.1,ROSSO
car_detailing,Provincia di Ferrara,60,1.37,0.1,0,0.1,ROSSO
car_detailing,Provincia di Arezzo,60,0,0.1,0,0.1,ROSSO
car_detailing,Provincia di Novara,60,0,0.1,0,0.1,ROSSO
car_detailing,Provincia di Parma,60,0.95,0.1,0,0.1,ROSSO
car_detailing,Provincia di Trieste,60,0,0.1,0,0.1,ROSSO
car_detailing,Provincia di Ravenna,60,0.73,0.1,0,0.1,ROSSO
car_detailing,Provincia di Lecce,60,0,0.1,0,0.1,ROSSO
car_detailing,Città metropolitana di Reggio Calabria,60,0.52,0.1,0,0.1,ROSSO
car_detailing,Provincia di Pescara,60,0.73,0.1,0,0.1,ROSSO
car_detailing,Provincia di Reggio Emilia,60,0.76,0.1,0,0.1,ROSSO
car_detailing,Provincia di Cremona,50,0.71,0.1,0,0.1,ROSSO
car_detailing,Provincia di Piacenza,50,0.64,0.1,0,0.1,ROSSO
car_detailing,Provincia di Forlì-Cesena,50,0,0.1,0,0.1,ROSSO
car_detailing,Provincia autonoma di Bolzano - Alto Adige,50,0.94,0.1,0,0.1,ROSSO
car_detailing,Provincia di Foggia,50,0,0.1,0,0.1,ROSSO
car_detailing,Provincia di Taranto,50,0.53,0.1,0,0.1,ROSSO
car_detailing,Provincia di Pistoia,50,1.53,0.1,0,0.1,ROSSO
car_detailing,Provincia di Perugia,50,0.7,0.1,0,0.1,ROSSO
car_detailing,Provincia di Lecco,50,0.55,0.1,0,0.1,ROSSO
car_detailing,Provincia di Lucca,50,0,0.1,0,0.1,ROSSO
car_detailing,Provincia di Latina,40,1.12,0.1,0,0.1,ROSSO
car_detailing,Provincia di Alessandria,40,0,0.1,0,0.1,ROSSO
car_detailing,Provincia di Macerata,40,0,0.1,0,0.1,ROSSO
car_detailing,Provincia di Cosenza,40,0,0.1,0,0.1,ROSSO
car_detailing,Provincia di Avellino,40,0,0.1,0,0.1,ROSSO
car_detailing,Città metropolitana di Sassari,40,0,0.1,0,0.1,ROSSO
car_detailing,Città metropolitana di Messina,40,0,0.1,0,0.1,ROSSO
car_detailing,Provincia di Pisa,40,1.03,0.1,0,0.1,ROSSO
car_detailing,Provincia di Rovigo,40,0.59,0.1,0,0.1,ROSSO
car_detailing,Provincia di Chieti,40,1.29,0.1,0,0.1,ROSSO
car_detailing,Provincia di Massa e Carrara,40,0.32,0.1,0,0.1,ROSSO
car_detailing,Provincia di Frosinone,30,0,0.1,0,0.0,ROSSO
car_detailing,Provincia di Siena,30,0.49,0.1,0,0.0,ROSSO
car_detailing,Provincia di Ascoli Piceno,30,0.55,0.1,0,0.0,ROSSO
car_detailing,Provincia dell'Aquila,30,0,0.1,0,0.0,ROSSO
car_detailing,Provincia di Belluno,30,0,0.1,0,0.0,ROSSO
car_detailing,Provincia di Lodi,30,0.53,0.1,0,0.0,ROSSO
car_detailing,Provincia di Livorno,30,0,0.1,0,0.0,ROSSO
car_detailing,Provincia di Vercelli,30,0.6,0.1,0,0.0,ROSSO
car_detailing,Provincia di Brindisi,30,0,0.1,0,0.0,ROSSO
car_detailing,Provincia di Benevento,30,0,0.1,0,0.0,ROSSO
car_detailing,Provincia di Fermo,30,0.55,0.1,0,0.0,ROSSO
car_detailing,Provincia di Catanzaro,30,0.72,0.1,0,0.0,ROSSO
car_detailing,Provincia della Spezia,30,0,0.1,0,0.0,ROSSO
car_detailing,Provincia di Imperia,20,0.7,0.0,0,0.0,ROSSO
car_detailing,Provincia di Grosseto,10,0,0.0,0,0.0,ROSSO
car_detailing,Provincia di Viterbo,10,0,0.0,0,0.0,ROSSO
car_detailing,Provincia di Matera,10,0,0.0,0,0.0,ROSSO
car_detailing,Provincia di Oristano,10,0,0.0,0,0.0,ROSSO
car_detailing,Provincia di Nuoro,10,0,0.0,0,0.0,ROSSO
car_detailing,Provincia di Biella,10,0,0.0,0,0.0,ROSSO
car_detailing,Provincia di Campobasso,10,0,0.0,0,0.0,ROSSO
car_detailing,Provincia di Savona,10,0,0.0,0,0.0,ROSSO
car_detailing,Provincia di Sondrio,10,0,0.0,0,0.0,ROSSO
car_detailing,Provincia di Crotone,10,0,0.0,0,0.0,ROSSO
car_detailing,Provincia di Isernia,10,0,0.0,0,0.0,ROSSO
car_detailing,Provincia di Vibo Valentia,10,0,0.0,0,0.0,ROSSO
car_detailing,Provincia di Terni,10,0,0.0,0,0.0,ROSSO
car_detailing,Provincia di Asti,10,0,0.0,0,0.0,ROSSO
car_detailing,Provincia di Carbonia-Iglesias,10,0,0.0,0,0.0,ROSSO
car_detailing,Provincia di Rieti,10,0,0.0,0,0.0,ROSSO
car_detailing,Provincia di Barletta-Andria-Trani,10,0,0.0,0,0.0,ROSSO
carpenteria_meccanica,Città metropolitana di Milano,100,1.0,0.2,0,0.1,ROSSO
carpenteria_meccanica,Città Metropolitana di Napoli,30,0,0.1,0,0.0,ROSSO
carpenteria_meccanica,Provincia di Brescia,30,1.35,0.1,0,0.0,ROSSO
carpenteria_meccanica,Città metropolitana di Roma Capitale,30,0,0.1,0,0.0,ROSSO
carpenteria_meccanica,Provincia di Padova,30,0,0.1,0,0.0,ROSSO
carpenteria_meccanica,Provincia di Verona,20,0.85,0.0,0,0.0,ROSSO
carpenteria_meccanica,Provincia di Treviso,20,1.45,0.0,0,0.0,ROSSO
carpenteria_meccanica,Provincia di Caserta,10,0,0.0,0,0.0,ROSSO
carpenteria_meccanica,Provincia autonoma di Bolzano - Alto Adige,10,0,0.0,0,0.0,ROSSO
carpenteria_meccanica,Provincia di Forlì-Cesena,10,0,0.0,0,0.0,ROSSO
carpenteria_meccanica,Provincia di Ferrara,10,0,0.0,0,0.0,ROSSO
carpenteria_meccanica,Provincia di Pavia,10,0,0.0,0,0.0,ROSSO
carpenteria_meccanica,Provincia dell'Aquila,10,0,0.0,0,0.0,ROSSO
carpenteria_meccanica,Città Metropolitana di Bari,10,0,0.0,0,0.0,ROSSO
carpenteria_meccanica,Provincia di Massa e Carrara,10,0,0.0,0,0.0,ROSSO
carpenteria_meccanica,Provincia di Viterbo,10,0,0.0,0,0.0,ROSSO
carpenteria_meccanica,Provincia di Ascoli Piceno,10,0,0.0,0,0.0,ROSSO
carpenteria_meccanica,Provincia di Varese,10,0,0.0,0,0.0,ROSSO
carpenteria_meccanica,Provincia di Monza e della Brianza,10,0,0.0,0,0.0,ROSSO
carpenteria_meccanica,Provincia di Potenza,10,0,0.0,0,0.0,ROSSO
carpenteria_meccanica,Provincia di Teramo,10,0,0.0,0,0.0,ROSSO
carpenteria_meccanica,Provincia di Siena,10,0,0.0,0,0.0,ROSSO
carpenteria_meccanica,Provincia di Frosinone,10,0,0.0,0,0.0,ROSSO
carpenteria_meccanica,Provincia di Cremona,10,0,0.0,0,0.0,ROSSO
carpenteria_meccanica,Provincia di Cuneo,10,0,0.0,0,0.0,ROSSO
carpenteria_meccanica,Provincia di Parma,10,0,0.0,0,0.0,ROSSO
carpenteria_meccanica,Provincia di Ancona,10,0,0.0,0,0.0,ROSSO
carpenteria_meccanica,Provincia di Vicenza,10,0,0.0,0,0.0,ROSSO
carpenteria_meccanica,Provincia di Pordenone,10,0,0.0,0,0.0,ROSSO
carpenteria_meccanica,Provincia di Piacenza,10,0,0.0,0,0.0,ROSSO
carpenteria_meccanica,Provincia di Salerno,10,0,0.0,0,0.0,ROSSO
carpenteria_meccanica,Provincia di Trieste,10,0,0.0,0,0.0,ROSSO
carpenteria_meccanica,Provincia di Mantova,10,0,0.0,0,0.0,ROSSO
carpenteria_meccanica,Provincia di Nuoro,10,0,0.0,0,0.0,ROSSO
carpenteria_meccanica,Provincia di Cosenza,10,0,0.0,0,0.0,ROSSO
carpenteria_meccanica,Provincia di Grosseto,10,0,0.0,0,0.0,ROSSO
carpenteria_meccanica,Città metropolitana di Reggio Calabria,10,0,0.0,0,0.0,ROSSO
carpenteria_meccanica,Città metropolitana di Cagliari,10,0,0.0,0,0.0,ROSSO
carpenteria_meccanica,Città Metropolitana di Torino,10,0,0.0,0,0.0,ROSSO
carpenteria_meccanica,Provincia di Rimini,10,0,0.0,0,0.0,ROSSO
carpenteria_meccanica,Provincia di Crotone,10,0,0.0,0,0.0,ROSSO
carpenteria_meccanica,Provincia di Sondrio,10,0,0.0,0,0.0,ROSSO
carpenteria_meccanica,Provincia di Bergamo,10,0,0.0,0,0.0,ROSSO
carpenteria_meccanica,Provincia di Macerata,10,0,0.0,0,0.0,ROSSO
carpenteria_meccanica,Provincia di Belluno,10,0,0.0,0,0.0,ROSSO
carpenteria_meccanica,Provincia di Chieti,10,0,0.0,0,0.0,ROSSO
carpenteria_meccanica,Provincia di Rovigo,10,0,0.0,0,0.0,ROSSO
carpenteria_meccanica,Provincia di Oristano,10,0,0.0,0,0.0,ROSSO
carpenteria_meccanica,Città metropolitana di Catania,10,0,0.0,0,0.0,ROSSO
carpenteria_meccanica,Provincia di Lecce,10,0,0.0,0,0.0,ROSSO
carpenteria_meccanica,Provincia di Vercelli,10,0,0.0,0,0.0,ROSSO
carpenteria_meccanica,Provincia di Asti,10,0,0.0,0,0.0,ROSSO
carpenteria_meccanica,Provincia di Brindisi,10,0,0.0,0,0.0,ROSSO
carpenteria_meccanica,Provincia di Pisa,10,0,0.0,0,0.0,ROSSO
carpenteria_meccanica,Città metropolitana di Palermo,10,0,0.0,0,0.0,ROSSO
carpenteria_meccanica,Provincia di Campobasso,10,0,0.0,0,0.0,ROSSO
carpenteria_meccanica,Città metropolitana di Messina,10,0,0.0,0,0.0,ROSSO
carpenteria_meccanica,Provincia autonoma di Trento,10,0,0.0,0,0.0,ROSSO
carpenteria_meccanica,Provincia di Vibo Valentia,10,0,0.0,0,0.0,ROSSO
carpenteria_meccanica,Provincia di Matera,10,0,0.0,0,0.0,ROSSO
carpenteria_meccanica,Provincia di Novara,10,0,0.0,0,0.0,ROSSO
carpenteria_meccanica,Provincia di Arezzo,10,0,0.0,0,0.0,ROSSO
carpenteria_meccanica,Provincia di Terni,10,0,0.0,0,0.0,ROSSO
carpenteria_meccanica,Provincia di Imperia,10,0,0.0,0,0.0,ROSSO
carpenteria_meccanica,Città Metropolitana di Bologna,10,0,0.0,0,0.0,ROSSO
carpenteria_meccanica,Città metropolitana di Sassari,10,0,0.0,0,0.0,ROSSO
carpenteria_meccanica,Provincia di Latina,10,0,0.0,0,0.0,ROSSO
carpenteria_meccanica,Città Metropolitana di Firenze,10,0,0.0,0,0.0,ROSSO
carpenteria_meccanica,Città Metropolitana di Genova,10,0,0.0,0,0.0,ROSSO
carpenteria_meccanica,Provincia di Lodi,10,0,0.0,0,0.0,ROSSO
carpenteria_meccanica,Provincia di Livorno,10,0,0.0,0,0.0,ROSSO
carpenteria_meccanica,Provincia di Ravenna,10,0,0.0,0,0.0,ROSSO
carpenteria_meccanica,Provincia di Isernia,10,0,0.0,0,0.0,ROSSO
carpenteria_meccanica,Provincia di Pesaro e Urbino,10,0,0.0,0,0.0,ROSSO
carpenteria_meccanica,Provincia di Lecco,10,0,0.0,0,0.0,ROSSO
carpenteria_meccanica,Provincia di Fermo,10,0,0.0,0,0.0,ROSSO
carpenteria_meccanica,Città Metropolitana di Venezia,10,0,0.0,0,0.0,ROSSO
carpenteria_meccanica,Provincia di Como,10,0,0.0,0,0.0,ROSSO
carpenteria_meccanica,Provincia di Avellino,10,0,0.0,0,0.0,ROSSO
carpenteria_meccanica,Provincia della Spezia,10,0,0.0,0,0.0,ROSSO
carpenteria_meccanica,Provincia di Modena,10,0,0.0,0,0.0,ROSSO
carpenteria_meccanica,Provincia di Barletta-Andria-Trani,10,0,0.0,0,0.0,ROSSO
carpenteria_meccanica,Provincia di Lucca,10,0,0.0,0,0.0,ROSSO
carpenteria_meccanica,Provincia di Prato,10,0,0.0,0,0.0,ROSSO
carpenteria_meccanica,Provincia di Rieti,10,0,0.0,0,0.0,ROSSO
carpenteria_meccanica,Provincia di Gorizia,10,0,0.0,0,0.0,ROSSO
carpenteria_meccanica,Provincia di Savona,10,0,0.0,0,0.0,ROSSO
carpenteria_meccanica,Provincia di Pescara,10,0,0.0,0,0.0,ROSSO
carpenteria_meccanica,Provincia di Biella,10,0,0.0,0,0.0,ROSSO
carpenteria_meccanica,Provincia di Alessandria,10,0,0.0,0,0.0,ROSSO
carpenteria_meccanica,Provincia di Taranto,10,0,0.0,0,0.0,ROSSO
carpenteria_meccanica,Provincia di Pistoia,10,0,0.0,0,0.0,ROSSO
carpenteria_meccanica,Provincia di Reggio Emilia,10,0,0.0,0,0.0,ROSSO
carpenteria_meccanica,Provincia di Benevento,10,0,0.0,0,0.0,ROSSO
carpenteria_meccanica,Provincia di Perugia,10,0,0.0,0,0.0,ROSSO
carpenteria_meccanica,Provincia di Carbonia-Iglesias,10,0,0.0,0,0.0,ROSSO
carpenteria_meccanica,Provincia di Foggia,10,0,0.0,0,0.0,ROSSO
carpenteria_meccanica,Provincia di Catanzaro,10,0,0.0,0,0.0,ROSSO
carpenteria_metallica,Città metropolitana di Milano,7530,1.04,17.6,10,10.5,VERDE
carpenteria_metallica,Città metropolitana di Roma Capitale,3610,0.73,8.4,10,5.1,VERDE
carpenteria_metallica,Provincia di Brescia,2430,1.47,5.7,10,3.4,VERDE
carpenteria_metallica,Città Metropolitana di Torino,1870,0.94,4.4,10,2.6,VERDE
carpenteria_metallica,Città Metropolitana di Napoli,1780,0.94,4.2,10,2.5,VERDE
carpenteria_metallica,Provincia di Bergamo,1540,1.51,3.6,10,2.2,VERDE
carpenteria_metallica,Provincia di Padova,1380,1.82,3.2,10,1.9,VERDE
carpenteria_metallica,Città Metropolitana di Bologna,1110,1.74,2.6,10,1.6,VERDE
carpenteria_metallica,Provincia di Vicenza,950,1.55,2.2,10,1.3,VERDE
carpenteria_metallica,Provincia di Verona,900,1.51,2.1,10,1.3,VERDE
carpenteria_metallica,Provincia di Treviso,840,1.22,2.0,10,1.2,VERDE
carpenteria_metallica,Città Metropolitana di Bari,820,0.68,1.9,10,1.1,GIALLO
carpenteria_metallica,Città metropolitana di Palermo,670,0.83,1.6,10,0.9,GIALLO
carpenteria_metallica,Provincia di Salerno,660,0.59,1.5,10,0.9,GIALLO
carpenteria_metallica,Città Metropolitana di Firenze,560,1.41,1.3,10,0.8,GIALLO
carpenteria_metallica,Città Metropolitana di Venezia,550,1.22,1.3,10,0.8,GIALLO
carpenteria_metallica,Città metropolitana di Catania,500,0.56,1.2,10,0.7,GIALLO
carpenteria_metallica,Città metropolitana di Cagliari,490,0.42,1.1,10,0.7,GIALLO
carpenteria_metallica,Provincia di Caserta,480,0.71,1.1,10,0.7,GIALLO
carpenteria_metallica,Provincia di Pavia,460,1.3,1.1,10,0.6,GIALLO
carpenteria_metallica,Provincia di Modena,460,2.05,1.1,10,0.6,GIALLO
carpenteria_metallica,Provincia di Monza e della Brianza,430,1.56,1.0,10,0.6,GIALLO
carpenteria_metallica,Provincia autonoma di Trento,420,1.3,1.0,10,0.6,GIALLO
carpenteria_metallica,Provincia di Pescara,420,0.64,1.0,10,0.6,GIALLO
carpenteria_metallica,Provincia di Varese,400,1.4,0.9,0,0.6,ROSSO
carpenteria_metallica,Provincia di Cuneo,380,2.05,0.9,0,0.5,ROSSO
carpenteria_metallica,Provincia di Novara,380,1.64,0.9,0,0.5,ROSSO
carpenteria_metallica,Provincia di Avellino,330,0.82,0.8,0,0.5,ROSSO
carpenteria_metallica,Provincia di Potenza,330,0.56,0.8,0,0.5,ROSSO
carpenteria_metallica,Provincia di Mantova,300,1.66,0.7,0,0.4,ROSSO
carpenteria_metallica,Provincia di Trieste,300,1.42,0.7,0,0.4,ROSSO
carpenteria_metallica,Provincia di Ancona,280,0.96,0.7,0,0.4,ROSSO
carpenteria_metallica,Provincia di Cremona,270,1.05,0.6,0,0.4,ROSSO
carpenteria_metallica,Provincia di Rimini,260,1.61,0.6,0,0.4,ROSSO
carpenteria_metallica,Provincia di Como,260,1.26,0.6,0,0.4,ROSSO
carpenteria_metallica,Città metropolitana di Reggio Calabria,260,0.79,0.6,0,0.4,ROSSO
carpenteria_metallica,Provincia di Perugia,250,0.4,0.6,0,0.4,ROSSO
carpenteria_metallica,Città Metropolitana di Genova,240,1.11,0.6,0,0.3,ROSSO
carpenteria_metallica,Provincia di Benevento,230,0.15,0.5,0,0.3,ROSSO
carpenteria_metallica,Provincia di Lecco,230,1.47,0.5,0,0.3,ROSSO
carpenteria_metallica,Provincia di Cosenza,210,1.01,0.5,0,0.3,ROSSO
carpenteria_metallica,Provincia di Reggio Emilia,190,1.49,0.4,0,0.3,ROSSO
carpenteria_metallica,Provincia di Belluno,190,0.82,0.4,0,0.3,ROSSO
carpenteria_metallica,Provincia di Latina,180,0.66,0.4,0,0.3,ROSSO
carpenteria_metallica,Provincia di Lecce,180,0.53,0.4,0,0.3,ROSSO
carpenteria_metallica,Provincia di Parma,170,1.74,0.4,0,0.2,ROSSO
carpenteria_metallica,Provincia di Ferrara,170,1.2,0.4,0,0.2,ROSSO
carpenteria_metallica,Provincia di Chieti,170,0.58,0.4,0,0.2,ROSSO
carpenteria_metallica,Provincia di Alessandria,170,2.06,0.4,0,0.2,ROSSO
carpenteria_metallica,Provincia di Pesaro e Urbino,170,0.98,0.4,0,0.2,ROSSO
carpenteria_metallica,Provincia di Frosinone,160,0.63,0.4,0,0.2,ROSSO
carpenteria_metallica,Provincia di Teramo,150,1.4,0.4,0,0.2,ROSSO
carpenteria_metallica,Città metropolitana di Sassari,150,1.23,0.4,0,0.2,ROSSO
carpenteria_metallica,Provincia di Piacenza,150,1.46,0.4,0,0.2,ROSSO
carpenteria_metallica,Provincia dell'Aquila,150,0.25,0.4,0,0.2,ROSSO
carpenteria_metallica,Provincia di Sondrio,140,1.01,0.3,0,0.2,ROSSO
carpenteria_metallica,Provincia di Taranto,140,0.81,0.3,0,0.2,ROSSO
carpenteria_metallica,Città metropolitana di Messina,140,0.57,0.3,0,0.2,ROSSO
carpenteria_metallica,Provincia di Lucca,130,1.63,0.3,0,0.2,ROSSO
carpenteria_metallica,Provincia di Catanzaro,130,0.29,0.3,0,0.2,ROSSO
carpenteria_metallica,Provincia di Campobasso,130,0.28,0.3,0,0.2,ROSSO
carpenteria_metallica,Provincia di Ravenna,130,0.8,0.3,0,0.2,ROSSO
carpenteria_metallica,Provincia di Macerata,120,0.7,0.3,0,0.2,ROSSO
carpenteria_metallica,Provincia di Pisa,120,2.7,0.3,0,0.2,ROSSO
carpenteria_metallica,Provincia di Foggia,120,0.28,0.3,0,0.2,ROSSO
carpenteria_metallica,Provincia di Forlì-Cesena,110,1.02,0.3,0,0.2,ROSSO
carpenteria_metallica,Provincia di Pordenone,100,2.21,0.2,0,0.1,ROSSO
carpenteria_metallica,Provincia di Rovigo,100,1.03,0.2,0,0.1,ROSSO
carpenteria_metallica,Provincia della Spezia,100,1.5,0.2,0,0.1,ROSSO
carpenteria_metallica,Provincia autonoma di Bolzano - Alto Adige,80,0.57,0.2,0,0.1,ROSSO
carpenteria_metallica,Provincia di Barletta-Andria-Trani,80,1.16,0.2,0,0.1,ROSSO
carpenteria_metallica,Provincia di Brindisi,80,0.2,0.2,0,0.1,ROSSO
carpenteria_metallica,Provincia di Arezzo,80,2.89,0.2,0,0.1,ROSSO
carpenteria_metallica,Provincia di Livorno,70,0.23,0.2,0,0.1,ROSSO
carpenteria_metallica,Provincia di Crotone,60,0,0.1,0,0.1,ROSSO
carpenteria_metallica,Provincia di Siena,60,1.91,0.1,0,0.1,ROSSO
carpenteria_metallica,Provincia di Viterbo,60,0.19,0.1,0,0.1,ROSSO
carpenteria_metallica,Provincia di Matera,60,0.68,0.1,0,0.1,ROSSO
carpenteria_metallica,Provincia di Fermo,60,1.52,0.1,0,0.1,ROSSO
carpenteria_metallica,Provincia di Savona,60,1.18,0.1,0,0.1,ROSSO
carpenteria_metallica,Provincia di Massa e Carrara,50,0.77,0.1,0,0.1,ROSSO
carpenteria_metallica,Provincia di Vibo Valentia,50,0,0.1,0,0.1,ROSSO
carpenteria_metallica,Provincia di Lodi,50,0.75,0.1,0,0.1,ROSSO
carpenteria_metallica,Provincia di Carbonia-Iglesias,50,0,0.1,0,0.1,ROSSO
carpenteria_metallica,Provincia di Terni,50,0,0.1,0,0.1,ROSSO
carpenteria_metallica,Provincia di Biella,50,0,0.1,0,0.1,ROSSO
carpenteria_metallica,Provincia di Nuoro,40,0,0.1,0,0.1,ROSSO
carpenteria_metallica,Provincia di Oristano,40,0.41,0.1,0,0.1,ROSSO
carpenteria_metallica,Provincia di Prato,40,1.87,0.1,0,0.1,ROSSO
carpenteria_metallica,Provincia di Pistoia,40,3.75,0.1,0,0.1,ROSSO
carpenteria_metallica,Provincia di Grosseto,40,0,0.1,0,0.1,ROSSO
carpenteria_metallica,Provincia di Ascoli Piceno,40,2.76,0.1,0,0.1,ROSSO
carpenteria_metallica,Provincia di Vercelli,30,0,0.1,0,0.0,ROSSO
carpenteria_metallica,Provincia di Isernia,30,0,0.1,0,0.0,ROSSO
carpenteria_metallica,Provincia di Asti,30,1.23,0.1,0,0.0,ROSSO
carpenteria_metallica,Provincia di Gorizia,20,0.61,0.0,0,0.0,ROSSO
carpenteria_metallica,Provincia di Rieti,10,0,0.0,0,0.0,ROSSO
carpenteria_metallica,Provincia di Imperia,10,0,0.0,0,0.0,ROSSO
carrozzeria_pdr,Città metropolitana di Milano,20700,1.2,48.3,10,29.0,VERDE
carrozzeria_pdr,Città metropolitana di Roma Capitale,12060,1.23,28.1,10,16.9,VERDE
carrozzeria_pdr,Città Metropolitana di Torino,7580,0.67,17.7,10,10.6,VERDE
carrozzeria_pdr,Città Metropolitana di Bologna,3530,2.34,8.2,14,4.9,VERDE
carrozzeria_pdr,Città Metropolitana di Napoli,3200,1.64,7.5,10,4.5,VERDE
carrozzeria_pdr,Provincia di Brescia,3110,0.56,7.3,10,4.4,VERDE
carrozzeria_pdr,Città Metropolitana di Firenze,2820,1.07,6.6,10,3.9,VERDE
carrozzeria_pdr,Città Metropolitana di Venezia,2480,0.36,5.8,10,3.5,VERDE
carrozzeria_pdr,Provincia di Padova,2190,0.26,5.1,10,3.1,VERDE
carrozzeria_pdr,Provincia di Bergamo,2190,0.6,5.1,10,3.1,VERDE
carrozzeria_pdr,Provincia di Vicenza,2030,0.27,4.7,10,2.8,VERDE
carrozzeria_pdr,Provincia di Treviso,2020,0.91,4.7,10,2.8,VERDE
carrozzeria_pdr,Provincia di Verona,2010,1.0,4.7,10,2.8,VERDE
carrozzeria_pdr,Provincia di Varese,1670,0.96,3.9,10,2.3,VERDE
carrozzeria_pdr,Provincia di Monza e della Brianza,1560,0.56,3.6,10,2.2,VERDE
carrozzeria_pdr,Provincia di Modena,1420,0.97,3.3,10,2.0,VERDE
carrozzeria_pdr,Città Metropolitana di Bari,1420,0.35,3.3,10,2.0,VERDE
carrozzeria_pdr,Provincia di Perugia,1360,0.4,3.2,10,1.9,VERDE
carrozzeria_pdr,Città Metropolitana di Genova,1280,0.4,3.0,10,1.8,VERDE
carrozzeria_pdr,Città metropolitana di Palermo,1260,1.4,2.9,10,1.8,VERDE
carrozzeria_pdr,Provincia di Pisa,1080,0.53,2.5,10,1.5,VERDE
carrozzeria_pdr,Provincia di Como,1030,1.35,2.4,10,1.4,VERDE
carrozzeria_pdr,Provincia di Cuneo,970,0.28,2.3,10,1.4,VERDE
carrozzeria_pdr,Provincia di Ancona,920,0.42,2.1,10,1.3,VERDE
carrozzeria_pdr,Città metropolitana di Catania,850,1.11,2.0,10,1.2,VERDE
carrozzeria_pdr,Città metropolitana di Cagliari,840,0.34,2.0,10,1.2,VERDE
carrozzeria_pdr,Provincia di Caserta,800,0.27,1.9,10,1.1,GIALLO
carrozzeria_pdr,Provincia di Trieste,720,0.27,1.7,10,1.0,GIALLO
carrozzeria_pdr,Provincia di Pavia,720,0.56,1.7,10,1.0,GIALLO
carrozzeria_pdr,Provincia di Lucca,670,0.56,1.6,10,0.9,GIALLO
carrozzeria_pdr,Provincia di Novara,660,0.72,1.5,10,0.9,GIALLO
carrozzeria_pdr,Provincia autonoma di Trento,650,0.45,1.5,10,0.9,GIALLO
carrozzeria_pdr,Provincia di Forlì-Cesena,650,0.31,1.5,10,0.9,GIALLO
carrozzeria_pdr,Provincia autonoma di Bolzano - Alto Adige,650,0.44,1.5,10,0.9,GIALLO
carrozzeria_pdr,Provincia di Salerno,640,0.32,1.5,10,0.9,GIALLO
carrozzeria_pdr,Provincia di Reggio Emilia,640,3.32,1.5,10,0.9,GIALLO
carrozzeria_pdr,Provincia di Parma,630,6.42,1.5,10,0.9,GIALLO
carrozzeria_pdr,Provincia di Ravenna,560,1.03,1.3,10,0.8,GIALLO
carrozzeria_pdr,Provincia di Piacenza,550,3.11,1.3,10,0.8,GIALLO
carrozzeria_pdr,Provincia di Pordenone,550,0.16,1.3,10,0.8,GIALLO
carrozzeria_pdr,Provincia di Mantova,540,0.64,1.3,10,0.8,GIALLO
carrozzeria_pdr,Provincia di Pescara,520,0.4,1.2,10,0.7,GIALLO
carrozzeria_pdr,Provincia di Livorno,510,0.34,1.2,10,0.7,GIALLO
carrozzeria_pdr,Provincia di Rimini,510,1.93,1.2,10,0.7,GIALLO
carrozzeria_pdr,Provincia di Ferrara,490,0.25,1.1,10,0.7,GIALLO
carrozzeria_pdr,Provincia di Lecce,470,4.57,1.1,10,0.7,GIALLO
carrozzeria_pdr,Provincia dell'Aquila,460,0,1.1,0,0.6,GIALLO
carrozzeria_pdr,Provincia di Alessandria,460,1.34,1.1,10,0.6,GIALLO
carrozzeria_pdr,Provincia di Biella,460,0,1.1,0,0.6,GIALLO
carrozzeria_pdr,Provincia di Rovigo,460,0.38,1.1,10,0.6,GIALLO
carrozzeria_pdr,Provincia di Pistoia,440,0,1.0,0,0.6,GIALLO
carrozzeria_pdr,Provincia di Avellino,420,0,1.0,0,0.6,GIALLO
carrozzeria_pdr,Provincia di Massa e Carrara,410,0.1,1.0,10,0.6,GIALLO
carrozzeria_pdr,Provincia di Prato,400,0,0.9,0,0.6,ROSSO
carrozzeria_pdr,Provincia di Macerata,390,2.62,0.9,0,0.5,ROSSO
carrozzeria_pdr,Provincia di Belluno,390,0.38,0.9,0,0.5,ROSSO
carrozzeria_pdr,Provincia di Lecco,370,0.42,0.9,0,0.5,ROSSO
carrozzeria_pdr,Provincia di Latina,370,0.65,0.9,0,0.5,ROSSO
carrozzeria_pdr,Provincia di Frosinone,370,0.25,0.9,0,0.5,ROSSO
carrozzeria_pdr,Città metropolitana di Sassari,360,0.38,0.8,0,0.5,ROSSO
carrozzeria_pdr,Città metropolitana di Reggio Calabria,350,4.12,0.8,0,0.5,ROSSO
carrozzeria_pdr,Provincia di Cremona,350,0.23,0.8,0,0.5,ROSSO
carrozzeria_pdr,Provincia di Taranto,330,0.24,0.8,0,0.5,ROSSO
carrozzeria_pdr,Provincia di Pesaro e Urbino,320,0.25,0.7,0,0.4,ROSSO
carrozzeria_pdr,Provincia della Spezia,310,0,0.7,0,0.4,ROSSO
carrozzeria_pdr,Provincia di Lodi,300,0,0.7,0,0.4,ROSSO
carrozzeria_pdr,Provincia di Arezzo,290,0.3,0.7,0,0.4,ROSSO
carrozzeria_pdr,Città metropolitana di Messina,280,0.62,0.7,0,0.4,ROSSO
carrozzeria_pdr,Provincia di Foggia,270,0.25,0.6,0,0.4,ROSSO
carrozzeria_pdr,Provincia di Cosenza,270,0.25,0.6,0,0.4,ROSSO
carrozzeria_pdr,Provincia di Chieti,260,0.25,0.6,0,0.4,ROSSO
carrozzeria_pdr,Provincia di Teramo,250,0,0.6,0,0.4,ROSSO
carrozzeria_pdr,Provincia di Potenza,230,0,0.5,0,0.3,ROSSO
carrozzeria_pdr,Provincia di Siena,230,0.27,0.5,0,0.3,ROSSO
carrozzeria_pdr,Provincia di Viterbo,230,0.13,0.5,0,0.3,ROSSO
carrozzeria_pdr,Provincia di Savona,220,0.26,0.5,0,0.3,ROSSO
carrozzeria_pdr,Provincia di Catanzaro,210,0,0.5,0,0.3,ROSSO
carrozzeria_pdr,Provincia di Benevento,200,0,0.5,0,0.3,ROSSO
carrozzeria_pdr,Provincia di Terni,180,0.23,0.4,0,0.3,ROSSO
carrozzeria_pdr,Provincia di Ascoli Piceno,180,0,0.4,0,0.3,ROSSO
carrozzeria_pdr,Provincia di Vercelli,180,0.24,0.4,0,0.3,ROSSO
carrozzeria_pdr,Provincia di Asti,180,0,0.4,0,0.3,ROSSO
carrozzeria_pdr,Provincia di Sondrio,180,0,0.4,0,0.3,ROSSO
carrozzeria_pdr,Provincia di Brindisi,170,0.19,0.4,0,0.2,ROSSO
carrozzeria_pdr,Provincia di Grosseto,160,0.9,0.4,0,0.2,ROSSO
carrozzeria_pdr,Provincia di Gorizia,150,0,0.4,0,0.2,ROSSO
carrozzeria_pdr,Provincia di Barletta-Andria-Trani,150,0,0.4,0,0.2,ROSSO
carrozzeria_pdr,Provincia di Fermo,140,0,0.3,0,0.2,ROSSO
carrozzeria_pdr,Provincia di Imperia,140,7.85,0.3,0,0.2,ROSSO
carrozzeria_pdr,Provincia di Nuoro,120,0,0.3,0,0.2,ROSSO
carrozzeria_pdr,Provincia di Campobasso,90,0.22,0.2,0,0.1,ROSSO
carrozzeria_pdr,Provincia di Rieti,80,0,0.2,0,0.1,ROSSO
carrozzeria_pdr,Provincia di Matera,80,0,0.2,0,0.1,ROSSO
carrozzeria_pdr,Provincia di Oristano,80,0.26,0.2,0,0.1,ROSSO
carrozzeria_pdr,Provincia di Vibo Valentia,60,1.0,0.1,0,0.1,ROSSO
carrozzeria_pdr,Provincia di Carbonia-Iglesias,40,0,0.1,0,0.1,ROSSO
carrozzeria_pdr,Provincia di Isernia,40,0,0.1,0,0.1,ROSSO
carrozzeria_pdr,Provincia di Crotone,40,0,0.1,0,0.1,ROSSO
cartongesso,Città metropolitana di Milano,18310,1.16,42.7,10,25.6,VERDE
cartongesso,Città metropolitana di Roma Capitale,10360,0.48,24.2,10,14.5,VERDE
cartongesso,Città Metropolitana di Napoli,5720,0.43,13.3,10,8.0,VERDE
cartongesso,Città Metropolitana di Torino,2760,1.56,6.4,10,3.9,VERDE
cartongesso,Città metropolitana di Palermo,2390,0.5,5.6,10,3.3,VERDE
cartongesso,Città metropolitana di Catania,1900,0.24,4.4,10,2.7,VERDE
cartongesso,Città Metropolitana di Bari,1810,0.56,4.2,10,2.5,VERDE
cartongesso,Città Metropolitana di Bologna,1680,1.53,3.9,10,2.4,VERDE
cartongesso,Provincia di Brescia,1290,1.54,3.0,10,1.8,VERDE
cartongesso,Città Metropolitana di Firenze,1260,0.61,2.9,10,1.8,VERDE
cartongesso,Provincia di Salerno,1080,0.19,2.5,10,1.5,VERDE
cartongesso,Provincia di Caserta,1070,0.4,2.5,10,1.5,VERDE
cartongesso,Provincia di Padova,910,1.58,2.1,10,1.3,VERDE
cartongesso,Provincia di Bergamo,870,1.65,2.0,10,1.2,VERDE
cartongesso,Città metropolitana di Cagliari,830,0.25,1.9,10,1.2,GIALLO
cartongesso,Città Metropolitana di Genova,800,1.97,1.9,10,1.1,GIALLO
cartongesso,Provincia di Verona,800,1.58,1.9,10,1.1,GIALLO
cartongesso,Provincia di Varese,750,1.53,1.8,10,1.1,GIALLO
cartongesso,Città Metropolitana di Venezia,720,1.55,1.7,10,1.0,GIALLO
cartongesso,Provincia di Monza e della Brianza,670,1.74,1.6,10,0.9,GIALLO
cartongesso,Provincia di Vicenza,670,1.55,1.6,10,0.9,GIALLO
cartongesso,Provincia di Treviso,530,1.96,1.2,10,0.7,GIALLO
cartongesso,Provincia di Modena,500,1.4,1.2,10,0.7,GIALLO
cartongesso,Provincia di Cosenza,470,0.16,1.1,10,0.7,GIALLO
cartongesso,Provincia di Lecce,460,0.07,1.1,10,0.6,GIALLO
cartongesso,Provincia di Como,420,1.87,1.0,10,0.6,GIALLO
cartongesso,Provincia di Pescara,380,0.1,0.9,0,0.5,ROSSO
cartongesso,Provincia di Perugia,370,0.23,0.9,0,0.5,ROSSO
cartongesso,Provincia di Cuneo,350,2.15,0.8,0,0.5,ROSSO
cartongesso,Città metropolitana di Reggio Calabria,350,0.19,0.8,0,0.5,ROSSO
cartongesso,Città metropolitana di Messina,350,0.13,0.8,0,0.5,ROSSO
cartongesso,Provincia di Ancona,320,0.34,0.7,0,0.4,ROSSO
cartongesso,Provincia di Latina,320,0.18,0.7,0,0.4,ROSSO
cartongesso,Provincia di Novara,320,2.13,0.7,0,0.4,ROSSO
cartongesso,Provincia di Frosinone,320,0.4,0.7,0,0.4,ROSSO
cartongesso,Provincia di Lucca,310,1.59,0.7,0,0.4,ROSSO
cartongesso,Provincia di Trieste,300,0.96,0.7,0,0.4,ROSSO
cartongesso,Provincia di Rimini,290,2.0,0.7,0,0.4,ROSSO
cartongesso,Provincia di Reggio Emilia,290,1.95,0.7,0,0.4,ROSSO
cartongesso,Provincia di Avellino,280,0.11,0.7,0,0.4,ROSSO
cartongesso,Provincia di Potenza,270,1.09,0.6,0,0.4,ROSSO
cartongesso,Provincia di Taranto,270,0.06,0.6,0,0.4,ROSSO
cartongesso,Provincia di Pavia,270,1.44,0.6,0,0.4,ROSSO
cartongesso,Provincia di Pisa,260,0.27,0.6,0,0.4,ROSSO
cartongesso,Provincia di Mantova,260,1.39,0.6,0,0.4,ROSSO
cartongesso,Città metropolitana di Sassari,260,0.17,0.6,0,0.4,ROSSO
cartongesso,Provincia autonoma di Trento,250,0.95,0.6,0,0.4,ROSSO
cartongesso,Provincia di Chieti,230,0.15,0.5,0,0.3,ROSSO
cartongesso,Provincia di Foggia,220,0.24,0.5,0,0.3,ROSSO
cartongesso,Provincia di Alessandria,210,2.16,0.5,0,0.3,ROSSO
cartongesso,Provincia di Catanzaro,200,0.13,0.5,0,0.3,ROSSO
cartongesso,Provincia di Livorno,200,0.17,0.5,0,0.3,ROSSO
cartongesso,Provincia di Parma,200,1.35,0.5,0,0.3,ROSSO
cartongesso,Provincia di Cremona,180,0.98,0.4,0,0.3,ROSSO
cartongesso,Provincia di Forlì-Cesena,160,2.58,0.4,0,0.2,ROSSO
cartongesso,Provincia di Ravenna,150,1.57,0.4,0,0.2,ROSSO
cartongesso,Provincia di Barletta-Andria-Trani,150,0,0.4,0,0.2,ROSSO
cartongesso,Provincia di Lecco,140,4.07,0.3,0,0.2,ROSSO
cartongesso,Provincia di Piacenza,140,3.41,0.3,0,0.2,ROSSO
cartongesso,Provincia di Pesaro e Urbino,140,1.51,0.3,0,0.2,ROSSO
cartongesso,Provincia di Brindisi,140,0.08,0.3,0,0.2,ROSSO
cartongesso,Provincia dell'Aquila,130,0.13,0.3,0,0.2,ROSSO
cartongesso,Provincia di Benevento,130,0.07,0.3,0,0.2,ROSSO
cartongesso,Provincia di Arezzo,130,0.28,0.3,0,0.2,ROSSO
cartongesso,Provincia di Pordenone,130,1.09,0.3,0,0.2,ROSSO
cartongesso,Provincia di Teramo,120,0.52,0.3,0,0.2,ROSSO
cartongesso,Provincia di Viterbo,120,0.09,0.3,0,0.2,ROSSO
cartongesso,Provincia di Ferrara,120,2.11,0.3,0,0.2,ROSSO
cartongesso,Provincia di Pistoia,110,2.23,0.3,0,0.2,ROSSO
cartongesso,Provincia autonoma di Bolzano - Alto Adige,100,1.39,0.2,0,0.1,ROSSO
cartongesso,Provincia di Siena,90,0.08,0.2,0,0.1,ROSSO
cartongesso,Provincia di Savona,80,0.14,0.2,0,0.1,ROSSO
cartongesso,Provincia di Lodi,70,0.34,0.2,0,0.1,ROSSO
cartongesso,Provincia di Rovigo,70,0.43,0.2,0,0.1,ROSSO
cartongesso,Provincia di Prato,60,0,0.1,0,0.1,ROSSO
cartongesso,Provincia della Spezia,60,0,0.1,0,0.1,ROSSO
cartongesso,Provincia di Massa e Carrara,60,0.33,0.1,0,0.1,ROSSO
cartongesso,Provincia di Macerata,60,0,0.1,0,0.1,ROSSO
cartongesso,Provincia di Imperia,60,0.1,0.1,0,0.1,ROSSO
cartongesso,Provincia di Grosseto,50,0.4,0.1,0,0.1,ROSSO
cartongesso,Provincia di Sondrio,50,3.2,0.1,0,0.1,ROSSO
cartongesso,Provincia di Biella,50,1.96,0.1,0,0.1,ROSSO
cartongesso,Provincia di Rieti,40,0.09,0.1,0,0.1,ROSSO
cartongesso,Provincia di Belluno,40,0.14,0.1,0,0.1,ROSSO
cartongesso,Provincia di Asti,30,0,0.1,0,0.0,ROSSO
cartongesso,Provincia di Ascoli Piceno,30,0,0.1,0,0.0,ROSSO
cartongesso,Provincia di Fermo,30,0,0.1,0,0.0,ROSSO
cartongesso,Provincia di Campobasso,30,0,0.1,0,0.0,ROSSO
cartongesso,Provincia di Carbonia-Iglesias,30,0,0.1,0,0.0,ROSSO
cartongesso,Provincia di Crotone,30,0,0.1,0,0.0,ROSSO
cartongesso,Provincia di Terni,30,0,0.1,0,0.0,ROSSO
cartongesso,Provincia di Vibo Valentia,30,0,0.1,0,0.0,ROSSO
cartongesso,Provincia di Matera,30,0,0.1,0,0.0,ROSSO
cartongesso,Provincia di Nuoro,30,0,0.1,0,0.0,ROSSO
cartongesso,Provincia di Oristano,10,0,0.0,0,0.0,ROSSO
cartongesso,Provincia di Isernia,10,0,0.0,0,0.0,ROSSO
cartongesso,Provincia di Vercelli,10,0,0.0,0,0.0,ROSSO
cartongesso,Provincia di Gorizia,10,0,0.0,0,0.0,ROSSO
case_legno,Città metropolitana di Milano,137580,0.36,321.0,10,192.7,VERDE
case_legno,Città metropolitana di Roma Capitale,77110,0.34,179.9,10,108.0,VERDE
case_legno,Città Metropolitana di Napoli,24110,0.3,56.3,10,33.8,VERDE
case_legno,Città Metropolitana di Bari,21510,0.37,50.2,10,30.1,VERDE
case_legno,Città Metropolitana di Bologna,18360,0.42,42.8,10,25.7,VERDE
case_legno,Città Metropolitana di Torino,17910,0.38,41.8,10,25.1,VERDE
case_legno,Città metropolitana di Palermo,15420,0.35,36.0,10,21.6,VERDE
case_legno,Città Metropolitana di Firenze,14860,0.37,34.7,10,20.8,VERDE
case_legno,Provincia di Padova,13920,0.38,32.5,10,19.5,VERDE
case_legno,Provincia di Brescia,12820,0.4,29.9,10,18.0,VERDE
case_legno,Città metropolitana di Catania,10750,0.28,25.1,10,15.1,VERDE
case_legno,Provincia di Verona,10340,0.42,24.1,10,14.5,VERDE
case_legno,Provincia di Vicenza,10010,0.37,23.4,10,14.0,VERDE
case_legno,Provincia di Bergamo,9680,0.37,22.6,10,13.6,VERDE
case_legno,Città Metropolitana di Venezia,9280,0.36,21.7,10,13.0,VERDE
case_legno,Provincia di Treviso,8720,0.39,20.3,10,12.2,VERDE
case_legno,Città metropolitana di Cagliari,8450,0.35,19.7,10,11.8,VERDE
case_legno,Provincia di Salerno,8020,0.37,18.7,10,11.2,VERDE
case_legno,Provincia di Varese,7400,0.4,17.3,10,10.4,VERDE
case_legno,Città Metropolitana di Genova,6200,0.32,14.5,10,8.7,VERDE
case_legno,Provincia di Monza e della Brianza,5570,0.36,13.0,10,7.8,VERDE
case_legno,Provincia di Perugia,5380,0.38,12.6,10,7.5,VERDE
case_legno,Provincia di Como,5360,0.38,12.5,10,7.5,VERDE
case_legno,Provincia di Modena,5320,0.43,12.4,10,7.5,VERDE
case_legno,Provincia di Lucca,5000,0.42,11.7,10,7.0,VERDE
case_legno,Provincia di Trieste,4860,0.33,11.3,10,6.8,VERDE
case_legno,Provincia di Pescara,4790,0.38,11.2,10,6.7,VERDE
case_legno,Provincia di Caserta,4610,0.33,10.8,10,6.5,VERDE
case_legno,Provincia di Lecce,4580,0.35,10.7,10,6.4,VERDE
case_legno,Provincia di Ancona,4540,0.4,10.6,10,6.4,VERDE
case_legno,Provincia di Pisa,4080,0.51,9.5,10,5.7,VERDE
case_legno,Provincia di Reggio Emilia,4020,0.38,9.4,10,5.6,VERDE
case_legno,Provincia di Rimini,3970,0.41,9.3,10,5.6,VERDE
case_legno,Provincia di Livorno,3850,0.39,9.0,10,5.4,VERDE
case_legno,Provincia di Latina,3740,0.32,8.7,10,5.2,VERDE
case_legno,Città metropolitana di Reggio Calabria,3640,0.32,8.5,10,5.1,VERDE
case_legno,Provincia di Cuneo,3630,0.39,8.5,10,5.1,VERDE
case_legno,Città metropolitana di Sassari,3510,0.36,8.2,10,4.9,VERDE
case_legno,Provincia autonoma di Trento,3450,0.39,8.1,10,4.8,VERDE
case_legno,Provincia di Pavia,3420,0.31,8.0,10,4.8,VERDE
case_legno,Provincia di Taranto,3370,0.32,7.9,10,4.7,VERDE
case_legno,Provincia di Mantova,3240,0.45,7.6,10,4.5,VERDE
case_legno,Provincia di Novara,3230,0.38,7.5,10,4.5,VERDE
case_legno,Provincia di Frosinone,3170,0.29,7.4,10,4.4,VERDE
case_legno,Città metropolitana di Messina,3090,0.45,7.2,10,4.3,VERDE
case_legno,Provincia di Cosenza,2980,0.4,7.0,10,4.2,VERDE
case_legno,Provincia di Avellino,2950,0.34,6.9,10,4.1,VERDE
case_legno,Provincia di Ravenna,2920,0.4,6.8,10,4.1,VERDE
case_legno,Provincia di Parma,2920,0.41,6.8,10,4.1,VERDE
case_legno,Provincia di Forlì-Cesena,2670,0.37,6.2,10,3.7,VERDE
case_legno,Provincia di Potenza,2660,0.29,6.2,10,3.7,VERDE
case_legno,Provincia di Cremona,2560,0.32,6.0,10,3.6,VERDE
case_legno,Provincia di Arezzo,2450,0.49,5.7,10,3.4,VERDE
case_legno,Provincia di Chieti,2410,0.43,5.6,10,3.4,VERDE
case_legno,Provincia di Brindisi,2320,0.31,5.4,10,3.2,VERDE
case_legno,Provincia di Lecco,2300,0.35,5.4,10,3.2,VERDE
case_legno,Provincia di Pesaro e Urbino,2300,0.37,5.4,10,3.2,VERDE
case_legno,Provincia di Alessandria,2250,0.39,5.3,10,3.2,VERDE
case_legno,Provincia di Barletta-Andria-Trani,2200,0.38,5.1,10,3.1,VERDE
case_legno,Provincia di Pistoia,2200,0.43,5.1,10,3.1,VERDE
case_legno,Provincia di Foggia,2200,0.4,5.1,10,3.1,VERDE
case_legno,Provincia di Pordenone,2050,0.36,4.8,10,2.9,VERDE
case_legno,Provincia di Viterbo,2050,0.47,4.8,10,2.9,VERDE
case_legno,Provincia dell'Aquila,1970,0.39,4.6,10,2.8,VERDE
case_legno,Provincia di Ferrara,1930,0.4,4.5,10,2.7,VERDE
case_legno,Provincia di Macerata,1910,0.34,4.5,10,2.7,VERDE
case_legno,Provincia autonoma di Bolzano - Alto Adige,1900,0.44,4.4,10,2.7,VERDE
case_legno,Provincia di Siena,1860,0.42,4.3,10,2.6,VERDE
case_legno,Provincia di Catanzaro,1860,0.37,4.3,10,2.6,VERDE
case_legno,Provincia di Teramo,1820,0.38,4.2,10,2.5,VERDE
case_legno,Provincia di Piacenza,1750,0.4,4.1,10,2.5,VERDE
case_legno,Provincia di Rovigo,1730,0.4,4.0,10,2.4,VERDE
case_legno,Provincia di Massa e Carrara,1670,0.36,3.9,10,2.3,VERDE
case_legno,Provincia di Grosseto,1590,0.41,3.7,10,2.2,VERDE
case_legno,Provincia di Savona,1550,0.43,3.6,10,2.2,VERDE
case_legno,Provincia della Spezia,1470,0.38,3.4,10,2.1,VERDE
case_legno,Provincia di Benevento,1280,0.38,3.0,10,1.8,VERDE
case_legno,Provincia di Prato,1280,0.32,3.0,10,1.8,VERDE
case_legno,Provincia di Lodi,1160,0.32,2.7,10,1.6,VERDE
case_legno,Provincia di Imperia,1130,0.33,2.6,10,1.6,VERDE
case_legno,Provincia di Terni,1090,0.41,2.5,10,1.5,VERDE
case_legno,Provincia di Belluno,1080,0.39,2.5,10,1.5,VERDE
case_legno,Provincia di Ascoli Piceno,1040,0.39,2.4,10,1.5,VERDE
case_legno,Provincia di Sondrio,980,0.41,2.3,10,1.4,VERDE
case_legno,Provincia di Gorizia,970,0.33,2.3,10,1.4,VERDE
case_legno,Provincia di Nuoro,930,0.61,2.2,10,1.3,VERDE
case_legno,Provincia di Fermo,830,0.44,1.9,10,1.2,GIALLO
case_legno,Provincia di Campobasso,820,0.53,1.9,10,1.1,GIALLO
case_legno,Provincia di Carbonia-Iglesias,770,0.4,1.8,10,1.1,GIALLO
case_legno,Provincia di Asti,760,0.83,1.8,10,1.1,GIALLO
case_legno,Provincia di Rieti,750,0.3,1.8,10,1.1,GIALLO
case_legno,Provincia di Vercelli,660,0.46,1.5,10,0.9,GIALLO
case_legno,Provincia di Matera,640,0.28,1.5,10,0.9,GIALLO
case_legno,Provincia di Oristano,620,0.33,1.4,10,0.9,GIALLO
case_legno,Provincia di Biella,600,0.29,1.4,10,0.8,GIALLO
case_legno,Provincia di Crotone,450,0.33,1.1,10,0.6,GIALLO
case_legno,Provincia di Vibo Valentia,430,0.47,1.0,10,0.6,GIALLO
case_legno,Provincia di Isernia,310,0.37,0.7,0,0.4,ROSSO
catering_az,Città metropolitana di Milano,580,5.67,1.4,10,0.8,GIALLO
catering_az,Città metropolitana di Roma Capitale,340,2.17,0.8,0,0.5,ROSSO
catering_az,Città Metropolitana di Torino,130,1.09,0.3,0,0.2,ROSSO
catering_az,Città Metropolitana di Firenze,100,1.02,0.2,0,0.1,ROSSO
catering_az,Città Metropolitana di Bologna,100,0.99,0.2,0,0.1,ROSSO
catering_az,Città Metropolitana di Napoli,80,0.85,0.2,0,0.1,ROSSO
catering_az,Provincia di Monza e della Brianza,60,0.64,0.1,0,0.1,ROSSO
catering_az,Provincia di Brescia,60,0.98,0.1,0,0.1,ROSSO
catering_az,Provincia di Padova,60,0.68,0.1,0,0.1,ROSSO
catering_az,Provincia di Verona,50,0.96,0.1,0,0.1,ROSSO
catering_az,Provincia di Varese,40,1.84,0.1,0,0.1,ROSSO
catering_az,Provincia di Bergamo,40,1.67,0.1,0,0.1,ROSSO
catering_az,Città Metropolitana di Venezia,40,0.81,0.1,0,0.1,ROSSO
catering_az,Città metropolitana di Palermo,40,0.34,0.1,0,0.1,ROSSO
catering_az,Città Metropolitana di Genova,40,1.46,0.1,0,0.1,ROSSO
catering_az,Provincia di Perugia,40,0.93,0.1,0,0.1,ROSSO
catering_az,Provincia di Ravenna,40,0,0.1,0,0.1,ROSSO
catering_az,Città Metropolitana di Bari,40,0.78,0.1,0,0.1,ROSSO
catering_az,Provincia di Lucca,30,1.07,0.1,0,0.0,ROSSO
catering_az,Provincia autonoma di Trento,30,0.87,0.1,0,0.0,ROSSO
catering_az,Città metropolitana di Catania,30,0.8,0.1,0,0.0,ROSSO
catering_az,Provincia di Pavia,30,1.19,0.1,0,0.0,ROSSO
catering_az,Provincia di Treviso,30,0.89,0.1,0,0.0,ROSSO
catering_az,Provincia di Pisa,30,0.63,0.1,0,0.0,ROSSO
catering_az,Provincia di Parma,30,0.75,0.1,0,0.0,ROSSO
catering_az,Provincia di Mantova,20,1.04,0.0,0,0.0,ROSSO
catering_az,Provincia di Salerno,20,1.01,0.0,0,0.0,ROSSO
catering_az,Provincia di Vicenza,20,0.9,0.0,0,0.0,ROSSO
catering_az,Città metropolitana di Cagliari,20,0.64,0.0,0,0.0,ROSSO
catering_az,Provincia di Ferrara,20,1.49,0.0,0,0.0,ROSSO
catering_az,Provincia di Rimini,20,1.19,0.0,0,0.0,ROSSO
catering_az,Provincia di Como,20,1.28,0.0,0,0.0,ROSSO
catering_az,Provincia di Siena,20,1.23,0.0,0,0.0,ROSSO
catering_az,Provincia di Pistoia,20,1.81,0.0,0,0.0,ROSSO
catering_az,Provincia di Arezzo,20,0.98,0.0,0,0.0,ROSSO
catering_az,Provincia di Novara,20,2.34,0.0,0,0.0,ROSSO
catering_az,Provincia di Piacenza,20,0.98,0.0,0,0.0,ROSSO
catering_az,Provincia di Reggio Emilia,10,0,0.0,0,0.0,ROSSO
catering_az,Provincia di Crotone,10,0,0.0,0,0.0,ROSSO
catering_az,Provincia di Cosenza,10,0,0.0,0,0.0,ROSSO
catering_az,Provincia di Trieste,10,0,0.0,0,0.0,ROSSO
catering_az,Provincia di Teramo,10,0,0.0,0,0.0,ROSSO
catering_az,Provincia di Pordenone,10,0,0.0,0,0.0,ROSSO
catering_az,Provincia di Avellino,10,0,0.0,0,0.0,ROSSO
catering_az,Provincia di Lecce,10,0,0.0,0,0.0,ROSSO
catering_az,Provincia di Carbonia-Iglesias,10,0,0.0,0,0.0,ROSSO
catering_az,Provincia di Belluno,10,0,0.0,0,0.0,ROSSO
catering_az,Provincia di Pesaro e Urbino,10,0,0.0,0,0.0,ROSSO
catering_az,Provincia di Terni,10,0,0.0,0,0.0,ROSSO
catering_az,Provincia di Sondrio,10,0,0.0,0,0.0,ROSSO
catering_az,Provincia di Chieti,10,0,0.0,0,0.0,ROSSO
catering_az,Provincia di Rieti,10,0,0.0,0,0.0,ROSSO
catering_az,Provincia di Prato,10,0,0.0,0,0.0,ROSSO
catering_az,Provincia di Caserta,10,0,0.0,0,0.0,ROSSO
catering_az,Provincia di Frosinone,10,0,0.0,0,0.0,ROSSO
catering_az,Provincia di Rovigo,10,0,0.0,0,0.0,ROSSO
catering_az,Città metropolitana di Sassari,10,0,0.0,0,0.0,ROSSO
catering_az,Provincia di Fermo,10,0,0.0,0,0.0,ROSSO
catering_az,Città metropolitana di Messina,10,0,0.0,0,0.0,ROSSO
catering_az,Provincia di Vibo Valentia,10,0,0.0,0,0.0,ROSSO
catering_az,Provincia di Cremona,10,0,0.0,0,0.0,ROSSO
catering_az,Provincia di Lecco,10,0,0.0,0,0.0,ROSSO
catering_az,Provincia di Barletta-Andria-Trani,10,0,0.0,0,0.0,ROSSO
catering_az,Provincia di Ancona,10,0,0.0,0,0.0,ROSSO
catering_az,Provincia di Viterbo,10,0,0.0,0,0.0,ROSSO
catering_az,Provincia di Vercelli,10,0,0.0,0,0.0,ROSSO
catering_az,Provincia di Potenza,10,0,0.0,0,0.0,ROSSO
catering_az,Provincia di Brindisi,10,0,0.0,0,0.0,ROSSO
catering_az,Provincia autonoma di Bolzano - Alto Adige,10,0,0.0,0,0.0,ROSSO
catering_az,Provincia di Latina,10,0,0.0,0,0.0,ROSSO
catering_az,Provincia di Oristano,10,0,0.0,0,0.0,ROSSO
catering_az,Provincia di Macerata,10,0,0.0,0,0.0,ROSSO
catering_az,Provincia di Benevento,10,0,0.0,0,0.0,ROSSO
catering_az,Provincia di Catanzaro,10,0,0.0,0,0.0,ROSSO
catering_az,Provincia di Pescara,10,0,0.0,0,0.0,ROSSO
catering_az,Provincia di Taranto,10,0,0.0,0,0.0,ROSSO
catering_az,Provincia di Grosseto,10,0,0.0,0,0.0,ROSSO
catering_az,Città metropolitana di Reggio Calabria,10,0,0.0,0,0.0,ROSSO
catering_az,Provincia della Spezia,10,0,0.0,0,0.0,ROSSO
catering_az,Provincia di Matera,10,0,0.0,0,0.0,ROSSO
catering_az,Provincia di Gorizia,10,0,0.0,0,0.0,ROSSO
catering_az,Provincia di Savona,10,0,0.0,0,0.0,ROSSO
catering_az,Provincia di Asti,10,0,0.0,0,0.0,ROSSO
catering_az,Provincia di Foggia,10,0,0.0,0,0.0,ROSSO
catering_az,Provincia di Massa e Carrara,10,0,0.0,0,0.0,ROSSO
catering_az,Provincia di Ascoli Piceno,10,0,0.0,0,0.0,ROSSO
catering_az,Provincia di Biella,10,0,0.0,0,0.0,ROSSO
catering_az,Provincia di Livorno,10,0,0.0,0,0.0,ROSSO
catering_az,Provincia di Isernia,10,0,0.0,0,0.0,ROSSO
catering_az,Provincia di Cuneo,10,0,0.0,0,0.0,ROSSO
catering_az,Provincia dell'Aquila,10,0,0.0,0,0.0,ROSSO
catering_az,Provincia di Campobasso,10,0,0.0,0,0.0,ROSSO
catering_az,Provincia di Alessandria,10,0,0.0,0,0.0,ROSSO
catering_az,Provincia di Lodi,10,0,0.0,0,0.0,ROSSO
catering_az,Provincia di Modena,10,0,0.0,0,0.0,ROSSO
catering_az,Provincia di Imperia,10,0,0.0,0,0.0,ROSSO
catering_az,Provincia di Nuoro,10,0,0.0,0,0.0,ROSSO
catering_az,Provincia di Forlì-Cesena,10,0,0.0,0,0.0,ROSSO
centralini_voip,Città metropolitana di Milano,60,4.51,0.1,0,0.1,ROSSO
centralini_voip,Città metropolitana di Roma Capitale,40,4.97,0.1,0,0.1,ROSSO
centralini_voip,Città Metropolitana di Torino,20,5.13,0.0,0,0.0,ROSSO
centralini_voip,Città Metropolitana di Bari,20,7.11,0.0,0,0.0,ROSSO
centralini_voip,Città Metropolitana di Napoli,20,4.68,0.0,0,0.0,ROSSO
centralini_voip,Provincia di Reggio Emilia,20,5.79,0.0,0,0.0,ROSSO
centralini_voip,Provincia di Taranto,20,4.18,0.0,0,0.0,ROSSO
centralini_voip,Città Metropolitana di Venezia,20,4.23,0.0,0,0.0,ROSSO
centralini_voip,Provincia di Potenza,20,1.73,0.0,0,0.0,ROSSO
centralini_voip,Città metropolitana di Cagliari,20,4.67,0.0,0,0.0,ROSSO
centralini_voip,Provincia di Livorno,10,0,0.0,0,0.0,ROSSO
centralini_voip,Città metropolitana di Sassari,10,0,0.0,0,0.0,ROSSO
centralini_voip,Città Metropolitana di Bologna,10,0,0.0,0,0.0,ROSSO
centralini_voip,Provincia di Isernia,10,0,0.0,0,0.0,ROSSO
centralini_voip,Provincia di Ravenna,10,0,0.0,0,0.0,ROSSO
centralini_voip,Provincia di Massa e Carrara,10,0,0.0,0,0.0,ROSSO
centralini_voip,Provincia di Pavia,10,0,0.0,0,0.0,ROSSO
centralini_voip,Provincia di Ancona,10,0,0.0,0,0.0,ROSSO
centralini_voip,Provincia di Rimini,10,0,0.0,0,0.0,ROSSO
centralini_voip,Provincia di Imperia,10,0,0.0,0,0.0,ROSSO
centralini_voip,Provincia di Como,10,0,0.0,0,0.0,ROSSO
centralini_voip,Città Metropolitana di Firenze,10,0,0.0,0,0.0,ROSSO
centralini_voip,Città metropolitana di Palermo,10,0,0.0,0,0.0,ROSSO
centralini_voip,Provincia di Chieti,10,0,0.0,0,0.0,ROSSO
centralini_voip,Provincia di Brescia,10,0,0.0,0,0.0,ROSSO
centralini_voip,Provincia di Treviso,10,0,0.0,0,0.0,ROSSO
centralini_voip,Provincia di Barletta-Andria-Trani,10,0,0.0,0,0.0,ROSSO
centralini_voip,Provincia di Siena,10,0,0.0,0,0.0,ROSSO
centralini_voip,Provincia di Vibo Valentia,10,0,0.0,0,0.0,ROSSO
centralini_voip,Provincia dell'Aquila,10,0,0.0,0,0.0,ROSSO
centralini_voip,Città metropolitana di Catania,10,0,0.0,0,0.0,ROSSO
centralini_voip,Città metropolitana di Messina,10,0,0.0,0,0.0,ROSSO
centralini_voip,Provincia di Rovigo,10,0,0.0,0,0.0,ROSSO
centralini_voip,Provincia di Perugia,10,0,0.0,0,0.0,ROSSO
centralini_voip,Città metropolitana di Reggio Calabria,10,0,0.0,0,0.0,ROSSO
centralini_voip,Provincia di Pescara,10,0,0.0,0,0.0,ROSSO
centralini_voip,Provincia di Oristano,10,0,0.0,0,0.0,ROSSO
centralini_voip,Provincia di Pistoia,10,0,0.0,0,0.0,ROSSO
centralini_voip,Provincia di Nuoro,10,0,0.0,0,0.0,ROSSO
centralini_voip,Provincia di Macerata,10,0,0.0,0,0.0,ROSSO
centralini_voip,Provincia di Verona,10,0,0.0,0,0.0,ROSSO
centralini_voip,Provincia di Asti,10,0,0.0,0,0.0,ROSSO
centralini_voip,Provincia della Spezia,10,0,0.0,0,0.0,ROSSO
centralini_voip,Provincia di Parma,10,0,0.0,0,0.0,ROSSO
centralini_voip,Provincia di Pisa,10,0,0.0,0,0.0,ROSSO
centralini_voip,Provincia di Cuneo,10,0,0.0,0,0.0,ROSSO
centralini_voip,Provincia di Gorizia,10,0,0.0,0,0.0,ROSSO
centralini_voip,Provincia di Varese,10,0,0.0,0,0.0,ROSSO
centralini_voip,Provincia di Alessandria,10,0,0.0,0,0.0,ROSSO
centralini_voip,Provincia di Lodi,10,0,0.0,0,0.0,ROSSO
centralini_voip,Provincia di Grosseto,10,0,0.0,0,0.0,ROSSO
centralini_voip,Provincia di Catanzaro,10,0,0.0,0,0.0,ROSSO
centralini_voip,Provincia di Teramo,10,0,0.0,0,0.0,ROSSO
centralini_voip,Provincia di Benevento,10,0,0.0,0,0.0,ROSSO
centralini_voip,Provincia di Campobasso,10,0,0.0,0,0.0,ROSSO
centralini_voip,Provincia di Piacenza,10,0,0.0,0,0.0,ROSSO
centralini_voip,Provincia di Terni,10,0,0.0,0,0.0,ROSSO
centralini_voip,Provincia di Cremona,10,0,0.0,0,0.0,ROSSO
centralini_voip,Provincia di Viterbo,10,0,0.0,0,0.0,ROSSO
centralini_voip,Provincia di Ascoli Piceno,10,0,0.0,0,0.0,ROSSO
centralini_voip,Provincia di Modena,10,0,0.0,0,0.0,ROSSO
centralini_voip,Provincia di Lecce,10,0,0.0,0,0.0,ROSSO
centralini_voip,Provincia autonoma di Bolzano - Alto Adige,10,0,0.0,0,0.0,ROSSO
centralini_voip,Provincia di Ferrara,10,0,0.0,0,0.0,ROSSO
centralini_voip,Provincia di Savona,10,0,0.0,0,0.0,ROSSO
centralini_voip,Provincia di Foggia,10,0,0.0,0,0.0,ROSSO
centralini_voip,Provincia di Caserta,10,0,0.0,0,0.0,ROSSO
centralini_voip,Provincia di Frosinone,10,0,0.0,0,0.0,ROSSO
centralini_voip,Provincia di Forlì-Cesena,10,0,0.0,0,0.0,ROSSO
centralini_voip,Provincia di Vercelli,10,0,0.0,0,0.0,ROSSO
centralini_voip,Provincia di Padova,10,0,0.0,0,0.0,ROSSO
centralini_voip,Provincia autonoma di Trento,10,0,0.0,0,0.0,ROSSO
centralini_voip,Provincia di Brindisi,10,0,0.0,0,0.0,ROSSO
centralini_voip,Provincia di Biella,10,0,0.0,0,0.0,ROSSO
centralini_voip,Provincia di Carbonia-Iglesias,10,0,0.0,0,0.0,ROSSO
centralini_voip,Provincia di Pordenone,10,0,0.0,0,0.0,ROSSO
centralini_voip,Provincia di Novara,10,0,0.0,0,0.0,ROSSO
centralini_voip,Provincia di Belluno,10,0,0.0,0,0.0,ROSSO
centralini_voip,Provincia di Matera,10,0,0.0,0,0.0,ROSSO
centralini_voip,Provincia di Arezzo,10,0,0.0,0,0.0,ROSSO
centralini_voip,Provincia di Monza e della Brianza,10,0,0.0,0,0.0,ROSSO
centralini_voip,Provincia di Fermo,10,0,0.0,0,0.0,ROSSO
centralini_voip,Provincia di Bergamo,10,0,0.0,0,0.0,ROSSO
centralini_voip,Provincia di Sondrio,10,0,0.0,0,0.0,ROSSO
centralini_voip,Provincia di Lecco,10,0,0.0,0,0.0,ROSSO
centralini_voip,Provincia di Latina,10,0,0.0,0,0.0,ROSSO
centralini_voip,Provincia di Avellino,10,0,0.0,0,0.0,ROSSO
centralini_voip,Provincia di Crotone,10,0,0.0,0,0.0,ROSSO
centralini_voip,Provincia di Mantova,10,0,0.0,0,0.0,ROSSO
centralini_voip,Provincia di Cosenza,10,0,0.0,0,0.0,ROSSO
centralini_voip,Provincia di Pesaro e Urbino,10,0,0.0,0,0.0,ROSSO
centralini_voip,Città Metropolitana di Genova,10,0,0.0,0,0.0,ROSSO
centralini_voip,Provincia di Trieste,10,0,0.0,0,0.0,ROSSO
centralini_voip,Provincia di Salerno,10,0,0.0,0,0.0,ROSSO
centralini_voip,Provincia di Vicenza,10,0,0.0,0,0.0,ROSSO
centralini_voip,Provincia di Prato,10,0,0.0,0,0.0,ROSSO
centralini_voip,Provincia di Rieti,10,0,0.0,0,0.0,ROSSO
centralini_voip,Provincia di Lucca,10,0,0.0,0,0.0,ROSSO
certificazioni_iso,Città metropolitana di Milano,2380,5.58,5.6,25,3.3,VERDE
certificazioni_iso,Città metropolitana di Roma Capitale,1370,6.92,3.2,22,1.9,VERDE
certificazioni_iso,Città Metropolitana di Napoli,510,11.11,1.2,13,0.7,GIALLO
certificazioni_iso,Città Metropolitana di Torino,450,8.26,1.1,10,0.6,GIALLO
certificazioni_iso,Provincia di Brescia,280,15.17,0.7,0,0.4,ROSSO
certificazioni_iso,Città Metropolitana di Bologna,260,8.96,0.6,0,0.4,ROSSO
certificazioni_iso,Provincia di Bergamo,250,10.98,0.6,0,0.4,ROSSO
certificazioni_iso,Città Metropolitana di Bari,200,7.73,0.5,0,0.3,ROSSO
certificazioni_iso,Provincia di Padova,190,9.43,0.4,0,0.3,ROSSO
certificazioni_iso,Città Metropolitana di Firenze,170,9.68,0.4,0,0.2,ROSSO
certificazioni_iso,Provincia di Monza e della Brianza,150,6.53,0.4,0,0.2,ROSSO
certificazioni_iso,Città metropolitana di Palermo,140,3.64,0.3,0,0.2,ROSSO
certificazioni_iso,Città metropolitana di Catania,140,25.23,0.3,0,0.2,ROSSO
certificazioni_iso,Provincia di Vicenza,130,14.75,0.3,0,0.2,ROSSO
certificazioni_iso,Provincia di Salerno,120,7.04,0.3,0,0.2,ROSSO
certificazioni_iso,Provincia di Treviso,110,9.65,0.3,0,0.2,ROSSO
certificazioni_iso,Provincia di Varese,110,4.88,0.3,0,0.2,ROSSO
certificazioni_iso,Provincia di Verona,110,3.3,0.3,0,0.2,ROSSO
certificazioni_iso,Provincia di Caserta,100,32.26,0.2,0,0.1,ROSSO
certificazioni_iso,Città Metropolitana di Genova,100,3.99,0.2,0,0.1,ROSSO
certificazioni_iso,Città Metropolitana di Venezia,90,4.56,0.2,0,0.1,ROSSO
certificazioni_iso,Provincia di Modena,80,5.85,0.2,0,0.1,ROSSO
certificazioni_iso,Provincia di Como,70,10.07,0.2,0,0.1,ROSSO
certificazioni_iso,Provincia di Novara,60,6.29,0.1,0,0.1,ROSSO
certificazioni_iso,Provincia di Perugia,60,15.65,0.1,0,0.1,ROSSO
certificazioni_iso,Provincia di Lecce,60,4.01,0.1,0,0.1,ROSSO
certificazioni_iso,Provincia di Frosinone,60,5.42,0.1,0,0.1,ROSSO
certificazioni_iso,Provincia di Cuneo,60,8.82,0.1,0,0.1,ROSSO
certificazioni_iso,Città metropolitana di Cagliari,60,7.07,0.1,0,0.1,ROSSO
certificazioni_iso,Provincia di Reggio Emilia,50,8.91,0.1,0,0.1,ROSSO
certificazioni_iso,Provincia di Alessandria,50,8.78,0.1,0,0.1,ROSSO
certificazioni_iso,Provincia di Taranto,50,5.38,0.1,0,0.1,ROSSO
certificazioni_iso,Provincia di Pescara,50,6.92,0.1,0,0.1,ROSSO
certificazioni_iso,Provincia di Mantova,50,23.53,0.1,0,0.1,ROSSO
certificazioni_iso,Provincia di Rimini,50,8.45,0.1,0,0.1,ROSSO
certificazioni_iso,Provincia di Pavia,50,5.82,0.1,0,0.1,ROSSO
certificazioni_iso,Provincia di Ancona,50,2.33,0.1,0,0.1,ROSSO
certificazioni_iso,Provincia di Pisa,40,12.68,0.1,0,0.1,ROSSO
certificazioni_iso,Provincia di Foggia,40,11.32,0.1,0,0.1,ROSSO
certificazioni_iso,Provincia di Parma,40,17.43,0.1,0,0.1,ROSSO
certificazioni_iso,Provincia di Prato,30,37.25,0.1,0,0.0,ROSSO
certificazioni_iso,Provincia di Latina,30,13.82,0.1,0,0.0,ROSSO
certificazioni_iso,Provincia di Macerata,30,13.49,0.1,0,0.0,ROSSO
certificazioni_iso,Provincia di Ravenna,30,15.58,0.1,0,0.0,ROSSO
certificazioni_iso,Provincia di Lecco,30,5.92,0.1,0,0.0,ROSSO
certificazioni_iso,Provincia di Catanzaro,30,22.83,0.1,0,0.0,ROSSO
certificazioni_iso,Provincia di Teramo,30,5.29,0.1,0,0.0,ROSSO
certificazioni_iso,Provincia di Cremona,30,1.4,0.1,0,0.0,ROSSO
certificazioni_iso,Provincia di Avellino,30,4.12,0.1,0,0.0,ROSSO
certificazioni_iso,Provincia di Potenza,30,4.8,0.1,0,0.0,ROSSO
certificazioni_iso,Provincia autonoma di Trento,30,9.83,0.1,0,0.0,ROSSO
certificazioni_iso,Provincia di Forlì-Cesena,30,20.51,0.1,0,0.0,ROSSO
certificazioni_iso,Provincia di Cosenza,30,11.64,0.1,0,0.0,ROSSO
certificazioni_iso,Provincia di Trieste,30,8.45,0.1,0,0.0,ROSSO
certificazioni_iso,Provincia di Chieti,30,9.08,0.1,0,0.0,ROSSO
certificazioni_iso,Provincia di Massa e Carrara,20,13.67,0.0,0,0.0,ROSSO
certificazioni_iso,Provincia di Lucca,20,12.38,0.0,0,0.0,ROSSO
certificazioni_iso,Città metropolitana di Sassari,20,0.64,0.0,0,0.0,ROSSO
certificazioni_iso,Provincia di Matera,20,58.92,0.0,0,0.0,ROSSO
certificazioni_iso,Provincia di Grosseto,20,2.34,0.0,0,0.0,ROSSO
certificazioni_iso,Provincia di Arezzo,20,3.65,0.0,0,0.0,ROSSO
certificazioni_iso,Città metropolitana di Messina,20,19.96,0.0,0,0.0,ROSSO
certificazioni_iso,Provincia di Piacenza,20,3.88,0.0,0,0.0,ROSSO
certificazioni_iso,Provincia di Benevento,20,57.89,0.0,0,0.0,ROSSO
certificazioni_iso,Provincia di Savona,20,2.45,0.0,0,0.0,ROSSO
certificazioni_iso,Provincia dell'Aquila,20,17.63,0.0,0,0.0,ROSSO
certificazioni_iso,Provincia di Pistoia,20,9.52,0.0,0,0.0,ROSSO
certificazioni_iso,Provincia di Terni,20,54.34,0.0,0,0.0,ROSSO
certificazioni_iso,Città metropolitana di Reggio Calabria,20,21.9,0.0,0,0.0,ROSSO
certificazioni_iso,Provincia di Ferrara,20,15.3,0.0,0,0.0,ROSSO
certificazioni_iso,Provincia di Viterbo,20,3.85,0.0,0,0.0,ROSSO
certificazioni_iso,Provincia di Rovigo,20,5.02,0.0,0,0.0,ROSSO
certificazioni_iso,Provincia di Siena,20,11.59,0.0,0,0.0,ROSSO
certificazioni_iso,Provincia di Pesaro e Urbino,20,11.78,0.0,0,0.0,ROSSO
certificazioni_iso,Provincia di Campobasso,20,1.03,0.0,0,0.0,ROSSO
certificazioni_iso,Provincia di Brindisi,20,5.83,0.0,0,0.0,ROSSO
certificazioni_iso,Provincia di Belluno,20,20.01,0.0,0,0.0,ROSSO
certificazioni_iso,Provincia di Oristano,10,0,0.0,0,0.0,ROSSO
certificazioni_iso,Provincia di Rieti,10,0,0.0,0,0.0,ROSSO
certificazioni_iso,Provincia di Asti,10,0,0.0,0,0.0,ROSSO
certificazioni_iso,Provincia di Isernia,10,0,0.0,0,0.0,ROSSO
certificazioni_iso,Provincia di Vibo Valentia,10,0,0.0,0,0.0,ROSSO
certificazioni_iso,Provincia di Livorno,10,0,0.0,0,0.0,ROSSO
certificazioni_iso,Provincia di Fermo,10,0,0.0,0,0.0,ROSSO
certificazioni_iso,Provincia di Lodi,10,0,0.0,0,0.0,ROSSO
certificazioni_iso,Provincia di Imperia,10,0,0.0,0,0.0,ROSSO
certificazioni_iso,Provincia di Biella,10,0,0.0,0,0.0,ROSSO
certificazioni_iso,Provincia autonoma di Bolzano - Alto Adige,10,0,0.0,0,0.0,ROSSO
certificazioni_iso,Provincia della Spezia,10,0,0.0,0,0.0,ROSSO
certificazioni_iso,Provincia di Gorizia,10,0,0.0,0,0.0,ROSSO
certificazioni_iso,Provincia di Carbonia-Iglesias,10,0,0.0,0,0.0,ROSSO
certificazioni_iso,Provincia di Ascoli Piceno,10,0,0.0,0,0.0,ROSSO
certificazioni_iso,Provincia di Nuoro,10,0,0.0,0,0.0,ROSSO
certificazioni_iso,Provincia di Barletta-Andria-Trani,10,0,0.0,0,0.0,ROSSO
certificazioni_iso,Provincia di Crotone,10,0,0.0,0,0.0,ROSSO
certificazioni_iso,Provincia di Pordenone,10,0,0.0,0,0.0,ROSSO
certificazioni_iso,Provincia di Vercelli,10,0,0.0,0,0.0,ROSSO
certificazioni_iso,Provincia di Sondrio,10,0,0.0,0,0.0,ROSSO
climatizzazione_ind,Città metropolitana di Milano,490,1.35,1.1,10,0.7,GIALLO
climatizzazione_ind,Città metropolitana di Roma Capitale,180,1.31,0.4,0,0.3,ROSSO
climatizzazione_ind,Provincia di Brescia,140,6.85,0.3,0,0.2,ROSSO
climatizzazione_ind,Provincia di Padova,130,1.11,0.3,0,0.2,ROSSO
climatizzazione_ind,Città Metropolitana di Torino,110,1.11,0.3,0,0.2,ROSSO
climatizzazione_ind,Città Metropolitana di Napoli,110,0.98,0.3,0,0.2,ROSSO
climatizzazione_ind,Città Metropolitana di Bologna,110,1.24,0.3,0,0.2,ROSSO
climatizzazione_ind,Provincia di Varese,100,4.67,0.2,0,0.1,ROSSO
climatizzazione_ind,Provincia di Vicenza,90,1.1,0.2,0,0.1,ROSSO
climatizzazione_ind,Provincia di Bergamo,90,1.07,0.2,0,0.1,ROSSO
climatizzazione_ind,Provincia di Treviso,90,0.88,0.2,0,0.1,ROSSO
climatizzazione_ind,Provincia di Monza e della Brianza,70,1.21,0.2,0,0.1,ROSSO
climatizzazione_ind,Provincia di Verona,70,1.39,0.2,0,0.1,ROSSO
climatizzazione_ind,Città Metropolitana di Venezia,70,1.31,0.2,0,0.1,ROSSO
climatizzazione_ind,Città Metropolitana di Firenze,70,1.07,0.2,0,0.1,ROSSO
climatizzazione_ind,Provincia di Modena,60,1.12,0.1,0,0.1,ROSSO
climatizzazione_ind,Provincia di Mantova,50,1.5,0.1,0,0.1,ROSSO
climatizzazione_ind,Provincia di Pavia,50,1.36,0.1,0,0.1,ROSSO
climatizzazione_ind,Città Metropolitana di Bari,50,0.95,0.1,0,0.1,ROSSO
climatizzazione_ind,Provincia di Lecco,50,1.05,0.1,0,0.1,ROSSO
climatizzazione_ind,Provincia di Caserta,40,1.05,0.1,0,0.1,ROSSO
climatizzazione_ind,Provincia di Forlì-Cesena,40,1.32,0.1,0,0.1,ROSSO
climatizzazione_ind,Città Metropolitana di Genova,40,0.76,0.1,0,0.1,ROSSO
climatizzazione_ind,Provincia di Como,40,1.45,0.1,0,0.1,ROSSO
climatizzazione_ind,Provincia di Ancona,40,2.26,0.1,0,0.1,ROSSO
climatizzazione_ind,Provincia di Cremona,40,1.53,0.1,0,0.1,ROSSO
climatizzazione_ind,Provincia di Parma,40,1.3,0.1,0,0.1,ROSSO
climatizzazione_ind,Provincia di Trieste,30,1.13,0.1,0,0.0,ROSSO
climatizzazione_ind,Provincia di Salerno,30,2.64,0.1,0,0.0,ROSSO
climatizzazione_ind,Provincia di Lodi,30,0.81,0.1,0,0.0,ROSSO
climatizzazione_ind,Provincia di Pesaro e Urbino,30,0.93,0.1,0,0.0,ROSSO
climatizzazione_ind,Provincia di Cuneo,30,0.78,0.1,0,0.0,ROSSO
climatizzazione_ind,Provincia di Rimini,30,0.94,0.1,0,0.0,ROSSO
climatizzazione_ind,Provincia di Perugia,30,1.05,0.1,0,0.0,ROSSO
climatizzazione_ind,Provincia di Reggio Emilia,30,1.18,0.1,0,0.0,ROSSO
climatizzazione_ind,Provincia di Pordenone,30,1.02,0.1,0,0.0,ROSSO
climatizzazione_ind,Provincia di Novara,30,0.99,0.1,0,0.0,ROSSO
climatizzazione_ind,Provincia di Arezzo,30,0.78,0.1,0,0.0,ROSSO
climatizzazione_ind,Provincia di Prato,30,1.48,0.1,0,0.0,ROSSO
climatizzazione_ind,Provincia di Lucca,30,0.57,0.1,0,0.0,ROSSO
climatizzazione_ind,Provincia di Livorno,30,2.23,0.1,0,0.0,ROSSO
climatizzazione_ind,Provincia di Ravenna,30,1.11,0.1,0,0.0,ROSSO
climatizzazione_ind,Provincia di Piacenza,30,1.6,0.1,0,0.0,ROSSO
climatizzazione_ind,Provincia di Siena,20,1.9,0.0,0,0.0,ROSSO
climatizzazione_ind,Provincia di Benevento,20,1.92,0.0,0,0.0,ROSSO
climatizzazione_ind,Provincia di Cosenza,20,1.17,0.0,0,0.0,ROSSO
climatizzazione_ind,Provincia di Pisa,20,2.86,0.0,0,0.0,ROSSO
climatizzazione_ind,Provincia di Asti,20,2.81,0.0,0,0.0,ROSSO
climatizzazione_ind,Provincia autonoma di Trento,20,1.03,0.0,0,0.0,ROSSO
climatizzazione_ind,Provincia di Ferrara,20,0.94,0.0,0,0.0,ROSSO
climatizzazione_ind,Provincia di Avellino,20,0.75,0.0,0,0.0,ROSSO
climatizzazione_ind,Provincia di Alessandria,20,1.44,0.0,0,0.0,ROSSO
climatizzazione_ind,Provincia di Latina,20,1.39,0.0,0,0.0,ROSSO
climatizzazione_ind,Provincia di Terni,20,1.33,0.0,0,0.0,ROSSO
climatizzazione_ind,Provincia di Pistoia,20,1.38,0.0,0,0.0,ROSSO
climatizzazione_ind,Provincia di Matera,20,0.03,0.0,0,0.0,ROSSO
climatizzazione_ind,Provincia di Macerata,20,0.45,0.0,0,0.0,ROSSO
climatizzazione_ind,Provincia di Foggia,20,0.43,0.0,0,0.0,ROSSO
climatizzazione_ind,Provincia di Oristano,20,0.21,0.0,0,0.0,ROSSO
climatizzazione_ind,Città metropolitana di Palermo,20,0.47,0.0,0,0.0,ROSSO
climatizzazione_ind,Città metropolitana di Catania,20,0.66,0.0,0,0.0,ROSSO
climatizzazione_ind,Città metropolitana di Cagliari,20,0.83,0.0,0,0.0,ROSSO
climatizzazione_ind,Città metropolitana di Messina,20,1.94,0.0,0,0.0,ROSSO
climatizzazione_ind,Provincia di Crotone,10,0,0.0,0,0.0,ROSSO
climatizzazione_ind,Provincia di Catanzaro,10,0,0.0,0,0.0,ROSSO
climatizzazione_ind,Provincia di Teramo,10,0,0.0,0,0.0,ROSSO
climatizzazione_ind,Provincia della Spezia,10,0,0.0,0,0.0,ROSSO
climatizzazione_ind,Provincia di Vercelli,10,0,0.0,0,0.0,ROSSO
climatizzazione_ind,Provincia autonoma di Bolzano - Alto Adige,10,0,0.0,0,0.0,ROSSO
climatizzazione_ind,Provincia di Brindisi,10,0,0.0,0,0.0,ROSSO
climatizzazione_ind,Provincia di Carbonia-Iglesias,10,0,0.0,0,0.0,ROSSO
climatizzazione_ind,Provincia di Belluno,10,0,0.0,0,0.0,ROSSO
climatizzazione_ind,Provincia di Sondrio,10,0,0.0,0,0.0,ROSSO
climatizzazione_ind,Provincia di Chieti,10,0,0.0,0,0.0,ROSSO
climatizzazione_ind,Provincia di Rovigo,10,0,0.0,0,0.0,ROSSO
climatizzazione_ind,Provincia di Nuoro,10,0,0.0,0,0.0,ROSSO
climatizzazione_ind,Provincia di Ascoli Piceno,10,0,0.0,0,0.0,ROSSO
climatizzazione_ind,Provincia di Viterbo,10,0,0.0,0,0.0,ROSSO
climatizzazione_ind,Provincia di Potenza,10,0,0.0,0,0.0,ROSSO
climatizzazione_ind,Provincia di Massa e Carrara,10,0,0.0,0,0.0,ROSSO
climatizzazione_ind,Provincia di Campobasso,10,0,0.0,0,0.0,ROSSO
climatizzazione_ind,Provincia di Pescara,10,0,0.0,0,0.0,ROSSO
climatizzazione_ind,Provincia di Taranto,10,0,0.0,0,0.0,ROSSO
climatizzazione_ind,Provincia di Lecce,10,0,0.0,0,0.0,ROSSO
climatizzazione_ind,Provincia dell'Aquila,10,0,0.0,0,0.0,ROSSO
climatizzazione_ind,Provincia di Gorizia,10,0,0.0,0,0.0,ROSSO
climatizzazione_ind,Città metropolitana di Sassari,10,0,0.0,0,0.0,ROSSO
climatizzazione_ind,Città metropolitana di Reggio Calabria,10,0,0.0,0,0.0,ROSSO
climatizzazione_ind,Provincia di Savona,10,0,0.0,0,0.0,ROSSO
climatizzazione_ind,Provincia di Frosinone,10,0,0.0,0,0.0,ROSSO
climatizzazione_ind,Provincia di Vibo Valentia,10,0,0.0,0,0.0,ROSSO
climatizzazione_ind,Provincia di Biella,10,0,0.0,0,0.0,ROSSO
climatizzazione_ind,Provincia di Barletta-Andria-Trani,10,0,0.0,0,0.0,ROSSO
climatizzazione_ind,Provincia di Rieti,10,0,0.0,0,0.0,ROSSO
climatizzazione_ind,Provincia di Isernia,10,0,0.0,0,0.0,ROSSO
climatizzazione_ind,Provincia di Fermo,10,0,0.0,0,0.0,ROSSO
climatizzazione_ind,Provincia di Grosseto,10,0,0.0,0,0.0,ROSSO
climatizzazione_ind,Provincia di Imperia,10,0,0.0,0,0.0,ROSSO
colonnine_ricarica,Città metropolitana di Milano,36620,2.02,85.4,12,51.3,VERDE
colonnine_ricarica,Città metropolitana di Roma Capitale,23870,1.82,55.7,11,33.4,VERDE
colonnine_ricarica,Città Metropolitana di Torino,6680,1.95,15.6,12,9.4,VERDE
colonnine_ricarica,Provincia di Brescia,6360,1.86,14.8,11,8.9,VERDE
colonnine_ricarica,Città Metropolitana di Napoli,6290,1.81,14.7,11,8.8,VERDE
colonnine_ricarica,Città Metropolitana di Bologna,5960,1.69,13.9,10,8.3,VERDE
colonnine_ricarica,Provincia di Verona,5080,1.87,11.9,11,7.1,VERDE
colonnine_ricarica,Provincia di Bergamo,5010,2.45,11.7,15,7.0,VERDE
colonnine_ricarica,Città Metropolitana di Firenze,4330,1.65,10.1,10,6.1,VERDE
colonnine_ricarica,Provincia di Padova,3610,1.56,8.4,10,5.1,VERDE
colonnine_ricarica,Città Metropolitana di Venezia,3420,1.75,8.0,10,4.8,VERDE
colonnine_ricarica,Provincia di Monza e della Brianza,3400,2.43,7.9,15,4.8,VERDE
colonnine_ricarica,Città Metropolitana di Bari,3250,1.73,7.6,10,4.6,VERDE
colonnine_ricarica,Provincia di Varese,3140,1.94,7.3,12,4.4,VERDE
colonnine_ricarica,Provincia autonoma di Trento,2940,1.98,6.9,12,4.1,VERDE
colonnine_ricarica,Provincia di Treviso,2910,1.71,6.8,10,4.1,VERDE
colonnine_ricarica,Provincia di Salerno,2620,2.08,6.1,12,3.7,VERDE
colonnine_ricarica,Provincia di Modena,2600,1.74,6.1,10,3.6,VERDE
colonnine_ricarica,Città metropolitana di Palermo,2500,1.73,5.8,10,3.5,VERDE
colonnine_ricarica,Provincia autonoma di Bolzano - Alto Adige,2420,1.21,5.6,10,3.4,VERDE
colonnine_ricarica,Provincia di Vicenza,2370,1.64,5.5,10,3.3,VERDE
colonnine_ricarica,Città metropolitana di Catania,2120,1.73,4.9,10,3.0,VERDE
colonnine_ricarica,Città Metropolitana di Genova,2040,1.5,4.8,10,2.9,VERDE
colonnine_ricarica,Provincia di Perugia,1930,1.85,4.5,10,2.7,VERDE
colonnine_ricarica,Provincia di Caserta,1900,1.95,4.4,10,2.7,VERDE
colonnine_ricarica,Provincia di Como,1880,2.79,4.4,12,2.6,VERDE
colonnine_ricarica,Provincia di Lecce,1730,1.67,4.0,10,2.4,VERDE
colonnine_ricarica,Provincia di Parma,1610,1.8,3.8,10,2.3,VERDE
colonnine_ricarica,Provincia di Ravenna,1550,2.33,3.6,10,2.2,VERDE
colonnine_ricarica,Provincia di Pisa,1470,1.71,3.4,10,2.1,VERDE
colonnine_ricarica,Provincia di Siena,1450,1.32,3.4,10,2.0,VERDE
colonnine_ricarica,Provincia di Rimini,1360,1.65,3.2,10,1.9,VERDE
colonnine_ricarica,Città metropolitana di Cagliari,1350,1.36,3.2,10,1.9,VERDE
colonnine_ricarica,Provincia di Lucca,1330,1.21,3.1,10,1.9,VERDE
colonnine_ricarica,Provincia di Pavia,1320,1.5,3.1,10,1.8,VERDE
colonnine_ricarica,Provincia di Reggio Emilia,1300,2.16,3.0,10,1.8,VERDE
colonnine_ricarica,Provincia di Lecco,1280,2.78,3.0,10,1.8,VERDE
colonnine_ricarica,Provincia di Livorno,1280,1.23,3.0,10,1.8,VERDE
colonnine_ricarica,Provincia di Cuneo,1220,1.98,2.8,10,1.7,VERDE
colonnine_ricarica,Provincia di Ancona,1200,1.72,2.8,10,1.7,VERDE
colonnine_ricarica,Provincia di Cosenza,1190,1.33,2.8,10,1.7,VERDE
colonnine_ricarica,Provincia di Mantova,1150,1.45,2.7,10,1.6,VERDE
colonnine_ricarica,Città metropolitana di Sassari,1140,1.55,2.7,10,1.6,VERDE
colonnine_ricarica,Provincia di Alessandria,1100,2.17,2.6,10,1.5,VERDE
colonnine_ricarica,Provincia di Cremona,1040,2.04,2.4,10,1.5,VERDE
colonnine_ricarica,Provincia di Foggia,1020,1.26,2.4,10,1.4,VERDE
colonnine_ricarica,Provincia di Latina,990,1.66,2.3,10,1.4,VERDE
colonnine_ricarica,Provincia di Novara,990,1.6,2.3,10,1.4,VERDE
colonnine_ricarica,Provincia di Arezzo,990,1.08,2.3,10,1.4,VERDE
colonnine_ricarica,Provincia di Ferrara,900,2.05,2.1,10,1.3,VERDE
colonnine_ricarica,Provincia di Savona,830,1.2,1.9,10,1.2,GIALLO
colonnine_ricarica,Provincia di Pescara,830,1.33,1.9,10,1.2,GIALLO
colonnine_ricarica,Provincia di Forlì-Cesena,790,1.06,1.8,10,1.1,GIALLO
colonnine_ricarica,Provincia di Frosinone,770,1.64,1.8,10,1.1,GIALLO
colonnine_ricarica,Provincia di Grosseto,760,1.26,1.8,10,1.1,GIALLO
colonnine_ricarica,Provincia di Taranto,750,1.59,1.8,10,1.1,GIALLO
colonnine_ricarica,Provincia della Spezia,720,1.14,1.7,10,1.0,GIALLO
colonnine_ricarica,Provincia di Pesaro e Urbino,710,2.36,1.7,10,1.0,GIALLO
colonnine_ricarica,Provincia di Belluno,700,1.83,1.6,10,1.0,GIALLO
colonnine_ricarica,Provincia di Trieste,690,1.53,1.6,10,1.0,GIALLO
colonnine_ricarica,Provincia di Terni,680,0.8,1.6,10,1.0,GIALLO
colonnine_ricarica,Provincia di Chieti,670,1.68,1.6,10,0.9,GIALLO
colonnine_ricarica,Provincia di Piacenza,660,1.89,1.5,10,0.9,GIALLO
colonnine_ricarica,Provincia di Pordenone,640,1.68,1.5,10,0.9,GIALLO
colonnine_ricarica,Provincia di Avellino,610,0.95,1.4,10,0.9,GIALLO
colonnine_ricarica,Città metropolitana di Messina,610,1.34,1.4,10,0.9,GIALLO
colonnine_ricarica,Provincia dell'Aquila,610,0.75,1.4,10,0.9,GIALLO
colonnine_ricarica,Provincia di Lodi,590,1.47,1.4,10,0.8,GIALLO
colonnine_ricarica,Provincia di Teramo,590,0.71,1.4,10,0.8,GIALLO
colonnine_ricarica,Provincia di Viterbo,580,1.75,1.4,10,0.8,GIALLO
colonnine_ricarica,Provincia di Macerata,560,1.16,1.3,10,0.8,GIALLO
colonnine_ricarica,Provincia di Potenza,550,1.1,1.3,10,0.8,GIALLO
colonnine_ricarica,Provincia di Sondrio,540,2.32,1.3,10,0.8,GIALLO
colonnine_ricarica,Provincia di Imperia,540,1.45,1.3,10,0.8,GIALLO
colonnine_ricarica,Provincia di Brindisi,530,0.89,1.2,10,0.7,GIALLO
colonnine_ricarica,Città metropolitana di Reggio Calabria,480,1.57,1.1,10,0.7,GIALLO
colonnine_ricarica,Provincia di Pistoia,480,0.97,1.1,10,0.7,GIALLO
colonnine_ricarica,Provincia di Massa e Carrara,440,1.61,1.0,10,0.6,GIALLO
colonnine_ricarica,Provincia di Asti,440,1.28,1.0,10,0.6,GIALLO
colonnine_ricarica,Provincia di Prato,430,1.81,1.0,10,0.6,GIALLO
colonnine_ricarica,Provincia di Rovigo,420,0.6,1.0,10,0.6,GIALLO
colonnine_ricarica,Provincia di Vercelli,360,0.94,0.8,0,0.5,ROSSO
colonnine_ricarica,Provincia di Barletta-Andria-Trani,350,1.21,0.8,0,0.5,ROSSO
colonnine_ricarica,Provincia di Catanzaro,350,1.96,0.8,0,0.5,ROSSO
colonnine_ricarica,Provincia di Ascoli Piceno,330,3.22,0.8,0,0.5,ROSSO
colonnine_ricarica,Provincia di Fermo,270,0.58,0.6,0,0.4,ROSSO
colonnine_ricarica,Provincia di Matera,270,2.04,0.6,0,0.4,ROSSO
colonnine_ricarica,Provincia di Nuoro,260,0.71,0.6,0,0.4,ROSSO
colonnine_ricarica,Provincia di Campobasso,220,1.67,0.5,0,0.3,ROSSO
colonnine_ricarica,Provincia di Benevento,220,1.95,0.5,0,0.3,ROSSO
colonnine_ricarica,Provincia di Gorizia,220,0,0.5,0,0.3,ROSSO
colonnine_ricarica,Provincia di Biella,200,1.26,0.5,0,0.3,ROSSO
colonnine_ricarica,Provincia di Vibo Valentia,190,0,0.4,0,0.3,ROSSO
colonnine_ricarica,Provincia di Oristano,150,0,0.4,0,0.2,ROSSO
colonnine_ricarica,Provincia di Rieti,140,0,0.3,0,0.2,ROSSO
colonnine_ricarica,Provincia di Carbonia-Iglesias,90,1.0,0.2,0,0.1,ROSSO
colonnine_ricarica,Provincia di Crotone,80,0,0.2,0,0.1,ROSSO
colonnine_ricarica,Provincia di Isernia,60,0,0.1,0,0.1,ROSSO
consulenza_aziendale,Città metropolitana di Milano,90,1.25,0.2,0,0.1,ROSSO
consulenza_aziendale,Città metropolitana di Roma Capitale,70,1.23,0.2,0,0.1,ROSSO
consulenza_aziendale,Provincia di Vicenza,20,0.39,0.0,0,0.0,ROSSO
consulenza_aziendale,Provincia di Varese,20,0.61,0.0,0,0.0,ROSSO
consulenza_aziendale,Provincia di Padova,20,0.29,0.0,0,0.0,ROSSO
consulenza_aziendale,Città Metropolitana di Torino,20,2.37,0.0,0,0.0,ROSSO
consulenza_aziendale,Provincia di Mantova,10,0,0.0,0,0.0,ROSSO
consulenza_aziendale,Provincia di Frosinone,10,0,0.0,0,0.0,ROSSO
consulenza_aziendale,Provincia di Piacenza,10,0,0.0,0,0.0,ROSSO
consulenza_aziendale,Provincia di Pesaro e Urbino,10,0,0.0,0,0.0,ROSSO
consulenza_aziendale,Provincia di Cosenza,10,0,0.0,0,0.0,ROSSO
consulenza_aziendale,Provincia di Rovigo,10,0,0.0,0,0.0,ROSSO
consulenza_aziendale,Provincia di Prato,10,0,0.0,0,0.0,ROSSO
consulenza_aziendale,Provincia di Crotone,10,0,0.0,0,0.0,ROSSO
consulenza_aziendale,Provincia di Rieti,10,0,0.0,0,0.0,ROSSO
consulenza_aziendale,Provincia di Lucca,10,0,0.0,0,0.0,ROSSO
consulenza_aziendale,Provincia di Lodi,10,0,0.0,0,0.0,ROSSO
consulenza_aziendale,Provincia di Chieti,10,0,0.0,0,0.0,ROSSO
consulenza_aziendale,Provincia di Monza e della Brianza,10,0,0.0,0,0.0,ROSSO
consulenza_aziendale,Provincia di Grosseto,10,0,0.0,0,0.0,ROSSO
consulenza_aziendale,Provincia di Trieste,10,0,0.0,0,0.0,ROSSO
consulenza_aziendale,Provincia di Carbonia-Iglesias,10,0,0.0,0,0.0,ROSSO
consulenza_aziendale,Provincia di Salerno,10,0,0.0,0,0.0,ROSSO
consulenza_aziendale,Provincia di Asti,10,0,0.0,0,0.0,ROSSO
consulenza_aziendale,Provincia di Rimini,10,0,0.0,0,0.0,ROSSO
consulenza_aziendale,Provincia di Fermo,10,0,0.0,0,0.0,ROSSO
consulenza_aziendale,Provincia di Macerata,10,0,0.0,0,0.0,ROSSO
consulenza_aziendale,Provincia di Pisa,10,0,0.0,0,0.0,ROSSO
consulenza_aziendale,Provincia di Campobasso,10,0,0.0,0,0.0,ROSSO
consulenza_aziendale,Provincia di Lecco,10,0,0.0,0,0.0,ROSSO
consulenza_aziendale,Provincia di Oristano,10,0,0.0,0,0.0,ROSSO
consulenza_aziendale,Provincia di Sondrio,10,0,0.0,0,0.0,ROSSO
consulenza_aziendale,Provincia di Bergamo,10,0,0.0,0,0.0,ROSSO
consulenza_aziendale,Città metropolitana di Reggio Calabria,10,0,0.0,0,0.0,ROSSO
consulenza_aziendale,Provincia di Vibo Valentia,10,0,0.0,0,0.0,ROSSO
consulenza_aziendale,Provincia di Belluno,10,0,0.0,0,0.0,ROSSO
consulenza_aziendale,Provincia di Ancona,10,0,0.0,0,0.0,ROSSO
consulenza_aziendale,Provincia di Ferrara,10,0,0.0,0,0.0,ROSSO
consulenza_aziendale,Provincia di Teramo,10,0,0.0,0,0.0,ROSSO
consulenza_aziendale,Provincia autonoma di Trento,10,0,0.0,0,0.0,ROSSO
consulenza_aziendale,Città Metropolitana di Genova,10,0,0.0,0,0.0,ROSSO
consulenza_aziendale,Provincia dell'Aquila,10,0,0.0,0,0.0,ROSSO
consulenza_aziendale,Provincia di Caserta,10,0,0.0,0,0.0,ROSSO
consulenza_aziendale,Provincia di Reggio Emilia,10,0,0.0,0,0.0,ROSSO
consulenza_aziendale,Provincia di Verona,10,0,0.0,0,0.0,ROSSO
consulenza_aziendale,Provincia di Alessandria,10,0,0.0,0,0.0,ROSSO
consulenza_aziendale,Provincia di Como,10,0,0.0,0,0.0,ROSSO
consulenza_aziendale,Provincia di Lecce,10,0,0.0,0,0.0,ROSSO
consulenza_aziendale,Provincia di Cremona,10,0,0.0,0,0.0,ROSSO
consulenza_aziendale,Provincia di Terni,10,0,0.0,0,0.0,ROSSO
consulenza_aziendale,Provincia di Viterbo,10,0,0.0,0,0.0,ROSSO
consulenza_aziendale,Provincia di Pordenone,10,0,0.0,0,0.0,ROSSO
consulenza_aziendale,Provincia di Potenza,10,0,0.0,0,0.0,ROSSO
consulenza_aziendale,Città metropolitana di Palermo,10,0,0.0,0,0.0,ROSSO
consulenza_aziendale,Provincia di Foggia,10,0,0.0,0,0.0,ROSSO
consulenza_aziendale,Provincia di Ascoli Piceno,10,0,0.0,0,0.0,ROSSO
consulenza_aziendale,Provincia di Biella,10,0,0.0,0,0.0,ROSSO
consulenza_aziendale,Città metropolitana di Catania,10,0,0.0,0,0.0,ROSSO
consulenza_aziendale,Città Metropolitana di Napoli,10,0,0.0,0,0.0,ROSSO
consulenza_aziendale,Città metropolitana di Messina,10,0,0.0,0,0.0,ROSSO
consulenza_aziendale,Provincia di Avellino,10,0,0.0,0,0.0,ROSSO
consulenza_aziendale,Città metropolitana di Cagliari,10,0,0.0,0,0.0,ROSSO
consulenza_aziendale,Provincia di Savona,10,0,0.0,0,0.0,ROSSO
consulenza_aziendale,Provincia di Forlì-Cesena,10,0,0.0,0,0.0,ROSSO
consulenza_aziendale,Provincia di Pescara,10,0,0.0,0,0.0,ROSSO
consulenza_aziendale,Città metropolitana di Sassari,10,0,0.0,0,0.0,ROSSO
consulenza_aziendale,Città Metropolitana di Bologna,10,0,0.0,0,0.0,ROSSO
consulenza_aziendale,Provincia di Taranto,10,0,0.0,0,0.0,ROSSO
consulenza_aziendale,Provincia di Pistoia,10,0,0.0,0,0.0,ROSSO
consulenza_aziendale,Provincia di Perugia,10,0,0.0,0,0.0,ROSSO
consulenza_aziendale,Provincia di Parma,10,0,0.0,0,0.0,ROSSO
consulenza_aziendale,Provincia di Modena,10,0,0.0,0,0.0,ROSSO
consulenza_aziendale,Provincia di Cuneo,10,0,0.0,0,0.0,ROSSO
consulenza_aziendale,Provincia autonoma di Bolzano - Alto Adige,10,0,0.0,0,0.0,ROSSO
consulenza_aziendale,Provincia di Gorizia,10,0,0.0,0,0.0,ROSSO
consulenza_aziendale,Città Metropolitana di Firenze,10,0,0.0,0,0.0,ROSSO
consulenza_aziendale,Provincia di Catanzaro,10,0,0.0,0,0.0,ROSSO
consulenza_aziendale,Città Metropolitana di Venezia,10,0,0.0,0,0.0,ROSSO
consulenza_aziendale,Provincia di Brindisi,10,0,0.0,0,0.0,ROSSO
consulenza_aziendale,Provincia di Benevento,10,0,0.0,0,0.0,ROSSO
consulenza_aziendale,Provincia di Treviso,10,0,0.0,0,0.0,ROSSO
consulenza_aziendale,Provincia di Brescia,10,0,0.0,0,0.0,ROSSO
consulenza_aziendale,Provincia di Vercelli,10,0,0.0,0,0.0,ROSSO
consulenza_aziendale,Provincia di Latina,10,0,0.0,0,0.0,ROSSO
consulenza_aziendale,Provincia di Siena,10,0,0.0,0,0.0,ROSSO
consulenza_aziendale,Città Metropolitana di Bari,10,0,0.0,0,0.0,ROSSO
consulenza_aziendale,Provincia di Massa e Carrara,10,0,0.0,0,0.0,ROSSO
consulenza_aziendale,Provincia di Novara,10,0,0.0,0,0.0,ROSSO
consulenza_aziendale,Provincia di Matera,10,0,0.0,0,0.0,ROSSO
consulenza_aziendale,Provincia di Arezzo,10,0,0.0,0,0.0,ROSSO
consulenza_aziendale,Provincia di Barletta-Andria-Trani,10,0,0.0,0,0.0,ROSSO
consulenza_aziendale,Provincia di Livorno,10,0,0.0,0,0.0,ROSSO
consulenza_aziendale,Provincia della Spezia,10,0,0.0,0,0.0,ROSSO
consulenza_aziendale,Provincia di Isernia,10,0,0.0,0,0.0,ROSSO
consulenza_aziendale,Provincia di Ravenna,10,0,0.0,0,0.0,ROSSO
consulenza_aziendale,Provincia di Imperia,10,0,0.0,0,0.0,ROSSO
consulenza_aziendale,Provincia di Pavia,10,0,0.0,0,0.0,ROSSO
consulenza_aziendale,Provincia di Nuoro,0,0,0.0,0,0.0,ROSSO
consulenza_lavoro,Città metropolitana di Roma Capitale,10120,1.94,23.6,12,14.2,VERDE
consulenza_lavoro,Città metropolitana di Milano,8500,2.03,19.8,12,11.9,VERDE
consulenza_lavoro,Città Metropolitana di Napoli,4300,2.04,10.0,12,6.0,VERDE
consulenza_lavoro,Città Metropolitana di Torino,2140,1.55,5.0,10,3.0,VERDE
consulenza_lavoro,Città Metropolitana di Bari,1860,2.72,4.3,12,2.6,VERDE
consulenza_lavoro,Città metropolitana di Palermo,1350,1.71,3.2,10,1.9,VERDE
consulenza_lavoro,Provincia di Salerno,1270,2.0,3.0,10,1.8,VERDE
consulenza_lavoro,Città Metropolitana di Bologna,1170,1.56,2.7,10,1.6,VERDE
consulenza_lavoro,Provincia di Padova,1160,1.6,2.7,10,1.6,VERDE
consulenza_lavoro,Città Metropolitana di Firenze,1080,2.04,2.5,10,1.5,VERDE
consulenza_lavoro,Città metropolitana di Cagliari,1050,1.1,2.5,10,1.5,VERDE
consulenza_lavoro,Provincia di Brescia,1030,2.8,2.4,10,1.4,VERDE
consulenza_lavoro,Provincia di Caserta,940,1.22,2.2,10,1.3,VERDE
consulenza_lavoro,Città metropolitana di Catania,930,2.24,2.2,10,1.3,VERDE
consulenza_lavoro,Provincia di Verona,890,1.58,2.1,10,1.2,VERDE
consulenza_lavoro,Provincia di Vicenza,820,1.6,1.9,10,1.1,GIALLO
consulenza_lavoro,Provincia di Bergamo,770,1.98,1.8,10,1.1,GIALLO
consulenza_lavoro,Città Metropolitana di Venezia,700,2.01,1.6,10,1.0,GIALLO
consulenza_lavoro,Città Metropolitana di Genova,680,1.88,1.6,10,1.0,GIALLO
consulenza_lavoro,Provincia di Lecce,680,3.3,1.6,10,1.0,GIALLO
consulenza_lavoro,Provincia di Avellino,650,1.15,1.5,10,0.9,GIALLO
consulenza_lavoro,Provincia di Treviso,650,3.11,1.5,10,0.9,GIALLO
consulenza_lavoro,Provincia di Monza e della Brianza,620,1.93,1.4,10,0.9,GIALLO
consulenza_lavoro,Provincia di Varese,620,1.44,1.4,10,0.9,GIALLO
consulenza_lavoro,Provincia di Cosenza,600,3.33,1.4,10,0.8,GIALLO
consulenza_lavoro,Provincia di Perugia,550,2.33,1.3,10,0.8,GIALLO
consulenza_lavoro,Provincia di Foggia,530,2.04,1.2,10,0.7,GIALLO
consulenza_lavoro,Città metropolitana di Reggio Calabria,530,2.16,1.2,10,0.7,GIALLO
consulenza_lavoro,Provincia di Latina,510,1.04,1.2,10,0.7,GIALLO
consulenza_lavoro,Provincia di Potenza,510,2.27,1.2,10,0.7,GIALLO
consulenza_lavoro,Provincia di Taranto,510,1.67,1.2,10,0.7,GIALLO
consulenza_lavoro,Città metropolitana di Messina,500,0.95,1.2,10,0.7,GIALLO
consulenza_lavoro,Città metropolitana di Sassari,460,2.9,1.1,10,0.6,GIALLO
consulenza_lavoro,Provincia di Frosinone,460,1.43,1.1,10,0.6,GIALLO
consulenza_lavoro,Provincia di Pescara,450,1.95,1.1,10,0.6,GIALLO
consulenza_lavoro,Provincia di Cuneo,390,4.43,0.9,0,0.5,ROSSO
consulenza_lavoro,Provincia di Como,380,1.91,0.9,0,0.5,ROSSO
consulenza_lavoro,Provincia di Modena,370,2.37,0.9,0,0.5,ROSSO
consulenza_lavoro,Provincia di Barletta-Andria-Trani,370,0.69,0.9,0,0.5,ROSSO
consulenza_lavoro,Provincia di Brindisi,330,2.0,0.8,0,0.5,ROSSO
consulenza_lavoro,Provincia di Chieti,330,1.27,0.8,0,0.5,ROSSO
consulenza_lavoro,Provincia di Ancona,330,1.09,0.8,0,0.5,ROSSO
consulenza_lavoro,Provincia di Piacenza,310,4.98,0.7,0,0.4,ROSSO
consulenza_lavoro,Provincia di Pistoia,310,3.68,0.7,0,0.4,ROSSO
consulenza_lavoro,Provincia di Catanzaro,300,0.66,0.7,0,0.4,ROSSO
consulenza_lavoro,Provincia di Lucca,290,4.42,0.7,0,0.4,ROSSO
consulenza_lavoro,Provincia di Trieste,290,1.42,0.7,0,0.4,ROSSO
consulenza_lavoro,Provincia di Novara,290,3.06,0.7,0,0.4,ROSSO
consulenza_lavoro,Provincia di Pavia,280,1.3,0.7,0,0.4,ROSSO
consulenza_lavoro,Provincia di Teramo,270,0.95,0.6,0,0.4,ROSSO
consulenza_lavoro,Provincia di Rimini,270,3.48,0.6,0,0.4,ROSSO
consulenza_lavoro,Provincia autonoma di Trento,260,3.05,0.6,0,0.4,ROSSO
consulenza_lavoro,Provincia di Pisa,260,2.54,0.6,0,0.4,ROSSO
consulenza_lavoro,Provincia di Mantova,250,1.12,0.6,0,0.4,ROSSO
consulenza_lavoro,Provincia di Forlì-Cesena,250,1.48,0.6,0,0.4,ROSSO
consulenza_lavoro,Provincia di Savona,240,0.88,0.6,0,0.3,ROSSO
consulenza_lavoro,Provincia di Livorno,240,2.14,0.6,0,0.3,ROSSO
consulenza_lavoro,Provincia di Arezzo,230,1.13,0.5,0,0.3,ROSSO
consulenza_lavoro,Provincia di Reggio Emilia,230,2.28,0.5,0,0.3,ROSSO
consulenza_lavoro,Provincia di Parma,220,1.97,0.5,0,0.3,ROSSO
consulenza_lavoro,Provincia di Prato,210,0.96,0.5,0,0.3,ROSSO
consulenza_lavoro,Provincia di Macerata,210,1.77,0.5,0,0.3,ROSSO
consulenza_lavoro,Provincia di Alessandria,200,1.28,0.5,0,0.3,ROSSO
consulenza_lavoro,Provincia di Viterbo,200,1.54,0.5,0,0.3,ROSSO
consulenza_lavoro,Provincia dell'Aquila,190,1.33,0.4,0,0.3,ROSSO
consulenza_lavoro,Provincia di Cremona,190,1.73,0.4,0,0.3,ROSSO
consulenza_lavoro,Provincia di Fermo,180,0.73,0.4,0,0.3,ROSSO
consulenza_lavoro,Provincia di Rovigo,180,0.94,0.4,0,0.3,ROSSO
consulenza_lavoro,Provincia di Carbonia-Iglesias,170,4.63,0.4,0,0.2,ROSSO
consulenza_lavoro,Provincia di Pesaro e Urbino,170,1.03,0.4,0,0.2,ROSSO
consulenza_lavoro,Provincia di Rieti,170,2.2,0.4,0,0.2,ROSSO
consulenza_lavoro,Provincia di Campobasso,170,0.64,0.4,0,0.2,ROSSO
consulenza_lavoro,Provincia di Pordenone,170,1.37,0.4,0,0.2,ROSSO
consulenza_lavoro,Provincia di Ascoli Piceno,160,1.66,0.4,0,0.2,ROSSO
consulenza_lavoro,Provincia di Siena,160,1.4,0.4,0,0.2,ROSSO
consulenza_lavoro,Provincia autonoma di Bolzano - Alto Adige,150,1.34,0.4,0,0.2,ROSSO
consulenza_lavoro,Provincia di Lecco,140,1.06,0.3,0,0.2,ROSSO
consulenza_lavoro,Provincia di Ferrara,140,1.84,0.3,0,0.2,ROSSO
consulenza_lavoro,Provincia di Ravenna,140,2.96,0.3,0,0.2,ROSSO
consulenza_lavoro,Provincia di Benevento,130,0.47,0.3,0,0.2,ROSSO
consulenza_lavoro,Provincia di Terni,130,0.94,0.3,0,0.2,ROSSO
consulenza_lavoro,Provincia della Spezia,120,2.13,0.3,0,0.2,ROSSO
consulenza_lavoro,Provincia di Isernia,120,0,0.3,0,0.2,ROSSO
consulenza_lavoro,Provincia di Matera,110,0.8,0.3,0,0.2,ROSSO
consulenza_lavoro,Provincia di Grosseto,100,2.16,0.2,0,0.1,ROSSO
consulenza_lavoro,Provincia di Lodi,100,1.3,0.2,0,0.1,ROSSO
consulenza_lavoro,Provincia di Nuoro,90,1.08,0.2,0,0.1,ROSSO
consulenza_lavoro,Provincia di Oristano,80,0.9,0.2,0,0.1,ROSSO
consulenza_lavoro,Provincia di Vercelli,80,1.37,0.2,0,0.1,ROSSO
consulenza_lavoro,Provincia di Imperia,80,1.11,0.2,0,0.1,ROSSO
consulenza_lavoro,Provincia di Massa e Carrara,80,1.68,0.2,0,0.1,ROSSO
consulenza_lavoro,Provincia di Belluno,70,1.63,0.2,0,0.1,ROSSO
consulenza_lavoro,Provincia di Sondrio,70,1.94,0.2,0,0.1,ROSSO
consulenza_lavoro,Provincia di Crotone,70,1.28,0.2,0,0.1,ROSSO
consulenza_lavoro,Provincia di Vibo Valentia,60,0,0.1,0,0.1,ROSSO
consulenza_lavoro,Provincia di Biella,60,0,0.1,0,0.1,ROSSO
consulenza_lavoro,Provincia di Gorizia,60,0.85,0.1,0,0.1,ROSSO
consulenza_lavoro,Provincia di Asti,60,0.93,0.1,0,0.1,ROSSO
corsi_academy,Città metropolitana di Milano,17200,1.43,40.1,10,24.1,VERDE
corsi_academy,Città metropolitana di Roma Capitale,9010,1.37,21.0,10,12.6,VERDE
corsi_academy,Città Metropolitana di Torino,8510,1.33,19.9,10,11.9,VERDE
corsi_academy,Città Metropolitana di Napoli,4230,2.2,9.9,13,5.9,VERDE
corsi_academy,Città Metropolitana di Bari,2030,1.24,4.7,10,2.8,VERDE
corsi_academy,Città Metropolitana di Bologna,1780,1.52,4.2,10,2.5,VERDE
corsi_academy,Città metropolitana di Palermo,1540,1.26,3.6,10,2.2,VERDE
corsi_academy,Città Metropolitana di Firenze,1480,1.41,3.5,10,2.1,VERDE
corsi_academy,Città metropolitana di Catania,1300,1.06,3.0,10,1.8,VERDE
corsi_academy,Provincia di Brescia,1230,1.35,2.9,10,1.7,VERDE
corsi_academy,Provincia di Bergamo,1210,1.27,2.8,10,1.7,VERDE
corsi_academy,Provincia di Cuneo,1170,1.23,2.7,10,1.6,VERDE
corsi_academy,Provincia di Padova,1150,1.33,2.7,10,1.6,VERDE
corsi_academy,Provincia di Verona,1060,1.3,2.5,10,1.5,VERDE
corsi_academy,Provincia di Asti,990,1.51,2.3,10,1.4,VERDE
corsi_academy,Città metropolitana di Cagliari,920,1.27,2.1,10,1.3,VERDE
corsi_academy,Provincia di Monza e della Brianza,910,1.38,2.1,10,1.3,VERDE
corsi_academy,Provincia di Varese,850,1.27,2.0,10,1.2,VERDE
corsi_academy,Provincia di Salerno,840,1.94,2.0,10,1.2,VERDE
corsi_academy,Città Metropolitana di Genova,820,1.27,1.9,10,1.1,GIALLO
corsi_academy,Provincia di Vicenza,770,1.1,1.8,10,1.1,GIALLO
corsi_academy,Città Metropolitana di Venezia,740,1.21,1.7,10,1.0,GIALLO
corsi_academy,Provincia di Caserta,730,3.01,1.7,10,1.0,GIALLO
corsi_academy,Provincia di Treviso,660,1.66,1.5,10,0.9,GIALLO
corsi_academy,Provincia di Lecce,580,1.01,1.4,10,0.8,GIALLO
corsi_academy,Provincia di Como,550,1.24,1.3,10,0.8,GIALLO
corsi_academy,Provincia di Savona,540,1.34,1.3,10,0.8,GIALLO
corsi_academy,Provincia di Modena,510,1.24,1.2,10,0.7,GIALLO
corsi_academy,Provincia di Perugia,480,1.31,1.1,10,0.7,GIALLO
corsi_academy,Provincia di Trieste,470,1.45,1.1,10,0.7,GIALLO
corsi_academy,Provincia di Cosenza,460,1.28,1.1,10,0.6,GIALLO
corsi_academy,Provincia di Pescara,450,1.07,1.1,10,0.6,GIALLO
corsi_academy,Provincia di Pavia,440,1.39,1.0,10,0.6,GIALLO
corsi_academy,Città metropolitana di Reggio Calabria,440,1.46,1.0,10,0.6,GIALLO
corsi_academy,Provincia di Taranto,440,1.11,1.0,10,0.6,GIALLO
corsi_academy,Provincia di Ancona,390,1.18,0.9,0,0.5,ROSSO
corsi_academy,Provincia di Novara,380,1.21,0.9,0,0.5,ROSSO
corsi_academy,Provincia di Pisa,370,1.16,0.9,0,0.5,ROSSO
corsi_academy,Provincia di Mantova,370,1.57,0.9,0,0.5,ROSSO
corsi_academy,Provincia di Reggio Emilia,370,1.37,0.9,0,0.5,ROSSO
corsi_academy,Provincia di Rimini,370,1.21,0.9,0,0.5,ROSSO
corsi_academy,Città metropolitana di Messina,360,1.08,0.8,0,0.5,ROSSO
corsi_academy,Provincia di Alessandria,360,1.3,0.8,0,0.5,ROSSO
corsi_academy,Provincia autonoma di Trento,350,1.22,0.8,0,0.5,ROSSO
corsi_academy,Provincia di Lucca,350,1.41,0.8,0,0.5,ROSSO
corsi_academy,Provincia di Chieti,330,0.95,0.8,0,0.5,ROSSO
corsi_academy,Provincia di Latina,310,1.03,0.7,0,0.4,ROSSO
corsi_academy,Provincia di Prato,310,1.69,0.7,0,0.4,ROSSO
corsi_academy,Provincia di Foggia,300,1.17,0.7,0,0.4,ROSSO
corsi_academy,Provincia di Livorno,300,1.15,0.7,0,0.4,ROSSO
corsi_academy,Provincia di Avellino,300,1.09,0.7,0,0.4,ROSSO
corsi_academy,Provincia di Cremona,290,1.34,0.7,0,0.4,ROSSO
corsi_academy,Provincia di Potenza,280,1.33,0.7,0,0.4,ROSSO
corsi_academy,Provincia di Frosinone,280,1.12,0.7,0,0.4,ROSSO
corsi_academy,Provincia di Benevento,270,0.86,0.6,0,0.4,ROSSO
corsi_academy,Provincia di Lecco,270,1.39,0.6,0,0.4,ROSSO
corsi_academy,Città metropolitana di Sassari,250,1.17,0.6,0,0.4,ROSSO
corsi_academy,Provincia di Parma,250,1.24,0.6,0,0.4,ROSSO
corsi_academy,Provincia di Ravenna,250,1.35,0.6,0,0.4,ROSSO
corsi_academy,Provincia di Pordenone,240,1.02,0.6,0,0.3,ROSSO
corsi_academy,Provincia di Forlì-Cesena,230,1.24,0.5,0,0.3,ROSSO
corsi_academy,Provincia di Barletta-Andria-Trani,230,1.45,0.5,0,0.3,ROSSO
corsi_academy,Provincia di Viterbo,220,1.33,0.5,0,0.3,ROSSO
corsi_academy,Provincia di Ferrara,220,1.19,0.5,0,0.3,ROSSO
corsi_academy,Provincia di Arezzo,220,1.14,0.5,0,0.3,ROSSO
corsi_academy,Provincia di Pistoia,220,1.19,0.5,0,0.3,ROSSO
corsi_academy,Provincia di Lodi,200,1.39,0.5,0,0.3,ROSSO
corsi_academy,Provincia di Teramo,200,1.24,0.5,0,0.3,ROSSO
corsi_academy,Provincia di Piacenza,180,1.33,0.4,0,0.3,ROSSO
corsi_academy,Provincia autonoma di Bolzano - Alto Adige,180,1.2,0.4,0,0.3,ROSSO
corsi_academy,Provincia di Pesaro e Urbino,180,1.13,0.4,0,0.3,ROSSO
corsi_academy,Provincia di Catanzaro,170,1.22,0.4,0,0.2,ROSSO
corsi_academy,Provincia di Brindisi,170,1.1,0.4,0,0.2,ROSSO
corsi_academy,Provincia di Siena,160,1.13,0.4,0,0.2,ROSSO
corsi_academy,Provincia dell'Aquila,150,1.16,0.4,0,0.2,ROSSO
corsi_academy,Provincia della Spezia,150,1.51,0.4,0,0.2,ROSSO
corsi_academy,Provincia di Rovigo,140,1.58,0.3,0,0.2,ROSSO
corsi_academy,Provincia di Massa e Carrara,130,1.12,0.3,0,0.2,ROSSO
corsi_academy,Provincia di Macerata,130,0.97,0.3,0,0.2,ROSSO
corsi_academy,Provincia di Grosseto,120,1.81,0.3,0,0.2,ROSSO
corsi_academy,Provincia di Sondrio,110,1.53,0.3,0,0.2,ROSSO
corsi_academy,Provincia di Ascoli Piceno,100,0.89,0.2,0,0.1,ROSSO
corsi_academy,Provincia di Terni,100,1.33,0.2,0,0.1,ROSSO
corsi_academy,Provincia di Biella,90,1.32,0.2,0,0.1,ROSSO
corsi_academy,Provincia di Matera,90,1.03,0.2,0,0.1,ROSSO
corsi_academy,Provincia di Vercelli,90,1.44,0.2,0,0.1,ROSSO
corsi_academy,Provincia di Gorizia,90,0.91,0.2,0,0.1,ROSSO
corsi_academy,Provincia di Fermo,90,0.85,0.2,0,0.1,ROSSO
corsi_academy,Provincia di Imperia,80,1.14,0.2,0,0.1,ROSSO
corsi_academy,Provincia di Campobasso,70,0.98,0.2,0,0.1,ROSSO
corsi_academy,Provincia di Oristano,70,0.88,0.2,0,0.1,ROSSO
corsi_academy,Provincia di Nuoro,70,1.14,0.2,0,0.1,ROSSO
corsi_academy,Provincia di Belluno,60,0.94,0.1,0,0.1,ROSSO
corsi_academy,Provincia di Vibo Valentia,50,0.83,0.1,0,0.1,ROSSO
corsi_academy,Provincia di Rieti,50,0.53,0.1,0,0.1,ROSSO
corsi_academy,Provincia di Carbonia-Iglesias,50,1.31,0.1,0,0.1,ROSSO
corsi_academy,Provincia di Crotone,40,0.48,0.1,0,0.1,ROSSO
corsi_academy,Provincia di Isernia,40,1.93,0.1,0,0.1,ROSSO
corsi_sicurezza,Città metropolitana di Milano,41620,1.54,97.1,10,58.3,VERDE
corsi_sicurezza,Città metropolitana di Roma Capitale,23360,1.37,54.5,10,32.7,VERDE
corsi_sicurezza,Città Metropolitana di Torino,8060,1.58,18.8,10,11.3,VERDE
corsi_sicurezza,Città Metropolitana di Napoli,8020,1.15,18.7,10,11.2,VERDE
corsi_sicurezza,Città Metropolitana di Bologna,6670,1.68,15.6,10,9.3,VERDE
corsi_sicurezza,Città Metropolitana di Firenze,5100,1.64,11.9,10,7.1,VERDE
corsi_sicurezza,Provincia di Brescia,4260,1.93,9.9,12,6.0,VERDE
corsi_sicurezza,Città metropolitana di Palermo,4240,1.15,9.9,10,5.9,VERDE
corsi_sicurezza,Provincia di Bergamo,3990,2.06,9.3,12,5.6,VERDE
corsi_sicurezza,Città Metropolitana di Bari,3870,1.23,9.0,10,5.4,VERDE
corsi_sicurezza,Provincia di Padova,3830,2.14,8.9,13,5.4,VERDE
corsi_sicurezza,Provincia di Verona,3300,1.72,7.7,10,4.6,VERDE
corsi_sicurezza,Città metropolitana di Catania,2970,1.23,6.9,10,4.2,VERDE
corsi_sicurezza,Città Metropolitana di Venezia,2760,1.97,6.4,12,3.9,VERDE
corsi_sicurezza,Provincia di Vicenza,2720,2.02,6.3,12,3.8,VERDE
corsi_sicurezza,Provincia di Treviso,2670,1.95,6.2,12,3.7,VERDE
corsi_sicurezza,Città metropolitana di Cagliari,2620,1.77,6.1,11,3.7,VERDE
corsi_sicurezza,Città Metropolitana di Genova,2550,1.71,6.0,10,3.6,VERDE
corsi_sicurezza,Provincia di Salerno,2430,1.26,5.7,10,3.4,VERDE
corsi_sicurezza,Provincia di Monza e della Brianza,2360,1.8,5.5,10,3.3,VERDE
corsi_sicurezza,Provincia di Varese,2340,1.72,5.5,10,3.3,VERDE
corsi_sicurezza,Provincia di Modena,2110,1.58,4.9,10,3.0,VERDE
corsi_sicurezza,Provincia di Perugia,1880,1.69,4.4,10,2.6,VERDE
corsi_sicurezza,Provincia di Caserta,1690,1.16,3.9,10,2.4,VERDE
corsi_sicurezza,Provincia autonoma di Trento,1580,1.8,3.7,10,2.2,VERDE
corsi_sicurezza,Provincia di Pescara,1570,1.23,3.7,10,2.2,VERDE
corsi_sicurezza,Provincia di Como,1520,1.8,3.5,10,2.1,VERDE
corsi_sicurezza,Provincia di Ancona,1410,1.51,3.3,10,2.0,VERDE
corsi_sicurezza,Provincia di Lucca,1380,1.92,3.2,10,1.9,VERDE
corsi_sicurezza,Provincia di Pavia,1340,1.74,3.1,10,1.9,VERDE
corsi_sicurezza,Provincia di Parma,1330,1.75,3.1,10,1.9,VERDE
corsi_sicurezza,Provincia di Cuneo,1310,2.03,3.1,10,1.8,VERDE
corsi_sicurezza,Provincia di Pisa,1310,1.8,3.1,10,1.8,VERDE
corsi_sicurezza,Provincia di Rimini,1300,1.62,3.0,10,1.8,VERDE
corsi_sicurezza,Provincia di Reggio Emilia,1250,2.07,2.9,10,1.8,VERDE
corsi_sicurezza,Provincia di Cosenza,1240,1.1,2.9,10,1.7,VERDE
corsi_sicurezza,Provincia di Lecce,1240,1.46,2.9,10,1.7,VERDE
corsi_sicurezza,Provincia di Livorno,1230,1.71,2.9,10,1.7,VERDE
corsi_sicurezza,Provincia di Mantova,1220,1.84,2.8,10,1.7,VERDE
corsi_sicurezza,Città metropolitana di Sassari,1140,1.56,2.7,10,1.6,VERDE
corsi_sicurezza,Provincia di Trieste,1130,1.48,2.6,10,1.6,VERDE
corsi_sicurezza,Provincia di Latina,1080,1.45,2.5,10,1.5,VERDE
corsi_sicurezza,Città metropolitana di Messina,1060,1.02,2.5,10,1.5,VERDE
corsi_sicurezza,Città metropolitana di Reggio Calabria,1030,1.24,2.4,10,1.4,VERDE
corsi_sicurezza,Provincia di Novara,1020,1.52,2.4,10,1.4,VERDE
corsi_sicurezza,Provincia di Ravenna,1000,1.88,2.3,10,1.4,VERDE
corsi_sicurezza,Provincia di Forlì-Cesena,980,1.56,2.3,10,1.4,VERDE
corsi_sicurezza,Provincia di Cremona,960,1.8,2.2,10,1.3,VERDE
corsi_sicurezza,Provincia di Taranto,940,1.16,2.2,10,1.3,VERDE
corsi_sicurezza,Provincia di Chieti,920,1.43,2.1,10,1.3,VERDE
corsi_sicurezza,Provincia di Alessandria,870,2.06,2.0,10,1.2,VERDE
corsi_sicurezza,Provincia di Lecco,850,1.88,2.0,10,1.2,VERDE
corsi_sicurezza,Provincia di Ferrara,830,1.8,1.9,10,1.2,GIALLO
corsi_sicurezza,Provincia di Pordenone,810,1.98,1.9,10,1.1,GIALLO
corsi_sicurezza,Provincia di Arezzo,800,1.49,1.9,10,1.1,GIALLO
corsi_sicurezza,Provincia di Foggia,770,1.29,1.8,10,1.1,GIALLO
corsi_sicurezza,Provincia di Frosinone,770,1.42,1.8,10,1.1,GIALLO
corsi_sicurezza,Provincia di Pesaro e Urbino,750,1.72,1.8,10,1.1,GIALLO
corsi_sicurezza,Provincia di Piacenza,750,1.48,1.8,10,1.1,GIALLO
corsi_sicurezza,Provincia dell'Aquila,740,1.96,1.7,10,1.0,GIALLO
corsi_sicurezza,Provincia di Siena,720,1.53,1.7,10,1.0,GIALLO
corsi_sicurezza,Provincia di Pistoia,720,1.29,1.7,10,1.0,GIALLO
corsi_sicurezza,Provincia di Viterbo,700,1.29,1.6,10,1.0,GIALLO
corsi_sicurezza,Provincia di Potenza,700,1.23,1.6,10,1.0,GIALLO
corsi_sicurezza,Provincia di Teramo,700,1.51,1.6,10,1.0,GIALLO
corsi_sicurezza,Provincia di Avellino,690,1.12,1.6,10,1.0,GIALLO
corsi_sicurezza,Provincia autonoma di Bolzano - Alto Adige,670,1.81,1.6,10,0.9,GIALLO
corsi_sicurezza,Provincia di Prato,610,1.92,1.4,10,0.9,GIALLO
corsi_sicurezza,Provincia della Spezia,580,1.91,1.4,10,0.8,GIALLO
corsi_sicurezza,Provincia di Macerata,580,1.78,1.4,10,0.8,GIALLO
corsi_sicurezza,Provincia di Catanzaro,570,0.96,1.3,10,0.8,GIALLO
corsi_sicurezza,Provincia di Massa e Carrara,570,2.12,1.3,10,0.8,GIALLO
corsi_sicurezza,Provincia di Lodi,530,1.86,1.2,10,0.7,GIALLO
corsi_sicurezza,Provincia di Savona,510,1.38,1.2,10,0.7,GIALLO
corsi_sicurezza,Provincia di Brindisi,490,1.21,1.1,10,0.7,GIALLO
corsi_sicurezza,Provincia di Grosseto,480,1.8,1.1,10,0.7,GIALLO
corsi_sicurezza,Provincia di Rovigo,450,1.62,1.1,10,0.6,GIALLO
corsi_sicurezza,Provincia di Terni,440,1.56,1.0,10,0.6,GIALLO
corsi_sicurezza,Provincia di Benevento,420,1.07,1.0,10,0.6,GIALLO
corsi_sicurezza,Provincia di Belluno,380,1.77,0.9,0,0.5,ROSSO
corsi_sicurezza,Provincia di Barletta-Andria-Trani,380,1.18,0.9,0,0.5,ROSSO
corsi_sicurezza,Provincia di Campobasso,370,1.26,0.9,0,0.5,ROSSO
corsi_sicurezza,Provincia di Sondrio,370,1.93,0.9,0,0.5,ROSSO
corsi_sicurezza,Provincia di Ascoli Piceno,350,1.54,0.8,0,0.5,ROSSO
corsi_sicurezza,Provincia di Fermo,340,1.53,0.8,0,0.5,ROSSO
corsi_sicurezza,Provincia di Biella,310,1.76,0.7,0,0.4,ROSSO
corsi_sicurezza,Provincia di Imperia,310,1.67,0.7,0,0.4,ROSSO
corsi_sicurezza,Provincia di Gorizia,300,1.76,0.7,0,0.4,ROSSO
corsi_sicurezza,Provincia di Asti,290,1.63,0.7,0,0.4,ROSSO
corsi_sicurezza,Provincia di Vercelli,270,1.74,0.6,0,0.4,ROSSO
corsi_sicurezza,Provincia di Carbonia-Iglesias,250,1.43,0.6,0,0.4,ROSSO
corsi_sicurezza,Provincia di Nuoro,250,2.3,0.6,0,0.4,ROSSO
corsi_sicurezza,Provincia di Oristano,230,1.67,0.5,0,0.3,ROSSO
corsi_sicurezza,Provincia di Matera,210,1.42,0.5,0,0.3,ROSSO
corsi_sicurezza,Provincia di Rieti,210,1.15,0.5,0,0.3,ROSSO
corsi_sicurezza,Provincia di Vibo Valentia,150,1.21,0.4,0,0.2,ROSSO
corsi_sicurezza,Provincia di Crotone,100,1.09,0.2,0,0.1,ROSSO
corsi_sicurezza,Provincia di Isernia,80,1.27,0.2,0,0.1,ROSSO
corsi_sub_volo,Città metropolitana di Milano,2810,0.62,6.6,10,3.9,VERDE
corsi_sub_volo,Città metropolitana di Roma Capitale,1320,0.59,3.1,10,1.8,VERDE
corsi_sub_volo,Città Metropolitana di Napoli,320,0.64,0.7,0,0.4,ROSSO
corsi_sub_volo,Città Metropolitana di Torino,240,0.56,0.6,0,0.3,ROSSO
corsi_sub_volo,Città Metropolitana di Bologna,180,0.64,0.4,0,0.3,ROSSO
corsi_sub_volo,Città Metropolitana di Firenze,140,0.78,0.3,0,0.2,ROSSO
corsi_sub_volo,Provincia di Brescia,100,0.63,0.2,0,0.1,ROSSO
corsi_sub_volo,Provincia di Bergamo,100,0.63,0.2,0,0.1,ROSSO
corsi_sub_volo,Città Metropolitana di Bari,80,0.65,0.2,0,0.1,ROSSO
corsi_sub_volo,Provincia di Padova,80,0.85,0.2,0,0.1,ROSSO
corsi_sub_volo,Città metropolitana di Palermo,80,0.66,0.2,0,0.1,ROSSO
corsi_sub_volo,Provincia di Verona,70,0.55,0.2,0,0.1,ROSSO
corsi_sub_volo,Città Metropolitana di Genova,70,0.64,0.2,0,0.1,ROSSO
corsi_sub_volo,Provincia di Salerno,70,0.75,0.2,0,0.1,ROSSO
corsi_sub_volo,Provincia autonoma di Trento,70,0.53,0.2,0,0.1,ROSSO
corsi_sub_volo,Città metropolitana di Cagliari,70,0.67,0.2,0,0.1,ROSSO
corsi_sub_volo,Provincia di Ancona,60,1.07,0.1,0,0.1,ROSSO
corsi_sub_volo,Provincia di Pescara,60,0.56,0.1,0,0.1,ROSSO
corsi_sub_volo,Città Metropolitana di Venezia,60,0.56,0.1,0,0.1,ROSSO
corsi_sub_volo,Provincia di Perugia,50,0.58,0.1,0,0.1,ROSSO
corsi_sub_volo,Provincia di Monza e della Brianza,50,0.66,0.1,0,0.1,ROSSO
corsi_sub_volo,Provincia di Cuneo,40,0.59,0.1,0,0.1,ROSSO
corsi_sub_volo,Provincia di Treviso,40,0.49,0.1,0,0.1,ROSSO
corsi_sub_volo,Provincia di Varese,40,0.69,0.1,0,0.1,ROSSO
corsi_sub_volo,Provincia di Pavia,30,0.54,0.1,0,0.0,ROSSO
corsi_sub_volo,Provincia di Vicenza,30,0.46,0.1,0,0.0,ROSSO
corsi_sub_volo,Provincia di Caserta,30,0.59,0.1,0,0.0,ROSSO
corsi_sub_volo,Città metropolitana di Catania,30,0.62,0.1,0,0.0,ROSSO
corsi_sub_volo,Provincia di Latina,30,0.88,0.1,0,0.0,ROSSO
corsi_sub_volo,Provincia di Taranto,20,0.77,0.0,0,0.0,ROSSO
corsi_sub_volo,Provincia di Livorno,20,0.5,0.0,0,0.0,ROSSO
corsi_sub_volo,Provincia di Lecco,20,0.81,0.0,0,0.0,ROSSO
corsi_sub_volo,Provincia dell'Aquila,20,0.22,0.0,0,0.0,ROSSO
corsi_sub_volo,Provincia di Trieste,20,0.5,0.0,0,0.0,ROSSO
corsi_sub_volo,Provincia di Lucca,20,0.51,0.0,0,0.0,ROSSO
corsi_sub_volo,Provincia di Catanzaro,20,0.55,0.0,0,0.0,ROSSO
corsi_sub_volo,Provincia di Pisa,20,0.69,0.0,0,0.0,ROSSO
corsi_sub_volo,Provincia di Savona,20,0.55,0.0,0,0.0,ROSSO
corsi_sub_volo,Città metropolitana di Reggio Calabria,20,0.47,0.0,0,0.0,ROSSO
corsi_sub_volo,Provincia di Piacenza,20,1.71,0.0,0,0.0,ROSSO
corsi_sub_volo,Provincia di Cremona,20,0.96,0.0,0,0.0,ROSSO
corsi_sub_volo,Provincia di Vercelli,10,0,0.0,0,0.0,ROSSO
corsi_sub_volo,Provincia di Parma,10,0,0.0,0,0.0,ROSSO
corsi_sub_volo,Provincia di Brindisi,10,0,0.0,0,0.0,ROSSO
corsi_sub_volo,Provincia di Rimini,10,0,0.0,0,0.0,ROSSO
corsi_sub_volo,Provincia di Nuoro,10,0,0.0,0,0.0,ROSSO
corsi_sub_volo,Provincia di Vibo Valentia,10,0,0.0,0,0.0,ROSSO
corsi_sub_volo,Provincia di Pordenone,10,0,0.0,0,0.0,ROSSO
corsi_sub_volo,Provincia di Rovigo,10,0,0.0,0,0.0,ROSSO
corsi_sub_volo,Provincia di Pistoia,10,0,0.0,0,0.0,ROSSO
corsi_sub_volo,Provincia di Campobasso,10,0,0.0,0,0.0,ROSSO
corsi_sub_volo,Provincia di Gorizia,10,0,0.0,0,0.0,ROSSO
corsi_sub_volo,Provincia di Chieti,10,0,0.0,0,0.0,ROSSO
corsi_sub_volo,Provincia di Avellino,10,0,0.0,0,0.0,ROSSO
corsi_sub_volo,Provincia di Frosinone,10,0,0.0,0,0.0,ROSSO
corsi_sub_volo,Provincia di Teramo,10,0,0.0,0,0.0,ROSSO
corsi_sub_volo,Provincia di Isernia,10,0,0.0,0,0.0,ROSSO
corsi_sub_volo,Provincia di Ravenna,10,0,0.0,0,0.0,ROSSO
corsi_sub_volo,Provincia di Imperia,10,0,0.0,0,0.0,ROSSO
corsi_sub_volo,Provincia di Reggio Emilia,10,0,0.0,0,0.0,ROSSO
corsi_sub_volo,Provincia di Siena,10,0,0.0,0,0.0,ROSSO
corsi_sub_volo,Provincia di Massa e Carrara,10,0,0.0,0,0.0,ROSSO
corsi_sub_volo,Provincia di Mantova,10,0,0.0,0,0.0,ROSSO
corsi_sub_volo,Provincia di Modena,10,0,0.0,0,0.0,ROSSO
corsi_sub_volo,Provincia di Cosenza,10,0,0.0,0,0.0,ROSSO
corsi_sub_volo,Provincia di Lodi,10,0,0.0,0,0.0,ROSSO
corsi_sub_volo,Provincia di Fermo,10,0,0.0,0,0.0,ROSSO
corsi_sub_volo,Provincia di Crotone,10,0,0.0,0,0.0,ROSSO
corsi_sub_volo,Provincia della Spezia,10,0,0.0,0,0.0,ROSSO
corsi_sub_volo,Provincia di Forlì-Cesena,10,0,0.0,0,0.0,ROSSO
corsi_sub_volo,Provincia di Pesaro e Urbino,10,0,0.0,0,0.0,ROSSO
corsi_sub_volo,Provincia di Biella,10,0,0.0,0,0.0,ROSSO
corsi_sub_volo,Provincia di Rieti,10,0,0.0,0,0.0,ROSSO
corsi_sub_volo,Provincia di Prato,10,0,0.0,0,0.0,ROSSO
corsi_sub_volo,Provincia di Ascoli Piceno,10,0,0.0,0,0.0,ROSSO
corsi_sub_volo,Provincia di Foggia,10,0,0.0,0,0.0,ROSSO
corsi_sub_volo,Provincia di Alessandria,10,0,0.0,0,0.0,ROSSO
corsi_sub_volo,Provincia di Benevento,10,0,0.0,0,0.0,ROSSO
corsi_sub_volo,Provincia di Sondrio,10,0,0.0,0,0.0,ROSSO
corsi_sub_volo,Provincia di Asti,10,0,0.0,0,0.0,ROSSO
corsi_sub_volo,Provincia di Belluno,10,0,0.0,0,0.0,ROSSO
corsi_sub_volo,Provincia di Ferrara,10,0,0.0,0,0.0,ROSSO
corsi_sub_volo,Provincia di Lecce,10,0,0.0,0,0.0,ROSSO
corsi_sub_volo,Provincia di Carbonia-Iglesias,10,0,0.0,0,0.0,ROSSO
corsi_sub_volo,Provincia autonoma di Bolzano - Alto Adige,10,0,0.0,0,0.0,ROSSO
corsi_sub_volo,Provincia di Arezzo,10,0,0.0,0,0.0,ROSSO
corsi_sub_volo,Provincia di Barletta-Andria-Trani,10,0,0.0,0,0.0,ROSSO
corsi_sub_volo,Città metropolitana di Messina,10,0,0.0,0,0.0,ROSSO
corsi_sub_volo,Provincia di Novara,10,0,0.0,0,0.0,ROSSO
corsi_sub_volo,Provincia di Matera,10,0,0.0,0,0.0,ROSSO
corsi_sub_volo,Provincia di Grosseto,10,0,0.0,0,0.0,ROSSO
corsi_sub_volo,Provincia di Terni,10,0,0.0,0,0.0,ROSSO
corsi_sub_volo,Provincia di Macerata,10,0,0.0,0,0.0,ROSSO
corsi_sub_volo,Provincia di Como,10,0,0.0,0,0.0,ROSSO
corsi_sub_volo,Città metropolitana di Sassari,10,0,0.0,0,0.0,ROSSO
corsi_sub_volo,Provincia di Viterbo,10,0,0.0,0,0.0,ROSSO
corsi_sub_volo,Provincia di Potenza,10,0,0.0,0,0.0,ROSSO
corsi_sub_volo,Provincia di Oristano,10,0,0.0,0,0.0,ROSSO
cucine_esterne,Città metropolitana di Milano,7770,0.42,18.1,10,10.9,VERDE
cucine_esterne,Città metropolitana di Roma Capitale,5760,0.35,13.4,10,8.1,VERDE
cucine_esterne,Città Metropolitana di Napoli,1230,0.19,2.9,10,1.7,VERDE
cucine_esterne,Città Metropolitana di Torino,1110,0.71,2.6,10,1.6,VERDE
cucine_esterne,Città Metropolitana di Firenze,1030,0.35,2.4,10,1.4,VERDE
cucine_esterne,Città Metropolitana di Bologna,890,0.24,2.1,10,1.2,VERDE
cucine_esterne,Città metropolitana di Palermo,880,0.34,2.1,10,1.2,VERDE
cucine_esterne,Città metropolitana di Cagliari,820,0.18,1.9,10,1.1,GIALLO
cucine_esterne,Provincia di Brescia,740,0.21,1.7,10,1.0,GIALLO
cucine_esterne,Città Metropolitana di Bari,630,0.31,1.5,10,0.9,GIALLO
cucine_esterne,Provincia di Bergamo,610,0.65,1.4,10,0.9,GIALLO
cucine_esterne,Città metropolitana di Catania,610,0.37,1.4,10,0.9,GIALLO
cucine_esterne,Provincia di Salerno,490,0.35,1.1,10,0.7,GIALLO
cucine_esterne,Città Metropolitana di Genova,450,0.26,1.1,10,0.6,GIALLO
cucine_esterne,Provincia di Verona,360,0.22,0.8,0,0.5,ROSSO
cucine_esterne,Provincia di Varese,360,0.22,0.8,0,0.5,ROSSO
cucine_esterne,Città metropolitana di Sassari,350,0.28,0.8,0,0.5,ROSSO
cucine_esterne,Provincia di Padova,330,0.2,0.8,0,0.5,ROSSO
cucine_esterne,Provincia di Caserta,330,0.15,0.8,0,0.5,ROSSO
cucine_esterne,Provincia di Lecce,310,0.28,0.7,0,0.4,ROSSO
cucine_esterne,Provincia di Monza e della Brianza,310,0.11,0.7,0,0.4,ROSSO
cucine_esterne,Provincia di Pescara,280,0.17,0.7,0,0.4,ROSSO
cucine_esterne,Provincia di Pisa,250,0.26,0.6,0,0.4,ROSSO
cucine_esterne,Provincia di Frosinone,240,0.25,0.6,0,0.3,ROSSO
cucine_esterne,Provincia di Latina,240,0.24,0.6,0,0.3,ROSSO
cucine_esterne,Provincia di Taranto,240,0.21,0.6,0,0.3,ROSSO
cucine_esterne,Provincia di Lucca,240,0.21,0.6,0,0.3,ROSSO
cucine_esterne,Provincia di Cuneo,220,0.24,0.5,0,0.3,ROSSO
cucine_esterne,Provincia di Como,220,0.27,0.5,0,0.3,ROSSO
cucine_esterne,Provincia di Modena,210,0.13,0.5,0,0.3,ROSSO
cucine_esterne,Provincia di Vicenza,210,0.35,0.5,0,0.3,ROSSO
cucine_esterne,Città metropolitana di Reggio Calabria,210,0.26,0.5,0,0.3,ROSSO
cucine_esterne,Città Metropolitana di Venezia,210,0.19,0.5,0,0.3,ROSSO
cucine_esterne,Provincia di Cosenza,200,0.39,0.5,0,0.3,ROSSO
cucine_esterne,Provincia di Reggio Emilia,200,0.28,0.5,0,0.3,ROSSO
cucine_esterne,Provincia di Pavia,190,0.14,0.4,0,0.3,ROSSO
cucine_esterne,Provincia di Arezzo,190,0.27,0.4,0,0.3,ROSSO
cucine_esterne,Provincia di Novara,190,0.29,0.4,0,0.3,ROSSO
cucine_esterne,Provincia di Ancona,190,0.22,0.4,0,0.3,ROSSO
cucine_esterne,Provincia di Perugia,190,0.43,0.4,0,0.3,ROSSO
cucine_esterne,Provincia di Avellino,190,0.28,0.4,0,0.3,ROSSO
cucine_esterne,Provincia di Livorno,190,0.3,0.4,0,0.3,ROSSO
cucine_esterne,Città metropolitana di Messina,180,0.23,0.4,0,0.3,ROSSO
cucine_esterne,Provincia di Trieste,170,0.36,0.4,0,0.2,ROSSO
cucine_esterne,Provincia di Rimini,170,0.12,0.4,0,0.2,ROSSO
cucine_esterne,Provincia di Pistoia,170,0.19,0.4,0,0.2,ROSSO
cucine_esterne,Provincia di Treviso,170,0.48,0.4,0,0.2,ROSSO
cucine_esterne,Provincia autonoma di Trento,160,0.34,0.4,0,0.2,ROSSO
cucine_esterne,Provincia di Potenza,160,0.14,0.4,0,0.2,ROSSO
cucine_esterne,Provincia di Alessandria,160,0.29,0.4,0,0.2,ROSSO
cucine_esterne,Provincia dell'Aquila,150,1.85,0.4,0,0.2,ROSSO
cucine_esterne,Provincia di Pesaro e Urbino,150,0.22,0.4,0,0.2,ROSSO
cucine_esterne,Provincia di Foggia,150,0.2,0.4,0,0.2,ROSSO
cucine_esterne,Provincia di Cremona,150,0.28,0.4,0,0.2,ROSSO
cucine_esterne,Provincia di Brindisi,140,0.26,0.3,0,0.2,ROSSO
cucine_esterne,Provincia di Mantova,130,0.17,0.3,0,0.2,ROSSO
cucine_esterne,Provincia di Siena,130,0.45,0.3,0,0.2,ROSSO
cucine_esterne,Provincia di Viterbo,130,0.21,0.3,0,0.2,ROSSO
cucine_esterne,Provincia di Lecco,130,0.17,0.3,0,0.2,ROSSO
cucine_esterne,Provincia di Ravenna,130,0.15,0.3,0,0.2,ROSSO
cucine_esterne,Provincia di Grosseto,120,0.13,0.3,0,0.2,ROSSO
cucine_esterne,Provincia di Parma,120,0.32,0.3,0,0.2,ROSSO
cucine_esterne,Provincia di Chieti,120,0.17,0.3,0,0.2,ROSSO
cucine_esterne,Provincia di Prato,110,0.18,0.3,0,0.2,ROSSO
cucine_esterne,Provincia di Catanzaro,100,0.28,0.2,0,0.1,ROSSO
cucine_esterne,Provincia di Forlì-Cesena,90,0.34,0.2,0,0.1,ROSSO
cucine_esterne,Provincia di Oristano,90,0.23,0.2,0,0.1,ROSSO
cucine_esterne,Provincia di Teramo,90,0.29,0.2,0,0.1,ROSSO
cucine_esterne,Provincia di Ferrara,80,0.25,0.2,0,0.1,ROSSO
cucine_esterne,Provincia della Spezia,80,0.33,0.2,0,0.1,ROSSO
cucine_esterne,Provincia di Savona,70,0.41,0.2,0,0.1,ROSSO
cucine_esterne,Provincia di Ascoli Piceno,70,0.12,0.2,0,0.1,ROSSO
cucine_esterne,Provincia di Piacenza,70,0.21,0.2,0,0.1,ROSSO
cucine_esterne,Provincia di Nuoro,70,0.67,0.2,0,0.1,ROSSO
cucine_esterne,Provincia di Pordenone,70,0.17,0.2,0,0.1,ROSSO
cucine_esterne,Provincia di Terni,70,0.18,0.2,0,0.1,ROSSO
cucine_esterne,Provincia di Carbonia-Iglesias,70,0.21,0.2,0,0.1,ROSSO
cucine_esterne,Provincia di Lodi,70,0.2,0.2,0,0.1,ROSSO
cucine_esterne,Provincia di Biella,60,0.08,0.1,0,0.1,ROSSO
cucine_esterne,Provincia di Sondrio,60,0.34,0.1,0,0.1,ROSSO
cucine_esterne,Provincia di Macerata,60,0.27,0.1,0,0.1,ROSSO
cucine_esterne,Provincia di Benevento,60,0.11,0.1,0,0.1,ROSSO
cucine_esterne,Provincia di Massa e Carrara,60,0.28,0.1,0,0.1,ROSSO
cucine_esterne,Provincia di Imperia,60,0.18,0.1,0,0.1,ROSSO
cucine_esterne,Provincia di Barletta-Andria-Trani,50,0.32,0.1,0,0.1,ROSSO
cucine_esterne,Provincia di Campobasso,50,0.22,0.1,0,0.1,ROSSO
cucine_esterne,Provincia di Rieti,50,0.28,0.1,0,0.1,ROSSO
cucine_esterne,Provincia autonoma di Bolzano - Alto Adige,40,0.4,0.1,0,0.1,ROSSO
cucine_esterne,Provincia di Belluno,40,0.19,0.1,0,0.1,ROSSO
cucine_esterne,Provincia di Matera,40,0,0.1,0,0.1,ROSSO
cucine_esterne,Provincia di Vibo Valentia,40,0,0.1,0,0.1,ROSSO
cucine_esterne,Provincia di Vercelli,40,0.38,0.1,0,0.1,ROSSO
cucine_esterne,Provincia di Rovigo,40,0,0.1,0,0.1,ROSSO
cucine_esterne,Provincia di Fermo,40,0.29,0.1,0,0.1,ROSSO
cucine_esterne,Provincia di Asti,40,0.28,0.1,0,0.1,ROSSO
cucine_esterne,Provincia di Crotone,30,0,0.1,0,0.0,ROSSO
cucine_esterne,Provincia di Gorizia,30,0.39,0.1,0,0.0,ROSSO
cucine_esterne,Provincia di Isernia,30,0,0.1,0,0.0,ROSSO
cucine_misura,Città metropolitana di Milano,3820,1.02,8.9,10,5.4,VERDE
cucine_misura,Città metropolitana di Roma Capitale,1830,0.81,4.3,10,2.6,VERDE
cucine_misura,Città Metropolitana di Torino,770,1.06,1.8,10,1.1,GIALLO
cucine_misura,Città Metropolitana di Napoli,560,0.96,1.3,10,0.8,GIALLO
cucine_misura,Città Metropolitana di Bologna,390,0.77,0.9,0,0.5,ROSSO
cucine_misura,Città Metropolitana di Firenze,380,0.83,0.9,0,0.5,ROSSO
cucine_misura,Provincia di Brescia,360,1.01,0.8,0,0.5,ROSSO
cucine_misura,Provincia di Padova,280,1.56,0.7,0,0.4,ROSSO
cucine_misura,Provincia di Bergamo,230,1.01,0.5,0,0.3,ROSSO
cucine_misura,Provincia di Monza e della Brianza,230,1.42,0.5,0,0.3,ROSSO
cucine_misura,Città Metropolitana di Bari,220,0.74,0.5,0,0.3,ROSSO
cucine_misura,Provincia di Verona,190,1.1,0.4,0,0.3,ROSSO
cucine_misura,Città Metropolitana di Genova,190,0.81,0.4,0,0.3,ROSSO
cucine_misura,Città metropolitana di Palermo,190,0.48,0.4,0,0.3,ROSSO
cucine_misura,Provincia di Varese,170,0.79,0.4,0,0.2,ROSSO
cucine_misura,Città Metropolitana di Venezia,170,0.76,0.4,0,0.2,ROSSO
cucine_misura,Provincia di Como,160,1.52,0.4,0,0.2,ROSSO
cucine_misura,Provincia di Vicenza,150,1.32,0.4,0,0.2,ROSSO
cucine_misura,Città metropolitana di Catania,150,0.48,0.4,0,0.2,ROSSO
cucine_misura,Provincia di Treviso,130,1.03,0.3,0,0.2,ROSSO
cucine_misura,Provincia di Pescara,110,0.86,0.3,0,0.2,ROSSO
cucine_misura,Città metropolitana di Cagliari,110,0.94,0.3,0,0.2,ROSSO
cucine_misura,Provincia di Lecce,100,0.91,0.2,0,0.1,ROSSO
cucine_misura,Provincia di Salerno,100,0.75,0.2,0,0.1,ROSSO
cucine_misura,Provincia di Modena,100,0.86,0.2,0,0.1,ROSSO
cucine_misura,Provincia di Perugia,90,0.83,0.2,0,0.1,ROSSO
cucine_misura,Provincia di Pavia,90,1.34,0.2,0,0.1,ROSSO
cucine_misura,Provincia di Pisa,90,0.81,0.2,0,0.1,ROSSO
cucine_misura,Provincia di Reggio Emilia,80,1.01,0.2,0,0.1,ROSSO
cucine_misura,Provincia di Trieste,80,0.65,0.2,0,0.1,ROSSO
cucine_misura,Provincia di Rimini,70,1.46,0.2,0,0.1,ROSSO
cucine_misura,Provincia di Ancona,70,0.82,0.2,0,0.1,ROSSO
cucine_misura,Provincia di Caserta,70,0.77,0.2,0,0.1,ROSSO
cucine_misura,Provincia autonoma di Trento,70,1.02,0.2,0,0.1,ROSSO
cucine_misura,Provincia di Pistoia,60,1.32,0.1,0,0.1,ROSSO
cucine_misura,Provincia di Lecco,60,1.37,0.1,0,0.1,ROSSO
cucine_misura,Provincia di Livorno,60,1.25,0.1,0,0.1,ROSSO
cucine_misura,Provincia di Lucca,60,0.61,0.1,0,0.1,ROSSO
cucine_misura,Città metropolitana di Reggio Calabria,60,0.75,0.1,0,0.1,ROSSO
cucine_misura,Provincia di Taranto,50,0.76,0.1,0,0.1,ROSSO
cucine_misura,Provincia di Frosinone,50,0.49,0.1,0,0.1,ROSSO
cucine_misura,Provincia di Ascoli Piceno,50,0.52,0.1,0,0.1,ROSSO
cucine_misura,Provincia di Foggia,50,0.86,0.1,0,0.1,ROSSO
cucine_misura,Provincia di Mantova,50,2.17,0.1,0,0.1,ROSSO
cucine_misura,Provincia di Parma,50,1.02,0.1,0,0.1,ROSSO
cucine_misura,Provincia di Novara,50,0.78,0.1,0,0.1,ROSSO
cucine_misura,Provincia di Brindisi,40,1.39,0.1,0,0.1,ROSSO
cucine_misura,Provincia di Piacenza,40,0.6,0.1,0,0.1,ROSSO
cucine_misura,Provincia di Siena,40,1.18,0.1,0,0.1,ROSSO
cucine_misura,Provincia di Cuneo,40,2.03,0.1,0,0.1,ROSSO
cucine_misura,Provincia di Latina,40,1.18,0.1,0,0.1,ROSSO
cucine_misura,Provincia di Arezzo,40,0.82,0.1,0,0.1,ROSSO
cucine_misura,Provincia di Gorizia,30,0.61,0.1,0,0.0,ROSSO
cucine_misura,Provincia di Chieti,30,1.16,0.1,0,0.0,ROSSO
cucine_misura,Provincia di Imperia,30,1.21,0.1,0,0.0,ROSSO
cucine_misura,Provincia di Ravenna,30,1.28,0.1,0,0.0,ROSSO
cucine_misura,Provincia di Vercelli,30,1.2,0.1,0,0.0,ROSSO
cucine_misura,Provincia di Prato,30,0.76,0.1,0,0.0,ROSSO
cucine_misura,Provincia di Forlì-Cesena,30,0.74,0.1,0,0.0,ROSSO
cucine_misura,Provincia di Biella,30,1.06,0.1,0,0.0,ROSSO
cucine_misura,Provincia di Grosseto,30,1.37,0.1,0,0.0,ROSSO
cucine_misura,Provincia di Savona,30,1.36,0.1,0,0.0,ROSSO
cucine_misura,Provincia di Macerata,30,0.62,0.1,0,0.0,ROSSO
cucine_misura,Provincia di Alessandria,30,1.88,0.1,0,0.0,ROSSO
cucine_misura,Provincia di Cosenza,30,1.26,0.1,0,0.0,ROSSO
cucine_misura,Provincia di Lodi,30,0.86,0.1,0,0.0,ROSSO
cucine_misura,Provincia di Potenza,30,0.87,0.1,0,0.0,ROSSO
cucine_misura,Città metropolitana di Sassari,30,0.84,0.1,0,0.0,ROSSO
cucine_misura,Provincia di Cremona,30,1.44,0.1,0,0.0,ROSSO
cucine_misura,Provincia della Spezia,30,0.73,0.1,0,0.0,ROSSO
cucine_misura,Città metropolitana di Messina,30,0.93,0.1,0,0.0,ROSSO
cucine_misura,Provincia di Asti,30,0.89,0.1,0,0.0,ROSSO
cucine_misura,Provincia di Ferrara,30,0.86,0.1,0,0.0,ROSSO
cucine_misura,Provincia di Rovigo,20,2.11,0.0,0,0.0,ROSSO
cucine_misura,Provincia di Barletta-Andria-Trani,20,1.47,0.0,0,0.0,ROSSO
cucine_misura,Provincia di Massa e Carrara,20,0.73,0.0,0,0.0,ROSSO
cucine_misura,Provincia di Teramo,20,0.85,0.0,0,0.0,ROSSO
cucine_misura,Provincia di Campobasso,20,1.09,0.0,0,0.0,ROSSO
cucine_misura,Provincia di Pordenone,20,1.5,0.0,0,0.0,ROSSO
cucine_misura,Provincia di Belluno,20,1.31,0.0,0,0.0,ROSSO
cucine_misura,Provincia di Sondrio,20,0.94,0.0,0,0.0,ROSSO
cucine_misura,Provincia di Pesaro e Urbino,20,0.94,0.0,0,0.0,ROSSO
cucine_misura,Provincia di Crotone,20,0.23,0.0,0,0.0,ROSSO
cucine_misura,Provincia di Viterbo,20,0.86,0.0,0,0.0,ROSSO
cucine_misura,Provincia dell'Aquila,20,0.59,0.0,0,0.0,ROSSO
cucine_misura,Provincia di Nuoro,20,0.45,0.0,0,0.0,ROSSO
cucine_misura,Provincia autonoma di Bolzano - Alto Adige,20,1.8,0.0,0,0.0,ROSSO
cucine_misura,Provincia di Catanzaro,20,0.79,0.0,0,0.0,ROSSO
cucine_misura,Provincia di Avellino,10,0,0.0,0,0.0,ROSSO
cucine_misura,Provincia di Terni,10,0,0.0,0,0.0,ROSSO
cucine_misura,Provincia di Fermo,10,0,0.0,0,0.0,ROSSO
cucine_misura,Provincia di Isernia,10,0,0.0,0,0.0,ROSSO
cucine_misura,Provincia di Rieti,10,0,0.0,0,0.0,ROSSO
cucine_misura,Provincia di Oristano,10,0,0.0,0,0.0,ROSSO
cucine_misura,Provincia di Carbonia-Iglesias,10,0,0.0,0,0.0,ROSSO
cucine_misura,Provincia di Vibo Valentia,10,0,0.0,0,0.0,ROSSO
cucine_misura,Provincia di Matera,10,0,0.0,0,0.0,ROSSO
cucine_misura,Provincia di Benevento,10,0,0.0,0,0.0,ROSSO
demolizioni_smaltimento,Città metropolitana di Milano,30,2.96,0.1,0,0.0,ROSSO
demolizioni_smaltimento,Città Metropolitana di Torino,20,0.1,0.0,0,0.0,ROSSO
demolizioni_smaltimento,Provincia di Teramo,10,0,0.0,0,0.0,ROSSO
demolizioni_smaltimento,Provincia di Crotone,10,0,0.0,0,0.0,ROSSO
demolizioni_smaltimento,Città Metropolitana di Venezia,10,0,0.0,0,0.0,ROSSO
demolizioni_smaltimento,Provincia di Mantova,10,0,0.0,0,0.0,ROSSO
demolizioni_smaltimento,Provincia di Cosenza,10,0,0.0,0,0.0,ROSSO
demolizioni_smaltimento,Provincia di Forlì-Cesena,10,0,0.0,0,0.0,ROSSO
demolizioni_smaltimento,Provincia di Salerno,10,0,0.0,0,0.0,ROSSO
demolizioni_smaltimento,Provincia di Trieste,10,0,0.0,0,0.0,ROSSO
demolizioni_smaltimento,Provincia di Vicenza,10,0,0.0,0,0.0,ROSSO
demolizioni_smaltimento,Provincia dell'Aquila,10,0,0.0,0,0.0,ROSSO
demolizioni_smaltimento,Provincia di Varese,10,0,0.0,0,0.0,ROSSO
demolizioni_smaltimento,Provincia di Pavia,10,0,0.0,0,0.0,ROSSO
demolizioni_smaltimento,Provincia di Frosinone,10,0,0.0,0,0.0,ROSSO
demolizioni_smaltimento,Città metropolitana di Cagliari,10,0,0.0,0,0.0,ROSSO
demolizioni_smaltimento,Provincia di Verona,10,0,0.0,0,0.0,ROSSO
demolizioni_smaltimento,Provincia di Campobasso,10,0,0.0,0,0.0,ROSSO
demolizioni_smaltimento,Provincia di Belluno,10,0,0.0,0,0.0,ROSSO
demolizioni_smaltimento,Provincia di Siena,10,0,0.0,0,0.0,ROSSO
demolizioni_smaltimento,Provincia di Carbonia-Iglesias,10,0,0.0,0,0.0,ROSSO
demolizioni_smaltimento,Provincia di Ascoli Piceno,10,0,0.0,0,0.0,ROSSO
demolizioni_smaltimento,Provincia di Bergamo,10,0,0.0,0,0.0,ROSSO
demolizioni_smaltimento,Provincia di Sondrio,10,0,0.0,0,0.0,ROSSO
demolizioni_smaltimento,Città metropolitana di Catania,10,0,0.0,0,0.0,ROSSO
demolizioni_smaltimento,Provincia di Rovigo,10,0,0.0,0,0.0,ROSSO
demolizioni_smaltimento,Provincia di Cuneo,10,0,0.0,0,0.0,ROSSO
demolizioni_smaltimento,Provincia di Piacenza,10,0,0.0,0,0.0,ROSSO
demolizioni_smaltimento,Provincia di Ferrara,10,0,0.0,0,0.0,ROSSO
demolizioni_smaltimento,Provincia di Parma,10,0,0.0,0,0.0,ROSSO
demolizioni_smaltimento,Città metropolitana di Palermo,10,0,0.0,0,0.0,ROSSO
demolizioni_smaltimento,Provincia di Caserta,10,0,0.0,0,0.0,ROSSO
demolizioni_smaltimento,Città metropolitana di Messina,10,0,0.0,0,0.0,ROSSO
demolizioni_smaltimento,Provincia di Pordenone,10,0,0.0,0,0.0,ROSSO
demolizioni_smaltimento,Città metropolitana di Roma Capitale,10,0,0.0,0,0.0,ROSSO
demolizioni_smaltimento,Provincia di Chieti,10,0,0.0,0,0.0,ROSSO
demolizioni_smaltimento,Provincia di Grosseto,10,0,0.0,0,0.0,ROSSO
demolizioni_smaltimento,Provincia di Massa e Carrara,10,0,0.0,0,0.0,ROSSO
demolizioni_smaltimento,Provincia di Macerata,10,0,0.0,0,0.0,ROSSO
demolizioni_smaltimento,Città Metropolitana di Bari,10,0,0.0,0,0.0,ROSSO
demolizioni_smaltimento,Provincia autonoma di Bolzano - Alto Adige,10,0,0.0,0,0.0,ROSSO
demolizioni_smaltimento,Provincia di Cremona,10,0,0.0,0,0.0,ROSSO
demolizioni_smaltimento,Provincia di Rimini,10,0,0.0,0,0.0,ROSSO
demolizioni_smaltimento,Città Metropolitana di Bologna,10,0,0.0,0,0.0,ROSSO
demolizioni_smaltimento,Città metropolitana di Sassari,10,0,0.0,0,0.0,ROSSO
demolizioni_smaltimento,Provincia di Viterbo,10,0,0.0,0,0.0,ROSSO
demolizioni_smaltimento,Città Metropolitana di Firenze,10,0,0.0,0,0.0,ROSSO
demolizioni_smaltimento,Provincia di Ancona,10,0,0.0,0,0.0,ROSSO
demolizioni_smaltimento,Provincia di Potenza,10,0,0.0,0,0.0,ROSSO
demolizioni_smaltimento,Provincia di Monza e della Brianza,10,0,0.0,0,0.0,ROSSO
demolizioni_smaltimento,Provincia di Oristano,10,0,0.0,0,0.0,ROSSO
demolizioni_smaltimento,Città Metropolitana di Genova,10,0,0.0,0,0.0,ROSSO
demolizioni_smaltimento,Provincia di Vercelli,10,0,0.0,0,0.0,ROSSO
demolizioni_smaltimento,Provincia di Brindisi,10,0,0.0,0,0.0,ROSSO
demolizioni_smaltimento,Provincia di Lecce,10,0,0.0,0,0.0,ROSSO
demolizioni_smaltimento,Provincia di Barletta-Andria-Trani,10,0,0.0,0,0.0,ROSSO
demolizioni_smaltimento,Città metropolitana di Reggio Calabria,10,0,0.0,0,0.0,ROSSO
demolizioni_smaltimento,Provincia di Terni,10,0,0.0,0,0.0,ROSSO
demolizioni_smaltimento,Provincia di Latina,10,0,0.0,0,0.0,ROSSO
demolizioni_smaltimento,Provincia di Perugia,10,0,0.0,0,0.0,ROSSO
demolizioni_smaltimento,Provincia di Arezzo,10,0,0.0,0,0.0,ROSSO
demolizioni_smaltimento,Provincia di Pescara,10,0,0.0,0,0.0,ROSSO
demolizioni_smaltimento,Provincia di Novara,10,0,0.0,0,0.0,ROSSO
demolizioni_smaltimento,Provincia di Matera,10,0,0.0,0,0.0,ROSSO
demolizioni_smaltimento,Provincia di Pistoia,10,0,0.0,0,0.0,ROSSO
demolizioni_smaltimento,Provincia di Taranto,10,0,0.0,0,0.0,ROSSO
demolizioni_smaltimento,Città Metropolitana di Napoli,10,0,0.0,0,0.0,ROSSO
demolizioni_smaltimento,Provincia di Pesaro e Urbino,10,0,0.0,0,0.0,ROSSO
demolizioni_smaltimento,Provincia di Gorizia,10,0,0.0,0,0.0,ROSSO
demolizioni_smaltimento,Provincia di Como,10,0,0.0,0,0.0,ROSSO
demolizioni_smaltimento,Provincia di Treviso,10,0,0.0,0,0.0,ROSSO
demolizioni_smaltimento,Provincia di Fermo,10,0,0.0,0,0.0,ROSSO
demolizioni_smaltimento,Provincia di Brescia,10,0,0.0,0,0.0,ROSSO
demolizioni_smaltimento,Provincia della Spezia,10,0,0.0,0,0.0,ROSSO
demolizioni_smaltimento,Provincia di Lodi,10,0,0.0,0,0.0,ROSSO
demolizioni_smaltimento,Provincia di Biella,10,0,0.0,0,0.0,ROSSO
demolizioni_smaltimento,Provincia di Foggia,10,0,0.0,0,0.0,ROSSO
demolizioni_smaltimento,Provincia di Lecco,10,0,0.0,0,0.0,ROSSO
demolizioni_smaltimento,Provincia di Padova,10,0,0.0,0,0.0,ROSSO
demolizioni_smaltimento,Provincia di Savona,10,0,0.0,0,0.0,ROSSO
demolizioni_smaltimento,Provincia di Alessandria,10,0,0.0,0,0.0,ROSSO
demolizioni_smaltimento,Provincia di Avellino,10,0,0.0,0,0.0,ROSSO
demolizioni_smaltimento,Provincia di Modena,10,0,0.0,0,0.0,ROSSO
demolizioni_smaltimento,Provincia di Benevento,10,0,0.0,0,0.0,ROSSO
demolizioni_smaltimento,Provincia di Livorno,10,0,0.0,0,0.0,ROSSO
demolizioni_smaltimento,Provincia di Ravenna,10,0,0.0,0,0.0,ROSSO
demolizioni_smaltimento,Provincia di Isernia,10,0,0.0,0,0.0,ROSSO
demolizioni_smaltimento,Provincia di Lucca,10,0,0.0,0,0.0,ROSSO
demolizioni_smaltimento,Provincia di Catanzaro,10,0,0.0,0,0.0,ROSSO
demolizioni_smaltimento,Provincia autonoma di Trento,10,0,0.0,0,0.0,ROSSO
demolizioni_smaltimento,Provincia di Rieti,10,0,0.0,0,0.0,ROSSO
demolizioni_smaltimento,Provincia di Reggio Emilia,10,0,0.0,0,0.0,ROSSO
demolizioni_smaltimento,Provincia di Prato,10,0,0.0,0,0.0,ROSSO
demolizioni_smaltimento,Provincia di Asti,10,0,0.0,0,0.0,ROSSO
demolizioni_smaltimento,Provincia di Imperia,10,0,0.0,0,0.0,ROSSO
demolizioni_smaltimento,Provincia di Pisa,10,0,0.0,0,0.0,ROSSO
demolizioni_smaltimento,Provincia di Nuoro,0,0,0.0,0,0.0,ROSSO
demolizioni_smaltimento,Provincia di Vibo Valentia,0,0,0.0,0,0.0,ROSSO
dentisti,Città metropolitana di Milano,3630,1.94,8.5,12,5.1,VERDE
dentisti,Città metropolitana di Roma Capitale,2020,1.03,4.7,10,2.8,VERDE
dentisti,Città Metropolitana di Napoli,910,0.96,2.1,10,1.3,VERDE
dentisti,Città Metropolitana di Torino,700,1.11,1.6,10,1.0,GIALLO
dentisti,Città Metropolitana di Bari,480,0.91,1.1,10,0.7,GIALLO
dentisti,Città Metropolitana di Bologna,480,0.98,1.1,10,0.7,GIALLO
dentisti,Città Metropolitana di Firenze,380,2.54,0.9,0,0.5,ROSSO
dentisti,Città metropolitana di Palermo,360,0.78,0.8,0,0.5,ROSSO
dentisti,Provincia di Brescia,330,1.44,0.8,0,0.5,ROSSO
dentisti,Provincia di Bergamo,320,2.22,0.7,0,0.4,ROSSO
dentisti,Provincia di Padova,320,1.13,0.7,0,0.4,ROSSO
dentisti,Città metropolitana di Catania,320,1.25,0.7,0,0.4,ROSSO
dentisti,Provincia di Salerno,300,2.98,0.7,0,0.4,ROSSO
dentisti,Provincia di Monza e della Brianza,260,1.62,0.6,0,0.4,ROSSO
dentisti,Città metropolitana di Cagliari,250,2.13,0.6,0,0.4,ROSSO
dentisti,Provincia di Verona,250,1.45,0.6,0,0.4,ROSSO
dentisti,Provincia di Vicenza,240,1.55,0.6,0,0.3,ROSSO
dentisti,Città Metropolitana di Venezia,220,0.74,0.5,0,0.3,ROSSO
dentisti,Provincia di Caserta,210,1.41,0.5,0,0.3,ROSSO
dentisti,Provincia di Varese,210,1.37,0.5,0,0.3,ROSSO
dentisti,Provincia di Treviso,210,1.11,0.5,0,0.3,ROSSO
dentisti,Città Metropolitana di Genova,200,0.9,0.5,0,0.3,ROSSO
dentisti,Provincia di Modena,170,1.3,0.4,0,0.2,ROSSO
dentisti,Provincia di Lecce,150,0.61,0.4,0,0.2,ROSSO
dentisti,Provincia di Cosenza,140,0.88,0.3,0,0.2,ROSSO
dentisti,Provincia di Perugia,140,0.96,0.3,0,0.2,ROSSO
dentisti,Provincia di Pescara,140,1.45,0.3,0,0.2,ROSSO
dentisti,Provincia di Pavia,130,1.34,0.3,0,0.2,ROSSO
dentisti,Città metropolitana di Sassari,130,2.19,0.3,0,0.2,ROSSO
dentisti,Provincia di Rimini,120,0.64,0.3,0,0.2,ROSSO
dentisti,Provincia di Como,120,1.49,0.3,0,0.2,ROSSO
dentisti,Provincia di Cuneo,120,2.78,0.3,0,0.2,ROSSO
dentisti,Provincia di Trieste,120,1.22,0.3,0,0.2,ROSSO
dentisti,Città metropolitana di Reggio Calabria,120,0.79,0.3,0,0.2,ROSSO
dentisti,Provincia di Taranto,120,1.01,0.3,0,0.2,ROSSO
dentisti,Provincia di Ancona,100,0.79,0.2,0,0.1,ROSSO
dentisti,Provincia autonoma di Trento,100,1.16,0.2,0,0.1,ROSSO
dentisti,Provincia di Parma,100,0.99,0.2,0,0.1,ROSSO
dentisti,Provincia di Avellino,100,0.88,0.2,0,0.1,ROSSO
dentisti,Provincia di Reggio Emilia,100,1.05,0.2,0,0.1,ROSSO
dentisti,Provincia di Frosinone,100,1.12,0.2,0,0.1,ROSSO
dentisti,Provincia di Pisa,100,2.55,0.2,0,0.1,ROSSO
dentisti,Provincia di Foggia,100,0.79,0.2,0,0.1,ROSSO
dentisti,Provincia di Novara,100,1.17,0.2,0,0.1,ROSSO
dentisti,Provincia di Latina,100,0.81,0.2,0,0.1,ROSSO
dentisti,Provincia di Lucca,100,2.65,0.2,0,0.1,ROSSO
dentisti,Città metropolitana di Messina,100,1.09,0.2,0,0.1,ROSSO
dentisti,Provincia di Livorno,90,1.17,0.2,0,0.1,ROSSO
dentisti,Provincia di Potenza,80,2.08,0.2,0,0.1,ROSSO
dentisti,Provincia di Cremona,80,1.29,0.2,0,0.1,ROSSO
dentisti,Provincia di Pesaro e Urbino,80,1.24,0.2,0,0.1,ROSSO
dentisti,Provincia di Chieti,80,1.31,0.2,0,0.1,ROSSO
dentisti,Provincia di Brindisi,80,1.03,0.2,0,0.1,ROSSO
dentisti,Provincia di Mantova,80,1.55,0.2,0,0.1,ROSSO
dentisti,Provincia di Ravenna,80,0.68,0.2,0,0.1,ROSSO
dentisti,Provincia di Forlì-Cesena,80,1.12,0.2,0,0.1,ROSSO
dentisti,Provincia di Catanzaro,80,0.66,0.2,0,0.1,ROSSO
dentisti,Provincia di Lecco,80,1.63,0.2,0,0.1,ROSSO
dentisti,Provincia di Alessandria,80,1.32,0.2,0,0.1,ROSSO
dentisti,Provincia di Teramo,70,1.11,0.2,0,0.1,ROSSO
dentisti,Provincia di Pordenone,60,1.02,0.1,0,0.1,ROSSO
dentisti,Provincia di Ferrara,60,1.84,0.1,0,0.1,ROSSO
dentisti,Provincia di Benevento,60,0.75,0.1,0,0.1,ROSSO
dentisti,Provincia dell'Aquila,60,0.93,0.1,0,0.1,ROSSO
dentisti,Provincia di Savona,60,1.27,0.1,0,0.1,ROSSO
dentisti,Provincia di Barletta-Andria-Trani,60,1.01,0.1,0,0.1,ROSSO
dentisti,Provincia di Arezzo,60,0.6,0.1,0,0.1,ROSSO
dentisti,Provincia autonoma di Bolzano - Alto Adige,60,1.73,0.1,0,0.1,ROSSO
dentisti,Provincia di Macerata,60,0.42,0.1,0,0.1,ROSSO
dentisti,Provincia di Pistoia,60,3.75,0.1,0,0.1,ROSSO
dentisti,Provincia di Prato,60,3.16,0.1,0,0.1,ROSSO
dentisti,Provincia di Viterbo,50,0.61,0.1,0,0.1,ROSSO
dentisti,Provincia di Siena,50,1.38,0.1,0,0.1,ROSSO
dentisti,Provincia di Rovigo,50,0.97,0.1,0,0.1,ROSSO
dentisti,Provincia di Lodi,50,2.26,0.1,0,0.1,ROSSO
dentisti,Provincia della Spezia,50,0.88,0.1,0,0.1,ROSSO
dentisti,Provincia di Massa e Carrara,50,2.21,0.1,0,0.1,ROSSO
dentisti,Provincia di Piacenza,50,1.18,0.1,0,0.1,ROSSO
dentisti,Provincia di Vercelli,40,0.62,0.1,0,0.1,ROSSO
dentisti,Provincia di Campobasso,40,0.78,0.1,0,0.1,ROSSO
dentisti,Provincia di Belluno,40,1.1,0.1,0,0.1,ROSSO
dentisti,Provincia di Sondrio,40,1.25,0.1,0,0.1,ROSSO
dentisti,Provincia di Asti,40,1.36,0.1,0,0.1,ROSSO
dentisti,Provincia di Imperia,40,1.14,0.1,0,0.1,ROSSO
dentisti,Provincia di Terni,40,0.95,0.1,0,0.1,ROSSO
dentisti,Provincia di Ascoli Piceno,40,1.95,0.1,0,0.1,ROSSO
dentisti,Provincia di Carbonia-Iglesias,40,0.93,0.1,0,0.1,ROSSO
dentisti,Provincia di Gorizia,40,0.88,0.1,0,0.1,ROSSO
dentisti,Provincia di Oristano,40,1.33,0.1,0,0.1,ROSSO
dentisti,Provincia di Matera,40,0.79,0.1,0,0.1,ROSSO
dentisti,Provincia di Grosseto,40,1.34,0.1,0,0.1,ROSSO
dentisti,Provincia di Vibo Valentia,30,0.41,0.1,0,0.0,ROSSO
dentisti,Provincia di Nuoro,30,1.6,0.1,0,0.0,ROSSO
dentisti,Provincia di Crotone,30,0.86,0.1,0,0.0,ROSSO
dentisti,Provincia di Biella,30,0.72,0.1,0,0.0,ROSSO
dentisti,Provincia di Fermo,30,0.96,0.1,0,0.0,ROSSO
dentisti,Provincia di Rieti,30,0.83,0.1,0,0.0,ROSSO
dentisti,Provincia di Isernia,20,1.23,0.0,0,0.0,ROSSO
depilazione_laser,Città metropolitana di Milano,12350,1.16,28.8,10,17.3,VERDE
depilazione_laser,Città metropolitana di Roma Capitale,6620,0.98,15.4,10,9.3,VERDE
depilazione_laser,Città Metropolitana di Napoli,2640,0.66,6.2,10,3.7,VERDE
depilazione_laser,Città Metropolitana di Torino,2230,1.13,5.2,10,3.1,VERDE
depilazione_laser,Città Metropolitana di Bologna,1510,1.25,3.5,10,2.1,VERDE
depilazione_laser,Città Metropolitana di Firenze,1060,1.02,2.5,10,1.5,VERDE
depilazione_laser,Provincia di Brescia,1020,1.19,2.4,10,1.4,VERDE
depilazione_laser,Provincia di Bergamo,990,1.32,2.3,10,1.4,VERDE
depilazione_laser,Provincia di Padova,960,1.26,2.2,10,1.3,VERDE
depilazione_laser,Città metropolitana di Palermo,960,0.82,2.2,10,1.3,VERDE
depilazione_laser,Città Metropolitana di Bari,960,0.54,2.2,10,1.3,VERDE
depilazione_laser,Provincia di Verona,810,1.07,1.9,10,1.1,GIALLO
depilazione_laser,Provincia di Monza e della Brianza,790,1.28,1.8,10,1.1,GIALLO
depilazione_laser,Città metropolitana di Catania,760,0.73,1.8,10,1.1,GIALLO
depilazione_laser,Città Metropolitana di Venezia,680,0.97,1.6,10,1.0,GIALLO
depilazione_laser,Provincia di Varese,670,1.36,1.6,10,0.9,GIALLO
depilazione_laser,Provincia di Salerno,660,0.77,1.5,10,0.9,GIALLO
depilazione_laser,Provincia di Treviso,640,1.33,1.5,10,0.9,GIALLO
depilazione_laser,Provincia di Vicenza,610,1.33,1.4,10,0.9,GIALLO
depilazione_laser,Città Metropolitana di Genova,500,0.78,1.2,10,0.7,GIALLO
depilazione_laser,Provincia di Caserta,490,0.77,1.1,10,0.7,GIALLO
depilazione_laser,Città metropolitana di Cagliari,460,0.81,1.1,10,0.6,GIALLO
depilazione_laser,Provincia di Como,440,1.17,1.0,10,0.6,GIALLO
depilazione_laser,Provincia di Modena,380,1.15,0.9,0,0.5,ROSSO
depilazione_laser,Provincia di Reggio Emilia,330,1.31,0.8,0,0.5,ROSSO
depilazione_laser,Provincia di Perugia,310,0.85,0.7,0,0.4,ROSSO
depilazione_laser,Provincia di Lecce,310,0.42,0.7,0,0.4,ROSSO
depilazione_laser,Provincia autonoma di Trento,310,0.93,0.7,0,0.4,ROSSO
depilazione_laser,Provincia di Pavia,300,1.37,0.7,0,0.4,ROSSO
depilazione_laser,Provincia di Cuneo,280,1.25,0.7,0,0.4,ROSSO
depilazione_laser,Provincia di Rimini,270,1.42,0.6,0,0.4,ROSSO
depilazione_laser,Provincia di Ancona,260,0.48,0.6,0,0.4,ROSSO
depilazione_laser,Provincia di Taranto,250,0.5,0.6,0,0.4,ROSSO
depilazione_laser,Provincia di Mantova,240,1.26,0.6,0,0.3,ROSSO
depilazione_laser,Provincia di Trieste,240,0.87,0.6,0,0.3,ROSSO
depilazione_laser,Provincia di Novara,240,1.23,0.6,0,0.3,ROSSO
depilazione_laser,Città metropolitana di Messina,240,0.56,0.6,0,0.3,ROSSO
depilazione_laser,Provincia di Lecco,240,1.27,0.6,0,0.3,ROSSO
depilazione_laser,Città metropolitana di Reggio Calabria,230,0.66,0.5,0,0.3,ROSSO
depilazione_laser,Provincia di Pescara,220,0.62,0.5,0,0.3,ROSSO
depilazione_laser,Provincia di Parma,210,1.06,0.5,0,0.3,ROSSO
depilazione_laser,Provincia di Latina,210,0.82,0.5,0,0.3,ROSSO
depilazione_laser,Provincia di Lucca,210,0.88,0.5,0,0.3,ROSSO
depilazione_laser,Provincia di Cosenza,200,0.54,0.5,0,0.3,ROSSO
depilazione_laser,Provincia di Pisa,190,0.72,0.4,0,0.3,ROSSO
depilazione_laser,Provincia di Livorno,190,0.75,0.4,0,0.3,ROSSO
depilazione_laser,Provincia di Avellino,180,0.49,0.4,0,0.3,ROSSO
depilazione_laser,Provincia di Foggia,180,0.87,0.4,0,0.3,ROSSO
depilazione_laser,Provincia di Potenza,180,0.53,0.4,0,0.3,ROSSO
depilazione_laser,Provincia di Alessandria,170,0.69,0.4,0,0.2,ROSSO
depilazione_laser,Provincia di Catanzaro,160,0.59,0.4,0,0.2,ROSSO
depilazione_laser,Città metropolitana di Sassari,160,1.08,0.4,0,0.2,ROSSO
depilazione_laser,Provincia di Forlì-Cesena,160,1.02,0.4,0,0.2,ROSSO
depilazione_laser,Provincia di Ravenna,160,0.83,0.4,0,0.2,ROSSO
depilazione_laser,Provincia di Ferrara,150,0.85,0.4,0,0.2,ROSSO
depilazione_laser,Provincia di Cremona,150,1.04,0.4,0,0.2,ROSSO
depilazione_laser,Provincia di Frosinone,150,0.55,0.4,0,0.2,ROSSO
depilazione_laser,Provincia autonoma di Bolzano - Alto Adige,140,1.19,0.3,0,0.2,ROSSO
depilazione_laser,Provincia di Pesaro e Urbino,130,0.7,0.3,0,0.2,ROSSO
depilazione_laser,Provincia di Pordenone,120,1.22,0.3,0,0.2,ROSSO
depilazione_laser,Provincia di Savona,110,0.73,0.3,0,0.2,ROSSO
depilazione_laser,Provincia di Pistoia,110,0.84,0.3,0,0.2,ROSSO
depilazione_laser,Provincia di Chieti,110,0.55,0.3,0,0.2,ROSSO
depilazione_laser,Provincia di Barletta-Andria-Trani,110,0.54,0.3,0,0.2,ROSSO
depilazione_laser,Provincia di Prato,110,0.84,0.3,0,0.2,ROSSO
depilazione_laser,Provincia di Teramo,110,0.45,0.3,0,0.2,ROSSO
depilazione_laser,Provincia di Siena,100,0.62,0.2,0,0.1,ROSSO
depilazione_laser,Provincia di Brindisi,100,0.46,0.2,0,0.1,ROSSO
depilazione_laser,Provincia di Arezzo,100,0.8,0.2,0,0.1,ROSSO
depilazione_laser,Provincia di Rovigo,100,1.03,0.2,0,0.1,ROSSO
depilazione_laser,Provincia di Macerata,100,0.51,0.2,0,0.1,ROSSO
depilazione_laser,Provincia di Lodi,100,1.15,0.2,0,0.1,ROSSO
depilazione_laser,Provincia di Viterbo,90,0.64,0.2,0,0.1,ROSSO
depilazione_laser,Provincia di Benevento,80,0.56,0.2,0,0.1,ROSSO
depilazione_laser,Provincia di Belluno,80,0.82,0.2,0,0.1,ROSSO
depilazione_laser,Provincia di Piacenza,80,0.99,0.2,0,0.1,ROSSO
depilazione_laser,Provincia di Grosseto,80,0.77,0.2,0,0.1,ROSSO
depilazione_laser,Provincia dell'Aquila,80,0.68,0.2,0,0.1,ROSSO
depilazione_laser,Provincia della Spezia,70,1.38,0.2,0,0.1,ROSSO
depilazione_laser,Provincia di Massa e Carrara,70,1.65,0.2,0,0.1,ROSSO
depilazione_laser,Provincia di Ascoli Piceno,70,0.75,0.2,0,0.1,ROSSO
depilazione_laser,Provincia di Fermo,70,0.61,0.2,0,0.1,ROSSO
depilazione_laser,Provincia di Biella,60,0.96,0.1,0,0.1,ROSSO
depilazione_laser,Provincia di Terni,60,1.42,0.1,0,0.1,ROSSO
depilazione_laser,Provincia di Oristano,60,0.58,0.1,0,0.1,ROSSO
depilazione_laser,Provincia di Sondrio,50,0.69,0.1,0,0.1,ROSSO
depilazione_laser,Provincia di Gorizia,50,0.68,0.1,0,0.1,ROSSO
depilazione_laser,Provincia di Imperia,50,0.54,0.1,0,0.1,ROSSO
depilazione_laser,Provincia di Campobasso,40,0.43,0.1,0,0.1,ROSSO
depilazione_laser,Provincia di Matera,40,0.7,0.1,0,0.1,ROSSO
depilazione_laser,Provincia di Nuoro,40,0.7,0.1,0,0.1,ROSSO
depilazione_laser,Provincia di Rieti,40,0.69,0.1,0,0.1,ROSSO
depilazione_laser,Provincia di Asti,40,1.09,0.1,0,0.1,ROSSO
depilazione_laser,Provincia di Carbonia-Iglesias,40,0.77,0.1,0,0.1,ROSSO
depilazione_laser,Provincia di Crotone,30,0.55,0.1,0,0.0,ROSSO
depilazione_laser,Provincia di Vercelli,30,1.31,0.1,0,0.0,ROSSO
depilazione_laser,Provincia di Vibo Valentia,30,0.97,0.1,0,0.0,ROSSO
depilazione_laser,Provincia di Isernia,10,0,0.0,0,0.0,ROSSO
disinfestazione,Città metropolitana di Milano,1150,2.03,2.7,10,1.6,VERDE
disinfestazione,Città metropolitana di Roma Capitale,570,4.15,1.3,10,0.8,GIALLO
disinfestazione,Città Metropolitana di Napoli,270,1.36,0.6,0,0.4,ROSSO
disinfestazione,Città Metropolitana di Torino,190,2.59,0.4,0,0.3,ROSSO
disinfestazione,Città Metropolitana di Bologna,180,3.19,0.4,0,0.3,ROSSO
disinfestazione,Provincia di Verona,140,1.48,0.3,0,0.2,ROSSO
disinfestazione,Città metropolitana di Palermo,140,1.02,0.3,0,0.2,ROSSO
disinfestazione,Città Metropolitana di Firenze,140,1.59,0.3,0,0.2,ROSSO
disinfestazione,Città metropolitana di Cagliari,110,1.19,0.3,0,0.2,ROSSO
disinfestazione,Città Metropolitana di Bari,100,2.14,0.2,0,0.1,ROSSO
disinfestazione,Provincia di Brescia,100,2.5,0.2,0,0.1,ROSSO
disinfestazione,Provincia di Padova,90,1.18,0.2,0,0.1,ROSSO
disinfestazione,Provincia di Varese,80,1.89,0.2,0,0.1,ROSSO
disinfestazione,Città metropolitana di Catania,80,2.76,0.2,0,0.1,ROSSO
disinfestazione,Provincia di Pescara,80,0.84,0.2,0,0.1,ROSSO
disinfestazione,Città Metropolitana di Venezia,70,1.26,0.2,0,0.1,ROSSO
disinfestazione,Provincia di Bergamo,70,3.01,0.2,0,0.1,ROSSO
disinfestazione,Provincia di Rimini,70,2.8,0.2,0,0.1,ROSSO
disinfestazione,Provincia di Monza e della Brianza,70,1.82,0.2,0,0.1,ROSSO
disinfestazione,Provincia di Vicenza,60,2.65,0.1,0,0.1,ROSSO
disinfestazione,Provincia di Caserta,60,2.02,0.1,0,0.1,ROSSO
disinfestazione,Città metropolitana di Sassari,60,3.0,0.1,0,0.1,ROSSO
disinfestazione,Provincia di Pisa,60,1.46,0.1,0,0.1,ROSSO
disinfestazione,Provincia di Lecce,60,1.56,0.1,0,0.1,ROSSO
disinfestazione,Provincia di Treviso,60,1.73,0.1,0,0.1,ROSSO
disinfestazione,Provincia di Modena,60,5.85,0.1,0,0.1,ROSSO
disinfestazione,Provincia di Salerno,50,0.77,0.1,0,0.1,ROSSO
disinfestazione,Provincia di Ancona,50,1.3,0.1,0,0.1,ROSSO
disinfestazione,Provincia di Perugia,50,1.95,0.1,0,0.1,ROSSO
disinfestazione,Provincia di Novara,50,1.58,0.1,0,0.1,ROSSO
disinfestazione,Provincia di Como,50,2.18,0.1,0,0.1,ROSSO
disinfestazione,Provincia di Livorno,50,1.06,0.1,0,0.1,ROSSO
disinfestazione,Città Metropolitana di Genova,50,1.32,0.1,0,0.1,ROSSO
disinfestazione,Provincia di Ferrara,40,2.51,0.1,0,0.1,ROSSO
disinfestazione,Provincia di Pistoia,40,4.32,0.1,0,0.1,ROSSO
disinfestazione,Provincia di Prato,40,3.6,0.1,0,0.1,ROSSO
disinfestazione,Provincia di Lucca,40,1.34,0.1,0,0.1,ROSSO
disinfestazione,Provincia di Teramo,30,0.76,0.1,0,0.0,ROSSO
disinfestazione,Provincia autonoma di Trento,30,1.86,0.1,0,0.0,ROSSO
disinfestazione,Provincia di Trieste,30,0.91,0.1,0,0.0,ROSSO
disinfestazione,Provincia di Pavia,30,1.31,0.1,0,0.0,ROSSO
disinfestazione,Provincia di Pordenone,30,1.17,0.1,0,0.0,ROSSO
disinfestazione,Provincia di Pesaro e Urbino,30,0.7,0.1,0,0.0,ROSSO
disinfestazione,Città metropolitana di Reggio Calabria,30,1.99,0.1,0,0.0,ROSSO
disinfestazione,Provincia di Forlì-Cesena,30,3.08,0.1,0,0.0,ROSSO
disinfestazione,Provincia di Cremona,30,1.47,0.1,0,0.0,ROSSO
disinfestazione,Provincia di Viterbo,30,1.7,0.1,0,0.0,ROSSO
disinfestazione,Provincia di Parma,30,4.45,0.1,0,0.0,ROSSO
disinfestazione,Provincia di Campobasso,30,3.2,0.1,0,0.0,ROSSO
disinfestazione,Provincia di Cuneo,30,1.54,0.1,0,0.0,ROSSO
disinfestazione,Provincia di Alessandria,30,1.33,0.1,0,0.0,ROSSO
disinfestazione,Provincia di Asti,30,3.08,0.1,0,0.0,ROSSO
disinfestazione,Provincia di Latina,30,1.98,0.1,0,0.0,ROSSO
disinfestazione,Provincia di Arezzo,30,1.76,0.1,0,0.0,ROSSO
disinfestazione,Provincia di Carbonia-Iglesias,30,2.27,0.1,0,0.0,ROSSO
disinfestazione,Provincia di Oristano,30,0.53,0.1,0,0.0,ROSSO
disinfestazione,Provincia di Ravenna,30,4.39,0.1,0,0.0,ROSSO
disinfestazione,Provincia di Imperia,30,0.91,0.1,0,0.0,ROSSO
disinfestazione,Provincia di Siena,20,0.99,0.0,0,0.0,ROSSO
disinfestazione,Provincia di Mantova,20,1.1,0.0,0,0.0,ROSSO
disinfestazione,Provincia di Cosenza,20,0.42,0.0,0,0.0,ROSSO
disinfestazione,Provincia di Brindisi,20,0.46,0.0,0,0.0,ROSSO
disinfestazione,Provincia di Belluno,20,0.33,0.0,0,0.0,ROSSO
disinfestazione,Provincia di Frosinone,20,0.78,0.0,0,0.0,ROSSO
disinfestazione,Provincia di Sondrio,20,0.64,0.0,0,0.0,ROSSO
disinfestazione,Provincia di Ascoli Piceno,20,1.06,0.0,0,0.0,ROSSO
disinfestazione,Provincia di Rovigo,20,0.93,0.0,0,0.0,ROSSO
disinfestazione,Provincia di Avellino,20,1.16,0.0,0,0.0,ROSSO
disinfestazione,Provincia di Chieti,20,0.52,0.0,0,0.0,ROSSO
disinfestazione,Provincia di Nuoro,20,1.33,0.0,0,0.0,ROSSO
disinfestazione,Provincia di Potenza,20,0.5,0.0,0,0.0,ROSSO
disinfestazione,Provincia dell'Aquila,20,0.38,0.0,0,0.0,ROSSO
disinfestazione,Provincia di Reggio Emilia,20,1.88,0.0,0,0.0,ROSSO
disinfestazione,Provincia di Taranto,20,0.77,0.0,0,0.0,ROSSO
disinfestazione,Provincia di Lodi,20,1.22,0.0,0,0.0,ROSSO
disinfestazione,Provincia di Gorizia,20,0.62,0.0,0,0.0,ROSSO
disinfestazione,Provincia di Massa e Carrara,20,1.62,0.0,0,0.0,ROSSO
disinfestazione,Provincia di Foggia,20,0.36,0.0,0,0.0,ROSSO
disinfestazione,Provincia di Grosseto,20,0.89,0.0,0,0.0,ROSSO
disinfestazione,Provincia di Biella,20,1.6,0.0,0,0.0,ROSSO
disinfestazione,Provincia di Piacenza,20,1.9,0.0,0,0.0,ROSSO
disinfestazione,Provincia di Savona,20,0.74,0.0,0,0.0,ROSSO
disinfestazione,Provincia della Spezia,20,0.91,0.0,0,0.0,ROSSO
disinfestazione,Provincia autonoma di Bolzano - Alto Adige,20,0.8,0.0,0,0.0,ROSSO
disinfestazione,Provincia di Catanzaro,20,0.44,0.0,0,0.0,ROSSO
disinfestazione,Provincia di Lecco,20,1.66,0.0,0,0.0,ROSSO
disinfestazione,Provincia di Macerata,20,1.29,0.0,0,0.0,ROSSO
disinfestazione,Provincia di Fermo,20,1.46,0.0,0,0.0,ROSSO
disinfestazione,Provincia di Crotone,10,0,0.0,0,0.0,ROSSO
disinfestazione,Provincia di Vercelli,10,0,0.0,0,0.0,ROSSO
disinfestazione,Città metropolitana di Messina,10,0,0.0,0,0.0,ROSSO
disinfestazione,Provincia di Barletta-Andria-Trani,10,0,0.0,0,0.0,ROSSO
disinfestazione,Provincia di Matera,10,0,0.0,0,0.0,ROSSO
disinfestazione,Provincia di Terni,10,0,0.0,0,0.0,ROSSO
disinfestazione,Provincia di Rieti,10,0,0.0,0,0.0,ROSSO
disinfestazione,Provincia di Isernia,10,0,0.0,0,0.0,ROSSO
disinfestazione,Provincia di Benevento,10,0,0.0,0,0.0,ROSSO
disinfestazione,Provincia di Vibo Valentia,10,0,0.0,0,0.0,ROSSO
elettrodomestici,Città metropolitana di Milano,201850,0.3,471.0,10,282.7,VERDE
elettrodomestici,Città metropolitana di Roma Capitale,116050,0.29,270.8,10,162.5,VERDE
elettrodomestici,Città Metropolitana di Napoli,48740,0.26,113.7,10,68.3,VERDE
elettrodomestici,Città Metropolitana di Torino,40300,0.28,94.0,10,56.4,VERDE
elettrodomestici,Città Metropolitana di Bologna,26990,0.29,63.0,10,37.8,VERDE
elettrodomestici,Città Metropolitana di Firenze,21180,0.28,49.4,10,29.7,VERDE
elettrodomestici,Città Metropolitana di Bari,20060,0.26,46.8,10,28.1,VERDE
elettrodomestici,Provincia di Brescia,18750,0.31,43.8,10,26.3,VERDE
elettrodomestici,Città metropolitana di Palermo,16970,0.29,39.6,10,23.8,VERDE
elettrodomestici,Provincia di Bergamo,16780,0.31,39.2,10,23.5,VERDE
elettrodomestici,Provincia di Padova,16380,0.28,38.2,10,22.9,VERDE
elettrodomestici,Provincia di Verona,13130,0.28,30.6,10,18.4,VERDE
elettrodomestici,Provincia di Varese,12530,0.3,29.2,10,17.5,VERDE
elettrodomestici,Provincia di Salerno,12100,0.28,28.2,10,16.9,VERDE
elettrodomestici,Provincia di Monza e della Brianza,12050,0.32,28.1,10,16.9,VERDE
elettrodomestici,Città Metropolitana di Genova,12040,0.31,28.1,10,16.9,VERDE
elettrodomestici,Città metropolitana di Catania,11850,0.25,27.7,10,16.6,VERDE
elettrodomestici,Città Metropolitana di Venezia,11640,0.31,27.2,10,16.3,VERDE
elettrodomestici,Provincia di Vicenza,11330,0.3,26.4,10,15.9,VERDE
elettrodomestici,Città metropolitana di Cagliari,11150,0.3,26.0,10,15.6,VERDE
elettrodomestici,Provincia di Treviso,10430,0.29,24.3,10,14.6,VERDE
elettrodomestici,Provincia di Caserta,9350,0.25,21.8,10,13.1,VERDE
elettrodomestici,Provincia di Como,7860,0.31,18.3,10,11.0,VERDE
elettrodomestici,Provincia di Modena,7620,0.28,17.8,10,10.7,VERDE
elettrodomestici,Provincia di Lecce,6720,0.27,15.7,10,9.4,VERDE
elettrodomestici,Provincia di Perugia,6380,0.33,14.9,10,8.9,VERDE
elettrodomestici,Provincia di Ancona,6350,0.26,14.8,10,8.9,VERDE
elettrodomestici,Provincia di Pescara,6050,0.26,14.1,10,8.5,VERDE
elettrodomestici,Provincia di Pavia,5980,0.31,14.0,10,8.4,VERDE
elettrodomestici,Provincia autonoma di Trento,5970,0.31,13.9,10,8.4,VERDE
elettrodomestici,Provincia di Trieste,5660,0.29,13.2,10,7.9,VERDE
elettrodomestici,Provincia di Reggio Emilia,5650,0.32,13.2,10,7.9,VERDE
elettrodomestici,Provincia di Cuneo,5540,0.29,12.9,10,7.8,VERDE
elettrodomestici,Città metropolitana di Sassari,5370,0.38,12.5,10,7.5,VERDE
elettrodomestici,Provincia di Pisa,5170,0.27,12.1,10,7.2,VERDE
elettrodomestici,Provincia di Lucca,4960,0.28,11.6,10,6.9,VERDE
elettrodomestici,Provincia di Taranto,4920,0.25,11.5,10,6.9,VERDE
elettrodomestici,Provincia di Novara,4810,0.3,11.2,10,6.7,VERDE
elettrodomestici,Provincia di Rimini,4770,0.28,11.1,10,6.7,VERDE
elettrodomestici,Provincia di Cosenza,4650,0.3,10.9,10,6.5,VERDE
elettrodomestici,Provincia di Latina,4620,0.29,10.8,10,6.5,VERDE
elettrodomestici,Città metropolitana di Reggio Calabria,4540,0.27,10.6,10,6.4,VERDE
elettrodomestici,Provincia di Parma,4470,0.29,10.4,10,6.3,VERDE
elettrodomestici,Provincia di Livorno,4430,0.32,10.3,10,6.2,VERDE
elettrodomestici,Città metropolitana di Messina,4030,0.25,9.4,10,5.6,VERDE
elettrodomestici,Provincia di Foggia,3930,0.32,9.2,10,5.5,VERDE
elettrodomestici,Provincia di Mantova,3920,0.29,9.1,10,5.5,VERDE
elettrodomestici,Provincia di Avellino,3850,0.27,9.0,10,5.4,VERDE
elettrodomestici,Provincia di Cremona,3780,0.32,8.8,10,5.3,VERDE
elettrodomestici,Provincia di Frosinone,3670,0.26,8.6,10,5.1,VERDE
elettrodomestici,Provincia di Alessandria,3470,0.31,8.1,10,4.9,VERDE
elettrodomestici,Provincia di Lecco,3370,0.3,7.9,10,4.7,VERDE
elettrodomestici,Provincia di Ravenna,3340,0.3,7.8,10,4.7,VERDE
elettrodomestici,Provincia di Potenza,3330,0.26,7.8,10,4.7,VERDE
elettrodomestici,Provincia di Forlì-Cesena,3300,0.31,7.7,10,4.6,VERDE
elettrodomestici,Provincia di Ferrara,3180,0.29,7.4,10,4.5,VERDE
elettrodomestici,Provincia di Pesaro e Urbino,3180,0.24,7.4,10,4.5,VERDE
elettrodomestici,Provincia di Chieti,3090,0.31,7.2,10,4.3,VERDE
elettrodomestici,Provincia di Arezzo,2980,0.27,7.0,10,4.2,VERDE
elettrodomestici,Provincia di Siena,2850,0.3,6.7,10,4.0,VERDE
elettrodomestici,Provincia di Pistoia,2830,0.36,6.6,10,4.0,VERDE
elettrodomestici,Provincia di Catanzaro,2670,0.27,6.2,10,3.7,VERDE
elettrodomestici,Provincia autonoma di Bolzano - Alto Adige,2660,0.33,6.2,10,3.7,VERDE
elettrodomestici,Provincia di Viterbo,2590,0.36,6.0,10,3.6,VERDE
elettrodomestici,Provincia di Brindisi,2580,0.31,6.0,10,3.6,VERDE
elettrodomestici,Provincia di Pordenone,2530,0.31,5.9,10,3.5,VERDE
elettrodomestici,Provincia di Prato,2430,0.23,5.7,10,3.4,VERDE
elettrodomestici,Provincia di Savona,2420,0.3,5.6,10,3.4,VERDE
elettrodomestici,Provincia di Piacenza,2370,0.28,5.5,10,3.3,VERDE
elettrodomestici,Provincia di Teramo,2220,0.3,5.2,10,3.1,VERDE
elettrodomestici,Provincia di Macerata,2210,0.25,5.2,10,3.1,VERDE
elettrodomestici,Provincia dell'Aquila,2210,0.31,5.2,10,3.1,VERDE
elettrodomestici,Provincia di Barletta-Andria-Trani,2050,0.28,4.8,10,2.9,VERDE
elettrodomestici,Provincia di Lodi,2010,0.3,4.7,10,2.8,VERDE
elettrodomestici,Provincia della Spezia,1930,0.27,4.5,10,2.7,VERDE
elettrodomestici,Provincia di Massa e Carrara,1910,0.3,4.5,10,2.7,VERDE
elettrodomestici,Provincia di Grosseto,1880,0.3,4.4,10,2.6,VERDE
elettrodomestici,Provincia di Belluno,1820,0.31,4.2,10,2.5,VERDE
elettrodomestici,Provincia di Terni,1750,0.23,4.1,10,2.5,VERDE
elettrodomestici,Provincia di Rovigo,1740,0.26,4.1,10,2.4,VERDE
elettrodomestici,Provincia di Imperia,1680,0.37,3.9,10,2.4,VERDE
elettrodomestici,Provincia di Benevento,1630,0.27,3.8,10,2.3,VERDE
elettrodomestici,Provincia di Nuoro,1320,0.33,3.1,10,1.8,VERDE
elettrodomestici,Provincia di Asti,1320,0.28,3.1,10,1.8,VERDE
elettrodomestici,Provincia di Ascoli Piceno,1310,0.27,3.1,10,1.8,VERDE
elettrodomestici,Provincia di Sondrio,1240,0.31,2.9,10,1.7,VERDE
elettrodomestici,Provincia di Fermo,1170,0.24,2.7,10,1.6,VERDE
elettrodomestici,Provincia di Biella,1160,0.34,2.7,10,1.6,VERDE
elettrodomestici,Provincia di Vercelli,1100,0.3,2.6,10,1.5,VERDE
elettrodomestici,Provincia di Campobasso,1100,0.24,2.6,10,1.5,VERDE
elettrodomestici,Provincia di Oristano,1060,0.29,2.5,10,1.5,VERDE
elettrodomestici,Provincia di Rieti,980,0.27,2.3,10,1.4,VERDE
elettrodomestici,Provincia di Carbonia-Iglesias,920,0.35,2.1,10,1.3,VERDE
elettrodomestici,Provincia di Gorizia,910,0.31,2.1,10,1.3,VERDE
elettrodomestici,Provincia di Matera,900,0.25,2.1,10,1.3,VERDE
elettrodomestici,Provincia di Vibo Valentia,710,0.27,1.7,10,1.0,GIALLO
elettrodomestici,Provincia di Crotone,550,0.29,1.3,10,0.8,GIALLO
elettrodomestici,Provincia di Isernia,330,0.26,0.8,0,0.5,ROSSO
ems_personal,Città metropolitana di Milano,9280,1.23,21.7,10,13.0,VERDE
ems_personal,Città metropolitana di Roma Capitale,5060,1.22,11.8,10,7.1,VERDE
ems_personal,Città Metropolitana di Napoli,2150,2.16,5.0,11,3.0,VERDE
ems_personal,Città Metropolitana di Torino,1720,1.06,4.0,10,2.4,VERDE
ems_personal,Città Metropolitana di Bologna,980,0.91,2.3,10,1.4,VERDE
ems_personal,Città Metropolitana di Firenze,880,1.28,2.1,10,1.2,VERDE
ems_personal,Provincia di Brescia,810,1.37,1.9,10,1.1,GIALLO
ems_personal,Provincia di Padova,730,1.25,1.7,10,1.0,GIALLO
ems_personal,Provincia di Verona,720,0.92,1.7,10,1.0,GIALLO
ems_personal,Provincia di Bergamo,690,1.11,1.6,10,1.0,GIALLO
ems_personal,Città metropolitana di Palermo,670,1.05,1.6,10,0.9,GIALLO
ems_personal,Città Metropolitana di Bari,670,1.13,1.6,10,0.9,GIALLO
ems_personal,Provincia di Monza e della Brianza,600,1.11,1.4,10,0.8,GIALLO
ems_personal,Provincia di Salerno,580,0.72,1.4,10,0.8,GIALLO
ems_personal,Città metropolitana di Catania,510,0.85,1.2,10,0.7,GIALLO
ems_personal,Città metropolitana di Cagliari,470,0.84,1.1,10,0.7,GIALLO
ems_personal,Provincia di Vicenza,460,1.43,1.1,10,0.6,GIALLO
ems_personal,Provincia di Caserta,450,0.72,1.1,10,0.6,GIALLO
ems_personal,Provincia di Varese,430,1.45,1.0,10,0.6,GIALLO
ems_personal,Città Metropolitana di Venezia,400,1.05,0.9,0,0.6,ROSSO
ems_personal,Città Metropolitana di Genova,390,1.07,0.9,0,0.5,ROSSO
ems_personal,Provincia di Como,370,1.23,0.9,0,0.5,ROSSO
ems_personal,Provincia di Treviso,350,1.2,0.8,0,0.5,ROSSO
ems_personal,Provincia di Rimini,290,0.64,0.7,0,0.4,ROSSO
ems_personal,Città metropolitana di Messina,270,0.53,0.6,0,0.4,ROSSO
ems_personal,Provincia di Trieste,270,0.79,0.6,0,0.4,ROSSO
ems_personal,Provincia di Lecce,260,1.27,0.6,0,0.4,ROSSO
ems_personal,Provincia di Modena,260,1.35,0.6,0,0.4,ROSSO
ems_personal,Provincia di Ancona,250,0.81,0.6,0,0.4,ROSSO
ems_personal,Provincia di Perugia,230,1.27,0.5,0,0.3,ROSSO
ems_personal,Provincia di Pavia,210,1.14,0.5,0,0.3,ROSSO
ems_personal,Provincia di Cuneo,210,0.96,0.5,0,0.3,ROSSO
ems_personal,Provincia autonoma di Trento,210,1.0,0.5,0,0.3,ROSSO
ems_personal,Provincia di Pescara,200,0.7,0.5,0,0.3,ROSSO
ems_personal,Provincia di Taranto,190,0.36,0.4,0,0.3,ROSSO
ems_personal,Provincia di Macerata,180,0.54,0.4,0,0.3,ROSSO
ems_personal,Provincia di Ferrara,180,0.6,0.4,0,0.3,ROSSO
ems_personal,Provincia di Reggio Emilia,180,0.56,0.4,0,0.3,ROSSO
ems_personal,Città metropolitana di Sassari,180,1.94,0.4,0,0.3,ROSSO
ems_personal,Provincia di Novara,180,1.12,0.4,0,0.3,ROSSO
ems_personal,Provincia di Pisa,180,1.22,0.4,0,0.3,ROSSO
ems_personal,Provincia di Forlì-Cesena,170,2.38,0.4,0,0.2,ROSSO
ems_personal,Provincia di Latina,160,1.32,0.4,0,0.2,ROSSO
ems_personal,Provincia di Alessandria,160,1.54,0.4,0,0.2,ROSSO
ems_personal,Provincia di Pesaro e Urbino,150,1.2,0.4,0,0.2,ROSSO
ems_personal,Città metropolitana di Reggio Calabria,150,0.9,0.4,0,0.2,ROSSO
ems_personal,Provincia di Chieti,150,0,0.4,0,0.2,ROSSO
ems_personal,Provincia di Parma,150,0.96,0.4,0,0.2,ROSSO
ems_personal,Provincia di Cremona,150,1.27,0.4,0,0.2,ROSSO
ems_personal,Provincia di Mantova,150,0.84,0.4,0,0.2,ROSSO
ems_personal,Provincia di Lecco,150,1.15,0.4,0,0.2,ROSSO
ems_personal,Provincia di Foggia,150,1.26,0.4,0,0.2,ROSSO
ems_personal,Provincia di Lucca,150,1.29,0.4,0,0.2,ROSSO
ems_personal,Provincia di Livorno,140,2.13,0.3,0,0.2,ROSSO
ems_personal,Provincia di Frosinone,140,1.75,0.3,0,0.2,ROSSO
ems_personal,Provincia di Pordenone,140,0.4,0.3,0,0.2,ROSSO
ems_personal,Provincia di Siena,130,0.58,0.3,0,0.2,ROSSO
ems_personal,Provincia di Avellino,130,0.75,0.3,0,0.2,ROSSO
ems_personal,Provincia di Cosenza,130,0,0.3,0,0.2,ROSSO
ems_personal,Provincia di Ravenna,120,2.38,0.3,0,0.2,ROSSO
ems_personal,Provincia autonoma di Bolzano - Alto Adige,120,1.21,0.3,0,0.2,ROSSO
ems_personal,Provincia di Pistoia,120,0.84,0.3,0,0.2,ROSSO
ems_personal,Provincia di Potenza,120,1.02,0.3,0,0.2,ROSSO
ems_personal,Provincia di Brindisi,120,1.34,0.3,0,0.2,ROSSO
ems_personal,Provincia della Spezia,110,0.97,0.3,0,0.2,ROSSO
ems_personal,Provincia di Arezzo,110,1.15,0.3,0,0.2,ROSSO
ems_personal,Provincia di Piacenza,90,0.79,0.2,0,0.1,ROSSO
ems_personal,Provincia dell'Aquila,90,0.88,0.2,0,0.1,ROSSO
ems_personal,Provincia di Lodi,90,1.14,0.2,0,0.1,ROSSO
ems_personal,Provincia di Prato,90,0.82,0.2,0,0.1,ROSSO
ems_personal,Provincia di Teramo,80,1.02,0.2,0,0.1,ROSSO
ems_personal,Provincia di Rovigo,80,0.59,0.2,0,0.1,ROSSO
ems_personal,Provincia di Benevento,80,0.11,0.2,0,0.1,ROSSO
ems_personal,Provincia di Barletta-Andria-Trani,80,0,0.2,0,0.1,ROSSO
ems_personal,Provincia di Catanzaro,80,0,0.2,0,0.1,ROSSO
ems_personal,Provincia di Viterbo,80,0.58,0.2,0,0.1,ROSSO
ems_personal,Provincia di Massa e Carrara,80,1.42,0.2,0,0.1,ROSSO
ems_personal,Provincia di Ascoli Piceno,70,0.86,0.2,0,0.1,ROSSO
ems_personal,Provincia di Imperia,60,0,0.1,0,0.1,ROSSO
ems_personal,Provincia di Campobasso,60,0,0.1,0,0.1,ROSSO
ems_personal,Provincia di Gorizia,60,0.26,0.1,0,0.1,ROSSO
ems_personal,Provincia di Savona,60,0,0.1,0,0.1,ROSSO
ems_personal,Provincia di Grosseto,50,1.18,0.1,0,0.1,ROSSO
ems_personal,Provincia di Nuoro,50,0,0.1,0,0.1,ROSSO
ems_personal,Provincia di Terni,50,0.4,0.1,0,0.1,ROSSO
ems_personal,Provincia di Fermo,50,1.31,0.1,0,0.1,ROSSO
ems_personal,Provincia di Belluno,50,1.6,0.1,0,0.1,ROSSO
ems_personal,Provincia di Oristano,40,0,0.1,0,0.1,ROSSO
ems_personal,Provincia di Matera,40,0,0.1,0,0.1,ROSSO
ems_personal,Provincia di Biella,40,1.97,0.1,0,0.1,ROSSO
ems_personal,Provincia di Carbonia-Iglesias,40,0,0.1,0,0.1,ROSSO
ems_personal,Provincia di Asti,40,0,0.1,0,0.1,ROSSO
ems_personal,Provincia di Sondrio,40,1.74,0.1,0,0.1,ROSSO
ems_personal,Provincia di Crotone,30,0,0.1,0,0.0,ROSSO
ems_personal,Provincia di Vercelli,30,1.64,0.1,0,0.0,ROSSO
ems_personal,Provincia di Vibo Valentia,30,0,0.1,0,0.0,ROSSO
ems_personal,Provincia di Rieti,30,0,0.1,0,0.0,ROSSO
ems_personal,Provincia di Isernia,10,0,0.0,0,0.0,ROSSO
etichette,Città metropolitana di Milano,12200,1.42,28.5,10,17.1,VERDE
etichette,Città metropolitana di Roma Capitale,6130,1.28,14.3,10,8.6,VERDE
etichette,Città Metropolitana di Napoli,2960,1.05,6.9,10,4.1,VERDE
etichette,Città Metropolitana di Torino,2580,1.36,6.0,10,3.6,VERDE
etichette,Città Metropolitana di Bologna,1680,1.38,3.9,10,2.4,VERDE
etichette,Provincia di Brescia,1490,1.43,3.5,10,2.1,VERDE
etichette,Città Metropolitana di Firenze,1330,1.49,3.1,10,1.9,VERDE
etichette,Città Metropolitana di Bari,1240,1.33,2.9,10,1.7,VERDE
etichette,Provincia di Bergamo,1170,1.64,2.7,10,1.6,VERDE
etichette,Provincia di Padova,1080,1.37,2.5,10,1.5,VERDE
etichette,Città metropolitana di Palermo,1040,1.22,2.4,10,1.5,VERDE
etichette,Provincia di Verona,1040,1.4,2.4,10,1.5,VERDE
etichette,Provincia di Varese,960,1.6,2.2,10,1.3,VERDE
etichette,Provincia di Vicenza,900,1.69,2.1,10,1.3,VERDE
etichette,Città Metropolitana di Venezia,850,1.65,2.0,10,1.2,VERDE
etichette,Provincia di Treviso,840,1.45,2.0,10,1.2,VERDE
etichette,Provincia di Salerno,790,1.32,1.8,10,1.1,GIALLO
etichette,Provincia di Monza e della Brianza,790,1.54,1.8,10,1.1,GIALLO
etichette,Città metropolitana di Catania,760,1.06,1.8,10,1.1,GIALLO
etichette,Città Metropolitana di Genova,740,1.51,1.7,10,1.0,GIALLO
etichette,Città metropolitana di Cagliari,730,0.75,1.7,10,1.0,GIALLO
etichette,Provincia di Caserta,590,1.15,1.4,10,0.8,GIALLO
etichette,Provincia di Modena,590,1.23,1.4,10,0.8,GIALLO
etichette,Provincia autonoma di Trento,580,1.59,1.4,10,0.8,GIALLO
etichette,Provincia di Como,530,1.5,1.2,10,0.7,GIALLO
etichette,Provincia di Lecce,490,1.04,1.1,10,0.7,GIALLO
etichette,Provincia di Cuneo,460,1.37,1.1,10,0.6,GIALLO
etichette,Provincia di Perugia,460,1.51,1.1,10,0.6,GIALLO
etichette,Provincia di Reggio Emilia,440,1.6,1.0,10,0.6,GIALLO
etichette,Provincia di Pescara,420,1.02,1.0,10,0.6,GIALLO
etichette,Provincia di Ancona,410,1.5,1.0,10,0.6,GIALLO
etichette,Provincia di Pavia,400,1.36,0.9,0,0.6,ROSSO
etichette,Provincia di Rimini,390,1.4,0.9,0,0.5,ROSSO
etichette,Provincia di Mantova,380,1.3,0.9,0,0.5,ROSSO
etichette,Provincia di Lucca,370,4.35,0.9,0,0.5,ROSSO
etichette,Provincia di Parma,360,2.4,0.8,0,0.5,ROSSO
etichette,Provincia di Trieste,360,0.82,0.8,0,0.5,ROSSO
etichette,Provincia di Pisa,350,1.38,0.8,0,0.5,ROSSO
etichette,Provincia di Novara,340,1.33,0.8,0,0.5,ROSSO
etichette,Provincia di Taranto,340,0.81,0.8,0,0.5,ROSSO
etichette,Provincia di Avellino,330,0.93,0.8,0,0.5,ROSSO
etichette,Provincia di Cosenza,320,0.94,0.7,0,0.4,ROSSO
etichette,Città metropolitana di Messina,310,1.43,0.7,0,0.4,ROSSO
etichette,Provincia di Livorno,310,1.44,0.7,0,0.4,ROSSO
etichette,Città metropolitana di Sassari,300,1.47,0.7,0,0.4,ROSSO
etichette,Città metropolitana di Reggio Calabria,300,0.89,0.7,0,0.4,ROSSO
etichette,Provincia di Cremona,290,1.28,0.7,0,0.4,ROSSO
etichette,Provincia di Forlì-Cesena,290,1.31,0.7,0,0.4,ROSSO
etichette,Provincia di Potenza,280,1.06,0.7,0,0.4,ROSSO
etichette,Provincia autonoma di Bolzano - Alto Adige,280,1.33,0.7,0,0.4,ROSSO
etichette,Provincia di Lecco,280,1.24,0.7,0,0.4,ROSSO
etichette,Provincia di Ravenna,270,1.2,0.6,0,0.4,ROSSO
etichette,Provincia di Alessandria,270,1.23,0.6,0,0.4,ROSSO
etichette,Provincia di Foggia,260,1.11,0.6,0,0.4,ROSSO
etichette,Provincia di Latina,250,1.11,0.6,0,0.4,ROSSO
etichette,Provincia di Prato,250,1.6,0.6,0,0.4,ROSSO
etichette,Provincia di Frosinone,240,1.41,0.6,0,0.3,ROSSO
etichette,Provincia di Pesaro e Urbino,240,1.71,0.6,0,0.3,ROSSO
etichette,Provincia di Siena,230,1.55,0.5,0,0.3,ROSSO
etichette,Provincia di Arezzo,220,1.17,0.5,0,0.3,ROSSO
etichette,Provincia di Piacenza,210,1.22,0.5,0,0.3,ROSSO
etichette,Provincia di Savona,210,1.2,0.5,0,0.3,ROSSO
etichette,Provincia dell'Aquila,200,1.04,0.5,0,0.3,ROSSO
etichette,Provincia di Chieti,200,1.41,0.5,0,0.3,ROSSO
etichette,Provincia di Catanzaro,200,1.12,0.5,0,0.3,ROSSO
etichette,Provincia di Macerata,190,0.89,0.4,0,0.3,ROSSO
etichette,Provincia di Ferrara,190,1.33,0.4,0,0.3,ROSSO
etichette,Provincia di Viterbo,190,1.75,0.4,0,0.3,ROSSO
etichette,Provincia di Pordenone,180,1.42,0.4,0,0.3,ROSSO
etichette,Provincia di Teramo,180,1.4,0.4,0,0.3,ROSSO
etichette,Provincia di Pistoia,180,1.02,0.4,0,0.3,ROSSO
etichette,Provincia di Brindisi,180,0.8,0.4,0,0.3,ROSSO
etichette,Provincia di Barletta-Andria-Trani,170,1.07,0.4,0,0.2,ROSSO
etichette,Provincia di Belluno,170,1.34,0.4,0,0.2,ROSSO
etichette,Provincia di Sondrio,160,1.17,0.4,0,0.2,ROSSO
etichette,Provincia di Lodi,160,1.59,0.4,0,0.2,ROSSO
etichette,Provincia di Grosseto,140,1.38,0.3,0,0.2,ROSSO
etichette,Provincia di Imperia,140,1.65,0.3,0,0.2,ROSSO
etichette,Provincia di Benevento,140,1.27,0.3,0,0.2,ROSSO
etichette,Provincia della Spezia,130,1.19,0.3,0,0.2,ROSSO
etichette,Provincia di Terni,120,1.29,0.3,0,0.2,ROSSO
etichette,Provincia di Ascoli Piceno,120,1.96,0.3,0,0.2,ROSSO
etichette,Provincia di Campobasso,110,1.19,0.3,0,0.2,ROSSO
etichette,Provincia di Asti,110,2.11,0.3,0,0.2,ROSSO
etichette,Provincia di Fermo,110,1.48,0.3,0,0.2,ROSSO
etichette,Provincia di Rovigo,110,0.81,0.3,0,0.2,ROSSO
etichette,Provincia di Vercelli,110,1.13,0.3,0,0.2,ROSSO
etichette,Provincia di Massa e Carrara,110,1.3,0.3,0,0.2,ROSSO
etichette,Provincia di Oristano,90,0.81,0.2,0,0.1,ROSSO
etichette,Provincia di Matera,90,1.04,0.2,0,0.1,ROSSO
etichette,Provincia di Biella,90,1.41,0.2,0,0.1,ROSSO
etichette,Provincia di Carbonia-Iglesias,90,0.95,0.2,0,0.1,ROSSO
etichette,Provincia di Nuoro,90,1.27,0.2,0,0.1,ROSSO
etichette,Provincia di Gorizia,90,1.23,0.2,0,0.1,ROSSO
etichette,Provincia di Rieti,70,1.43,0.2,0,0.1,ROSSO
etichette,Provincia di Crotone,60,1.01,0.1,0,0.1,ROSSO
etichette,Provincia di Vibo Valentia,60,1.81,0.1,0,0.1,ROSSO
etichette,Provincia di Isernia,20,0.58,0.0,0,0.0,ROSSO
eventi_aziendali,Città metropolitana di Milano,700,3.24,1.6,10,1.0,GIALLO
eventi_aziendali,Città metropolitana di Roma Capitale,270,2.97,0.6,0,0.4,ROSSO
eventi_aziendali,Città Metropolitana di Torino,90,2.34,0.2,0,0.1,ROSSO
eventi_aziendali,Città Metropolitana di Napoli,70,1.8,0.2,0,0.1,ROSSO
eventi_aziendali,Provincia di Padova,50,2.84,0.1,0,0.1,ROSSO
eventi_aziendali,Città Metropolitana di Bologna,50,2.06,0.1,0,0.1,ROSSO
eventi_aziendali,Provincia di Bergamo,40,2.63,0.1,0,0.1,ROSSO
eventi_aziendali,Città Metropolitana di Genova,40,2.89,0.1,0,0.1,ROSSO
eventi_aziendali,Provincia di Varese,40,3.74,0.1,0,0.1,ROSSO
eventi_aziendali,Città Metropolitana di Bari,40,2.46,0.1,0,0.1,ROSSO
eventi_aziendali,Provincia di Vicenza,30,2.36,0.1,0,0.0,ROSSO
eventi_aziendali,Provincia di Monza e della Brianza,30,2.33,0.1,0,0.0,ROSSO
eventi_aziendali,Città Metropolitana di Venezia,30,2.72,0.1,0,0.0,ROSSO
eventi_aziendali,Città Metropolitana di Firenze,30,2.47,0.1,0,0.0,ROSSO
eventi_aziendali,Provincia di Treviso,30,2.46,0.1,0,0.0,ROSSO
eventi_aziendali,Provincia di Brescia,30,2.13,0.1,0,0.0,ROSSO
eventi_aziendali,Città metropolitana di Palermo,30,1.51,0.1,0,0.0,ROSSO
eventi_aziendali,Provincia di Como,20,1.51,0.0,0,0.0,ROSSO
eventi_aziendali,Provincia di Reggio Emilia,20,4.21,0.0,0,0.0,ROSSO
eventi_aziendali,Provincia di Lecce,20,2.03,0.0,0,0.0,ROSSO
eventi_aziendali,Provincia di Pordenone,20,1.41,0.0,0,0.0,ROSSO
eventi_aziendali,Provincia di Foggia,20,1.2,0.0,0,0.0,ROSSO
eventi_aziendali,Provincia di Rieti,20,1.05,0.0,0,0.0,ROSSO
eventi_aziendali,Provincia autonoma di Trento,20,1.18,0.0,0,0.0,ROSSO
eventi_aziendali,Provincia di Modena,20,2.21,0.0,0,0.0,ROSSO
eventi_aziendali,Città metropolitana di Cagliari,20,2.37,0.0,0,0.0,ROSSO
eventi_aziendali,Provincia di Pescara,20,1.28,0.0,0,0.0,ROSSO
eventi_aziendali,Provincia di Pistoia,20,2.22,0.0,0,0.0,ROSSO
eventi_aziendali,Provincia di Perugia,20,1.26,0.0,0,0.0,ROSSO
eventi_aziendali,Provincia di Pavia,20,3.76,0.0,0,0.0,ROSSO
eventi_aziendali,Provincia di Verona,20,3.08,0.0,0,0.0,ROSSO
eventi_aziendali,Città metropolitana di Messina,20,2.34,0.0,0,0.0,ROSSO
eventi_aziendali,Provincia di Avellino,20,0.93,0.0,0,0.0,ROSSO
eventi_aziendali,Provincia di Ravenna,20,2.66,0.0,0,0.0,ROSSO
eventi_aziendali,Città metropolitana di Catania,20,0.86,0.0,0,0.0,ROSSO
eventi_aziendali,Provincia di Rimini,20,2.14,0.0,0,0.0,ROSSO
eventi_aziendali,Provincia di Ascoli Piceno,20,2.68,0.0,0,0.0,ROSSO
eventi_aziendali,Provincia di Parma,20,1.56,0.0,0,0.0,ROSSO
eventi_aziendali,Provincia di Cuneo,20,1.59,0.0,0,0.0,ROSSO
eventi_aziendali,Provincia di Mantova,10,0,0.0,0,0.0,ROSSO
eventi_aziendali,Provincia di Latina,10,0,0.0,0,0.0,ROSSO
eventi_aziendali,Provincia di Cosenza,10,0,0.0,0,0.0,ROSSO
eventi_aziendali,Provincia di Crotone,10,0,0.0,0,0.0,ROSSO
eventi_aziendali,Provincia di Salerno,10,0,0.0,0,0.0,ROSSO
eventi_aziendali,Provincia di Trieste,10,0,0.0,0,0.0,ROSSO
eventi_aziendali,Provincia di Terni,10,0,0.0,0,0.0,ROSSO
eventi_aziendali,Provincia di Carbonia-Iglesias,10,0,0.0,0,0.0,ROSSO
eventi_aziendali,Provincia dell'Aquila,10,0,0.0,0,0.0,ROSSO
eventi_aziendali,Provincia di Arezzo,10,0,0.0,0,0.0,ROSSO
eventi_aziendali,Provincia di Novara,10,0,0.0,0,0.0,ROSSO
eventi_aziendali,Provincia di Matera,10,0,0.0,0,0.0,ROSSO
eventi_aziendali,Provincia di Sondrio,10,0,0.0,0,0.0,ROSSO
eventi_aziendali,Provincia di Frosinone,10,0,0.0,0,0.0,ROSSO
eventi_aziendali,Provincia di Belluno,10,0,0.0,0,0.0,ROSSO
eventi_aziendali,Provincia di Pesaro e Urbino,10,0,0.0,0,0.0,ROSSO
eventi_aziendali,Provincia di Asti,10,0,0.0,0,0.0,ROSSO
eventi_aziendali,Provincia di Ferrara,10,0,0.0,0,0.0,ROSSO
eventi_aziendali,Provincia di Vibo Valentia,10,0,0.0,0,0.0,ROSSO
eventi_aziendali,Provincia di Savona,10,0,0.0,0,0.0,ROSSO
eventi_aziendali,Provincia di Oristano,10,0,0.0,0,0.0,ROSSO
eventi_aziendali,Provincia di Pisa,10,0,0.0,0,0.0,ROSSO
eventi_aziendali,Provincia di Macerata,10,0,0.0,0,0.0,ROSSO
eventi_aziendali,Provincia di Caserta,10,0,0.0,0,0.0,ROSSO
eventi_aziendali,Provincia di Prato,10,0,0.0,0,0.0,ROSSO
eventi_aziendali,Provincia di Biella,10,0,0.0,0,0.0,ROSSO
eventi_aziendali,Provincia di Lucca,10,0,0.0,0,0.0,ROSSO
eventi_aziendali,Provincia di Grosseto,10,0,0.0,0,0.0,ROSSO
eventi_aziendali,Provincia di Cremona,10,0,0.0,0,0.0,ROSSO
eventi_aziendali,Provincia di Lodi,10,0,0.0,0,0.0,ROSSO
eventi_aziendali,Provincia di Fermo,10,0,0.0,0,0.0,ROSSO
eventi_aziendali,Provincia di Viterbo,10,0,0.0,0,0.0,ROSSO
eventi_aziendali,Provincia di Campobasso,10,0,0.0,0,0.0,ROSSO
eventi_aziendali,Provincia di Lecco,10,0,0.0,0,0.0,ROSSO
eventi_aziendali,Provincia di Potenza,10,0,0.0,0,0.0,ROSSO
eventi_aziendali,Provincia di Piacenza,10,0,0.0,0,0.0,ROSSO
eventi_aziendali,Provincia di Siena,10,0,0.0,0,0.0,ROSSO
eventi_aziendali,Provincia di Teramo,10,0,0.0,0,0.0,ROSSO
eventi_aziendali,Provincia di Taranto,10,0,0.0,0,0.0,ROSSO
eventi_aziendali,Provincia di Vercelli,10,0,0.0,0,0.0,ROSSO
eventi_aziendali,Provincia di Gorizia,10,0,0.0,0,0.0,ROSSO
eventi_aziendali,Provincia di Brindisi,10,0,0.0,0,0.0,ROSSO
eventi_aziendali,Provincia di Chieti,10,0,0.0,0,0.0,ROSSO
eventi_aziendali,Provincia di Alessandria,10,0,0.0,0,0.0,ROSSO
eventi_aziendali,Provincia della Spezia,10,0,0.0,0,0.0,ROSSO
eventi_aziendali,Provincia autonoma di Bolzano - Alto Adige,10,0,0.0,0,0.0,ROSSO
eventi_aziendali,Città metropolitana di Sassari,10,0,0.0,0,0.0,ROSSO
eventi_aziendali,Provincia di Massa e Carrara,10,0,0.0,0,0.0,ROSSO
eventi_aziendali,Provincia di Rovigo,10,0,0.0,0,0.0,ROSSO
eventi_aziendali,Provincia di Barletta-Andria-Trani,10,0,0.0,0,0.0,ROSSO
eventi_aziendali,Provincia di Forlì-Cesena,10,0,0.0,0,0.0,ROSSO
eventi_aziendali,Città metropolitana di Reggio Calabria,10,0,0.0,0,0.0,ROSSO
eventi_aziendali,Provincia di Livorno,10,0,0.0,0,0.0,ROSSO
eventi_aziendali,Provincia di Ancona,10,0,0.0,0,0.0,ROSSO
eventi_aziendali,Provincia di Isernia,10,0,0.0,0,0.0,ROSSO
eventi_aziendali,Provincia di Nuoro,10,0,0.0,0,0.0,ROSSO
eventi_aziendali,Provincia di Imperia,10,0,0.0,0,0.0,ROSSO
eventi_aziendali,Provincia di Benevento,10,0,0.0,0,0.0,ROSSO
eventi_aziendali,Provincia di Catanzaro,10,0,0.0,0,0.0,ROSSO
fabbro,Città metropolitana di Milano,13130,10.66,30.6,25,18.4,VERDE
fabbro,Città metropolitana di Roma Capitale,2370,12.82,5.5,25,3.3,VERDE
fabbro,Città Metropolitana di Bologna,1080,11.74,2.5,25,1.5,VERDE
fabbro,Città Metropolitana di Torino,1020,7.13,2.4,17,1.4,VERDE
fabbro,Provincia di Bergamo,720,8.74,1.7,15,1.0,GIALLO
fabbro,Provincia di Monza e della Brianza,540,12.21,1.3,16,0.8,GIALLO
fabbro,Provincia di Modena,280,6.08,0.7,0,0.4,ROSSO
fabbro,Provincia di Varese,260,10.97,0.6,0,0.4,ROSSO
fabbro,Provincia di Como,250,12.76,0.6,0,0.4,ROSSO
fabbro,Provincia di Verona,200,9.35,0.5,0,0.3,ROSSO
fabbro,Città Metropolitana di Napoli,170,3.88,0.4,0,0.2,ROSSO
fabbro,Provincia di Reggio Emilia,170,8.22,0.4,0,0.2,ROSSO
fabbro,Provincia di Taranto,170,0,0.4,0,0.2,ROSSO
fabbro,Provincia di Brescia,150,9.58,0.4,0,0.2,ROSSO
fabbro,Provincia di Pavia,150,10.45,0.4,0,0.2,ROSSO
fabbro,Città Metropolitana di Genova,140,5.5,0.3,0,0.2,ROSSO
fabbro,Città Metropolitana di Firenze,140,9.56,0.3,0,0.2,ROSSO
fabbro,Città metropolitana di Palermo,110,0,0.3,0,0.2,ROSSO
fabbro,Provincia di Treviso,100,4.8,0.2,0,0.1,ROSSO
fabbro,Provincia di Brindisi,100,1.04,0.2,0,0.1,ROSSO
fabbro,Provincia di Rimini,90,8.59,0.2,0,0.1,ROSSO
fabbro,Provincia di Padova,90,7.47,0.2,0,0.1,ROSSO
fabbro,Città Metropolitana di Venezia,80,4.11,0.2,0,0.1,ROSSO
fabbro,Provincia di Trieste,70,6.38,0.2,0,0.1,ROSSO
fabbro,Provincia di Parma,70,13.14,0.2,0,0.1,ROSSO
fabbro,Città metropolitana di Catania,70,0.95,0.2,0,0.1,ROSSO
fabbro,Provincia di Lecce,60,0,0.1,0,0.1,ROSSO
fabbro,Provincia di Novara,60,6.88,0.1,0,0.1,ROSSO
fabbro,Provincia di Ravenna,60,5.76,0.1,0,0.1,ROSSO
fabbro,Provincia di Caserta,50,2.35,0.1,0,0.1,ROSSO
fabbro,Provincia di Vicenza,50,6.55,0.1,0,0.1,ROSSO
fabbro,Provincia di Ferrara,40,5.06,0.1,0,0.1,ROSSO
fabbro,Provincia della Spezia,40,13.42,0.1,0,0.1,ROSSO
fabbro,Provincia di Mantova,40,5.83,0.1,0,0.1,ROSSO
fabbro,Città Metropolitana di Bari,40,0,0.1,0,0.1,ROSSO
fabbro,Provincia di Livorno,40,3.57,0.1,0,0.1,ROSSO
fabbro,Provincia di Pisa,40,5.14,0.1,0,0.1,ROSSO
fabbro,Provincia di Cremona,30,4.05,0.1,0,0.0,ROSSO
fabbro,Provincia di Prato,30,4.09,0.1,0,0.0,ROSSO
fabbro,Provincia di Lucca,30,4.38,0.1,0,0.0,ROSSO
fabbro,Città metropolitana di Cagliari,30,1.34,0.1,0,0.0,ROSSO
fabbro,Provincia di Latina,30,5.18,0.1,0,0.0,ROSSO
fabbro,Provincia di Lodi,30,0,0.1,0,0.0,ROSSO
fabbro,Provincia di Pescara,30,4.15,0.1,0,0.0,ROSSO
fabbro,Provincia di Pistoia,30,8.59,0.1,0,0.0,ROSSO
fabbro,Provincia di Savona,30,5.38,0.1,0,0.0,ROSSO
fabbro,Provincia di Viterbo,20,10.44,0.0,0,0.0,ROSSO
fabbro,Provincia di Lecco,20,9.72,0.0,0,0.0,ROSSO
fabbro,Provincia di Forlì-Cesena,20,4.59,0.0,0,0.0,ROSSO
fabbro,Provincia di Ancona,20,0.51,0.0,0,0.0,ROSSO
fabbro,Provincia di Pesaro e Urbino,20,0.96,0.0,0,0.0,ROSSO
fabbro,Provincia di Cuneo,20,20.56,0.0,0,0.0,ROSSO
fabbro,Provincia di Gorizia,20,7.14,0.0,0,0.0,ROSSO
fabbro,Provincia di Alessandria,10,0,0.0,0,0.0,ROSSO
fabbro,Provincia di Potenza,10,0,0.0,0,0.0,ROSSO
fabbro,Provincia di Fermo,10,0,0.0,0,0.0,ROSSO
fabbro,Provincia di Grosseto,10,0,0.0,0,0.0,ROSSO
fabbro,Provincia autonoma di Trento,10,0,0.0,0,0.0,ROSSO
fabbro,Provincia di Piacenza,10,0,0.0,0,0.0,ROSSO
fabbro,Provincia di Carbonia-Iglesias,10,0,0.0,0,0.0,ROSSO
fabbro,Provincia di Oristano,10,0,0.0,0,0.0,ROSSO
fabbro,Provincia di Rieti,10,0,0.0,0,0.0,ROSSO
fabbro,Provincia di Teramo,10,0,0.0,0,0.0,ROSSO
fabbro,Provincia di Macerata,10,0,0.0,0,0.0,ROSSO
fabbro,Città metropolitana di Reggio Calabria,10,0,0.0,0,0.0,ROSSO
fabbro,Provincia di Campobasso,10,0,0.0,0,0.0,ROSSO
fabbro,Provincia di Belluno,10,0,0.0,0,0.0,ROSSO
fabbro,Provincia di Sondrio,10,0,0.0,0,0.0,ROSSO
fabbro,Provincia dell'Aquila,10,0,0.0,0,0.0,ROSSO
fabbro,Provincia di Barletta-Andria-Trani,10,0,0.0,0,0.0,ROSSO
fabbro,Provincia di Terni,10,0,0.0,0,0.0,ROSSO
fabbro,Provincia di Catanzaro,10,0,0.0,0,0.0,ROSSO
fabbro,Provincia di Salerno,10,0,0.0,0,0.0,ROSSO
fabbro,Provincia di Rovigo,10,0,0.0,0,0.0,ROSSO
fabbro,Provincia di Ascoli Piceno,10,0,0.0,0,0.0,ROSSO
fabbro,Provincia di Benevento,10,0,0.0,0,0.0,ROSSO
fabbro,Provincia di Crotone,10,0,0.0,0,0.0,ROSSO
fabbro,Provincia di Chieti,10,0,0.0,0,0.0,ROSSO
fabbro,Provincia di Cosenza,10,0,0.0,0,0.0,ROSSO
fabbro,Provincia autonoma di Bolzano - Alto Adige,10,0,0.0,0,0.0,ROSSO
fabbro,Provincia di Avellino,10,0,0.0,0,0.0,ROSSO
fabbro,Provincia di Arezzo,10,0,0.0,0,0.0,ROSSO
fabbro,Provincia di Matera,10,0,0.0,0,0.0,ROSSO
fabbro,Provincia di Imperia,10,0,0.0,0,0.0,ROSSO
fabbro,Provincia di Isernia,10,0,0.0,0,0.0,ROSSO
fabbro,Città metropolitana di Sassari,10,0,0.0,0,0.0,ROSSO
fabbro,Provincia di Nuoro,10,0,0.0,0,0.0,ROSSO
fabbro,Provincia di Frosinone,10,0,0.0,0,0.0,ROSSO
fabbro,Città metropolitana di Messina,10,0,0.0,0,0.0,ROSSO
fabbro,Provincia di Massa e Carrara,10,0,0.0,0,0.0,ROSSO
fabbro,Provincia di Vibo Valentia,10,0,0.0,0,0.0,ROSSO
fabbro,Provincia di Vercelli,10,0,0.0,0,0.0,ROSSO
fabbro,Provincia di Perugia,10,0,0.0,0,0.0,ROSSO
fabbro,Provincia di Pordenone,10,0,0.0,0,0.0,ROSSO
fabbro,Provincia di Asti,10,0,0.0,0,0.0,ROSSO
fabbro,Provincia di Foggia,10,0,0.0,0,0.0,ROSSO
fabbro,Provincia di Biella,10,0,0.0,0,0.0,ROSSO
fabbro,Provincia di Siena,10,0,0.0,0,0.0,ROSSO
ferro_battuto,Città metropolitana di Milano,47630,0.6,111.1,10,66.7,VERDE
ferro_battuto,Città metropolitana di Roma Capitale,29790,0.53,69.5,10,41.7,VERDE
ferro_battuto,Città Metropolitana di Napoli,11310,0.23,26.4,10,15.8,VERDE
ferro_battuto,Città Metropolitana di Torino,6150,0.56,14.4,10,8.6,VERDE
ferro_battuto,Città metropolitana di Cagliari,5860,0.34,13.7,10,8.2,VERDE
ferro_battuto,Città Metropolitana di Bologna,5270,0.65,12.3,10,7.4,VERDE
ferro_battuto,Città Metropolitana di Firenze,5130,0.58,12.0,10,7.2,VERDE
ferro_battuto,Città metropolitana di Palermo,4970,0.4,11.6,10,7.0,VERDE
ferro_battuto,Città Metropolitana di Bari,4780,0.47,11.2,10,6.7,VERDE
ferro_battuto,Provincia di Caserta,3990,0.44,9.3,10,5.6,VERDE
ferro_battuto,Provincia di Padova,3900,0.47,9.1,10,5.5,VERDE
ferro_battuto,Città metropolitana di Catania,3530,0.37,8.2,10,4.9,VERDE
ferro_battuto,Provincia di Brescia,3430,0.73,8.0,10,4.8,VERDE
ferro_battuto,Provincia di Verona,2890,0.68,6.7,10,4.0,VERDE
ferro_battuto,Città Metropolitana di Venezia,2840,0.6,6.6,10,4.0,VERDE
ferro_battuto,Provincia di Lecce,2650,0.44,6.2,10,3.7,VERDE
ferro_battuto,Provincia di Salerno,2580,0.18,6.0,10,3.6,VERDE
ferro_battuto,Provincia di Vicenza,2460,0.49,5.7,10,3.4,VERDE
ferro_battuto,Provincia di Bergamo,2290,0.6,5.3,10,3.2,VERDE
ferro_battuto,Provincia di Treviso,2270,0.46,5.3,10,3.2,VERDE
ferro_battuto,Città metropolitana di Sassari,1890,0.59,4.4,10,2.6,VERDE
ferro_battuto,Provincia di Pescara,1860,0.33,4.3,10,2.6,VERDE
ferro_battuto,Provincia di Varese,1730,0.73,4.0,10,2.4,VERDE
ferro_battuto,Città Metropolitana di Genova,1580,0.42,3.7,10,2.2,VERDE
ferro_battuto,Provincia di Perugia,1560,0.42,3.6,10,2.2,VERDE
ferro_battuto,Provincia autonoma di Trento,1540,0.52,3.6,10,2.2,VERDE
ferro_battuto,Provincia di Novara,1520,0.52,3.5,10,2.1,VERDE
ferro_battuto,Provincia di Ancona,1440,0.3,3.4,10,2.0,VERDE
ferro_battuto,Provincia di Lucca,1400,0.46,3.3,10,2.0,VERDE
ferro_battuto,Provincia di Cuneo,1380,0.34,3.2,10,1.9,VERDE
ferro_battuto,Provincia di Frosinone,1340,0.55,3.1,10,1.9,VERDE
ferro_battuto,Provincia di Trieste,1310,0.7,3.1,10,1.8,VERDE
ferro_battuto,Provincia di Pisa,1310,0.35,3.1,10,1.8,VERDE
ferro_battuto,Provincia di Taranto,1310,0.36,3.1,10,1.8,VERDE
ferro_battuto,Provincia di Avellino,1260,0.09,2.9,10,1.8,VERDE
ferro_battuto,Provincia di Latina,1210,0.55,2.8,10,1.7,VERDE
ferro_battuto,Provincia di Modena,1160,0.5,2.7,10,1.6,VERDE
ferro_battuto,Provincia di Parma,1110,0.37,2.6,10,1.6,VERDE
ferro_battuto,Provincia di Como,1090,0.45,2.5,10,1.5,VERDE
ferro_battuto,Provincia di Monza e della Brianza,1080,0.7,2.5,10,1.5,VERDE
ferro_battuto,Provincia di Livorno,1070,0.4,2.5,10,1.5,VERDE
ferro_battuto,Città metropolitana di Reggio Calabria,1030,0.18,2.4,10,1.4,VERDE
ferro_battuto,Provincia di Reggio Emilia,1010,0.48,2.4,10,1.4,VERDE
ferro_battuto,Provincia di Rimini,960,0.69,2.2,10,1.3,VERDE
ferro_battuto,Città metropolitana di Messina,930,0.31,2.2,10,1.3,VERDE
ferro_battuto,Provincia di Benevento,930,0.26,2.2,10,1.3,VERDE
ferro_battuto,Provincia di Pavia,920,0.48,2.1,10,1.3,VERDE
ferro_battuto,Provincia di Cosenza,910,0.18,2.1,10,1.3,VERDE
ferro_battuto,Provincia di Brindisi,860,0.34,2.0,10,1.2,VERDE
ferro_battuto,Provincia di Potenza,850,0.23,2.0,10,1.2,VERDE
ferro_battuto,Provincia di Arezzo,850,0.53,2.0,10,1.2,VERDE
ferro_battuto,Provincia di Alessandria,850,0.36,2.0,10,1.2,VERDE
ferro_battuto,Provincia di Cremona,760,0.61,1.8,10,1.1,GIALLO
ferro_battuto,Provincia di Catanzaro,740,0.27,1.7,10,1.0,GIALLO
ferro_battuto,Provincia di Chieti,730,0.26,1.7,10,1.0,GIALLO
ferro_battuto,Provincia di Viterbo,710,0.26,1.7,10,1.0,GIALLO
ferro_battuto,Provincia di Massa e Carrara,690,0.56,1.6,10,1.0,GIALLO
ferro_battuto,Provincia di Mantova,680,0.47,1.6,10,1.0,GIALLO
ferro_battuto,Provincia di Pesaro e Urbino,670,0.51,1.6,10,0.9,GIALLO
ferro_battuto,Provincia di Pordenone,650,0.32,1.5,10,0.9,GIALLO
ferro_battuto,Provincia di Ravenna,640,0.64,1.5,10,0.9,GIALLO
ferro_battuto,Provincia di Foggia,630,0.19,1.5,10,0.9,GIALLO
ferro_battuto,Provincia di Pistoia,620,0.43,1.4,10,0.9,GIALLO
ferro_battuto,Provincia di Siena,600,0.66,1.4,10,0.8,GIALLO
ferro_battuto,Provincia di Forlì-Cesena,570,0.6,1.3,10,0.8,GIALLO
ferro_battuto,Provincia di Ferrara,550,0.55,1.3,10,0.8,GIALLO
ferro_battuto,Provincia dell'Aquila,530,0.37,1.2,10,0.7,GIALLO
ferro_battuto,Provincia di Nuoro,500,0.39,1.2,10,0.7,GIALLO
ferro_battuto,Provincia di Carbonia-Iglesias,470,0.31,1.1,10,0.7,GIALLO
ferro_battuto,Provincia di Macerata,450,0.52,1.1,10,0.6,GIALLO
ferro_battuto,Provincia di Prato,450,0.46,1.1,10,0.6,GIALLO
ferro_battuto,Provincia di Grosseto,450,0.19,1.1,10,0.6,GIALLO
ferro_battuto,Provincia della Spezia,440,0.33,1.0,10,0.6,GIALLO
ferro_battuto,Provincia di Piacenza,410,0.75,1.0,10,0.6,GIALLO
ferro_battuto,Provincia di Rovigo,400,0.8,0.9,0,0.6,ROSSO
ferro_battuto,Provincia di Teramo,390,0.48,0.9,0,0.5,ROSSO
ferro_battuto,Provincia di Savona,380,0.42,0.9,0,0.5,ROSSO
ferro_battuto,Provincia di Oristano,370,0.41,0.9,0,0.5,ROSSO
ferro_battuto,Provincia di Lecco,360,0.44,0.8,0,0.5,ROSSO
ferro_battuto,Provincia di Campobasso,340,0.32,0.8,0,0.5,ROSSO
ferro_battuto,Provincia di Terni,320,0.26,0.7,0,0.4,ROSSO
ferro_battuto,Provincia autonoma di Bolzano - Alto Adige,310,0.44,0.7,0,0.4,ROSSO
ferro_battuto,Provincia di Rieti,290,0.32,0.7,0,0.4,ROSSO
ferro_battuto,Provincia di Ascoli Piceno,290,0.5,0.7,0,0.4,ROSSO
ferro_battuto,Provincia di Barletta-Andria-Trani,280,0.06,0.7,0,0.4,ROSSO
ferro_battuto,Provincia di Fermo,270,0.54,0.6,0,0.4,ROSSO
ferro_battuto,Provincia di Imperia,250,0.59,0.6,0,0.4,ROSSO
ferro_battuto,Provincia di Gorizia,250,0.11,0.6,0,0.4,ROSSO
ferro_battuto,Provincia di Sondrio,230,0.27,0.5,0,0.3,ROSSO
ferro_battuto,Provincia di Vercelli,230,0.43,0.5,0,0.3,ROSSO
ferro_battuto,Provincia di Asti,220,0.44,0.5,0,0.3,ROSSO
ferro_battuto,Provincia di Belluno,200,0.55,0.5,0,0.3,ROSSO
ferro_battuto,Provincia di Lodi,200,0.7,0.5,0,0.3,ROSSO
ferro_battuto,Provincia di Biella,180,0.28,0.4,0,0.3,ROSSO
ferro_battuto,Provincia di Crotone,170,0,0.4,0,0.2,ROSSO
ferro_battuto,Provincia di Vibo Valentia,150,0.54,0.4,0,0.2,ROSSO
ferro_battuto,Provincia di Matera,140,0.51,0.3,0,0.2,ROSSO
ferro_battuto,Provincia di Isernia,60,0,0.1,0,0.1,ROSSO
formazione_aziendale,Città metropolitana di Milano,900,3.33,2.1,10,1.3,VERDE
formazione_aziendale,Città metropolitana di Roma Capitale,380,2.67,0.9,0,0.5,ROSSO
formazione_aziendale,Città Metropolitana di Napoli,170,2.62,0.4,0,0.2,ROSSO
formazione_aziendale,Città Metropolitana di Torino,160,2.47,0.4,0,0.2,ROSSO
formazione_aziendale,Città Metropolitana di Venezia,160,1.73,0.4,0,0.2,ROSSO
formazione_aziendale,Provincia di Treviso,130,3.12,0.3,0,0.2,ROSSO
formazione_aziendale,Provincia di Padova,130,2.41,0.3,0,0.2,ROSSO
formazione_aziendale,Provincia di Brescia,80,2.93,0.2,0,0.1,ROSSO
formazione_aziendale,Provincia di Cuneo,80,3.93,0.2,0,0.1,ROSSO
formazione_aziendale,Provincia di Vicenza,70,3.21,0.2,0,0.1,ROSSO
formazione_aziendale,Città Metropolitana di Firenze,70,3.16,0.2,0,0.1,ROSSO
formazione_aziendale,Città Metropolitana di Bologna,70,4.0,0.2,0,0.1,ROSSO
formazione_aziendale,Città Metropolitana di Bari,60,3.58,0.1,0,0.1,ROSSO
formazione_aziendale,Provincia di Verona,50,3.24,0.1,0,0.1,ROSSO
formazione_aziendale,Provincia di Bergamo,50,2.82,0.1,0,0.1,ROSSO
formazione_aziendale,Provincia di Reggio Emilia,40,3.56,0.1,0,0.1,ROSSO
formazione_aziendale,Città metropolitana di Catania,40,3.18,0.1,0,0.1,ROSSO
formazione_aziendale,Provincia di Caserta,40,2.34,0.1,0,0.1,ROSSO
formazione_aziendale,Provincia di Taranto,30,2.45,0.1,0,0.0,ROSSO
formazione_aziendale,Provincia di Rimini,30,1.75,0.1,0,0.0,ROSSO
formazione_aziendale,Provincia di Pavia,30,3.85,0.1,0,0.0,ROSSO
formazione_aziendale,Provincia di Varese,30,3.96,0.1,0,0.0,ROSSO
formazione_aziendale,Provincia di Salerno,30,1.83,0.1,0,0.0,ROSSO
formazione_aziendale,Provincia di Monza e della Brianza,30,4.18,0.1,0,0.0,ROSSO
formazione_aziendale,Provincia autonoma di Trento,30,3.33,0.1,0,0.0,ROSSO
formazione_aziendale,Città metropolitana di Cagliari,20,3.46,0.0,0,0.0,ROSSO
formazione_aziendale,Provincia di Como,20,1.85,0.0,0,0.0,ROSSO
formazione_aziendale,Provincia di Pisa,20,5.28,0.0,0,0.0,ROSSO
formazione_aziendale,Provincia di Parma,20,1.81,0.0,0,0.0,ROSSO
formazione_aziendale,Provincia di Trieste,20,1.88,0.0,0,0.0,ROSSO
formazione_aziendale,Provincia di Terni,20,1.55,0.0,0,0.0,ROSSO
formazione_aziendale,Provincia di Frosinone,20,3.92,0.0,0,0.0,ROSSO
formazione_aziendale,Provincia di Vercelli,20,2.57,0.0,0,0.0,ROSSO
formazione_aziendale,Provincia di Pordenone,20,4.88,0.0,0,0.0,ROSSO
formazione_aziendale,Provincia di Ferrara,20,0.78,0.0,0,0.0,ROSSO
formazione_aziendale,Provincia di Carbonia-Iglesias,20,8.5,0.0,0,0.0,ROSSO
formazione_aziendale,Città metropolitana di Palermo,20,2.77,0.0,0,0.0,ROSSO
formazione_aziendale,Provincia di Potenza,20,2.62,0.0,0,0.0,ROSSO
formazione_aziendale,Provincia di Viterbo,20,1.02,0.0,0,0.0,ROSSO
formazione_aziendale,Provincia di Rovigo,10,0,0.0,0,0.0,ROSSO
formazione_aziendale,Provincia di Siena,10,0,0.0,0,0.0,ROSSO
formazione_aziendale,Provincia di Chieti,10,0,0.0,0,0.0,ROSSO
formazione_aziendale,Provincia di Perugia,10,0,0.0,0,0.0,ROSSO
formazione_aziendale,Provincia dell'Aquila,10,0,0.0,0,0.0,ROSSO
formazione_aziendale,Provincia di Pistoia,10,0,0.0,0,0.0,ROSSO
formazione_aziendale,Provincia di Pescara,10,0,0.0,0,0.0,ROSSO
formazione_aziendale,Provincia di Ancona,10,0,0.0,0,0.0,ROSSO
formazione_aziendale,Provincia di Gorizia,10,0,0.0,0,0.0,ROSSO
formazione_aziendale,Provincia di Oristano,10,0,0.0,0,0.0,ROSSO
formazione_aziendale,Provincia di Teramo,10,0,0.0,0,0.0,ROSSO
formazione_aziendale,Provincia di Massa e Carrara,10,0,0.0,0,0.0,ROSSO
formazione_aziendale,Provincia di Macerata,10,0,0.0,0,0.0,ROSSO
formazione_aziendale,Provincia della Spezia,10,0,0.0,0,0.0,ROSSO
formazione_aziendale,Provincia di Lodi,10,0,0.0,0,0.0,ROSSO
formazione_aziendale,Provincia di Vibo Valentia,10,0,0.0,0,0.0,ROSSO
formazione_aziendale,Provincia di Ravenna,10,0,0.0,0,0.0,ROSSO
formazione_aziendale,Provincia di Isernia,10,0,0.0,0,0.0,ROSSO
formazione_aziendale,Provincia di Livorno,10,0,0.0,0,0.0,ROSSO
formazione_aziendale,Provincia di Grosseto,10,0,0.0,0,0.0,ROSSO
formazione_aziendale,Provincia di Barletta-Andria-Trani,10,0,0.0,0,0.0,ROSSO
formazione_aziendale,Provincia di Asti,10,0,0.0,0,0.0,ROSSO
formazione_aziendale,Provincia di Catanzaro,10,0,0.0,0,0.0,ROSSO
formazione_aziendale,Provincia di Piacenza,10,0,0.0,0,0.0,ROSSO
formazione_aziendale,Città metropolitana di Reggio Calabria,10,0,0.0,0,0.0,ROSSO
formazione_aziendale,Provincia di Benevento,10,0,0.0,0,0.0,ROSSO
formazione_aziendale,Provincia di Imperia,10,0,0.0,0,0.0,ROSSO
formazione_aziendale,Provincia di Nuoro,10,0,0.0,0,0.0,ROSSO
formazione_aziendale,Provincia di Biella,10,0,0.0,0,0.0,ROSSO
formazione_aziendale,Provincia di Crotone,10,0,0.0,0,0.0,ROSSO
formazione_aziendale,Provincia di Cosenza,10,0,0.0,0,0.0,ROSSO
formazione_aziendale,Provincia di Mantova,10,0,0.0,0,0.0,ROSSO
formazione_aziendale,Provincia di Foggia,10,0,0.0,0,0.0,ROSSO
formazione_aziendale,Provincia di Savona,10,0,0.0,0,0.0,ROSSO
formazione_aziendale,Città Metropolitana di Genova,10,0,0.0,0,0.0,ROSSO
formazione_aziendale,Provincia autonoma di Bolzano - Alto Adige,10,0,0.0,0,0.0,ROSSO
formazione_aziendale,Provincia di Modena,10,0,0.0,0,0.0,ROSSO
formazione_aziendale,Provincia di Lecce,10,0,0.0,0,0.0,ROSSO
formazione_aziendale,Provincia di Brindisi,10,0,0.0,0,0.0,ROSSO
formazione_aziendale,Provincia di Belluno,10,0,0.0,0,0.0,ROSSO
formazione_aziendale,Provincia di Campobasso,10,0,0.0,0,0.0,ROSSO
formazione_aziendale,Provincia di Sondrio,10,0,0.0,0,0.0,ROSSO
formazione_aziendale,Provincia di Alessandria,10,0,0.0,0,0.0,ROSSO
formazione_aziendale,Provincia di Pesaro e Urbino,10,0,0.0,0,0.0,ROSSO
formazione_aziendale,Città metropolitana di Messina,10,0,0.0,0,0.0,ROSSO
formazione_aziendale,Provincia di Prato,10,0,0.0,0,0.0,ROSSO
formazione_aziendale,Provincia di Rieti,10,0,0.0,0,0.0,ROSSO
formazione_aziendale,Provincia di Lucca,10,0,0.0,0,0.0,ROSSO
formazione_aziendale,Provincia di Ascoli Piceno,10,0,0.0,0,0.0,ROSSO
formazione_aziendale,Provincia di Latina,10,0,0.0,0,0.0,ROSSO
formazione_aziendale,Provincia di Cremona,10,0,0.0,0,0.0,ROSSO
formazione_aziendale,Provincia di Fermo,10,0,0.0,0,0.0,ROSSO
formazione_aziendale,Provincia di Arezzo,10,0,0.0,0,0.0,ROSSO
formazione_aziendale,Provincia di Lecco,10,0,0.0,0,0.0,ROSSO
formazione_aziendale,Provincia di Avellino,10,0,0.0,0,0.0,ROSSO
formazione_aziendale,Provincia di Novara,10,0,0.0,0,0.0,ROSSO
formazione_aziendale,Provincia di Matera,10,0,0.0,0,0.0,ROSSO
formazione_aziendale,Città metropolitana di Sassari,10,0,0.0,0,0.0,ROSSO
formazione_aziendale,Provincia di Forlì-Cesena,10,0,0.0,0,0.0,ROSSO
fotovoltaico,Città metropolitana di Milano,6660,5.63,15.5,25,9.3,VERDE
fotovoltaico,Città metropolitana di Roma Capitale,4180,5.62,9.8,25,5.9,VERDE
fotovoltaico,Città Metropolitana di Napoli,1590,8.82,3.7,25,2.2,VERDE
fotovoltaico,Città Metropolitana di Torino,1290,6.13,3.0,18,1.8,VERDE
fotovoltaico,Città metropolitana di Palermo,1080,1.1,2.5,10,1.5,VERDE
fotovoltaico,Città Metropolitana di Bologna,930,1.86,2.2,10,1.3,VERDE
fotovoltaico,Città Metropolitana di Bari,870,6.54,2.0,13,1.2,VERDE
fotovoltaico,Provincia di Brescia,840,5.26,2.0,11,1.2,VERDE
fotovoltaico,Città metropolitana di Catania,800,1.49,1.9,10,1.1,GIALLO
fotovoltaico,Provincia di Padova,760,10.12,1.8,18,1.1,GIALLO
fotovoltaico,Città Metropolitana di Firenze,700,5.49,1.6,10,1.0,GIALLO
fotovoltaico,Provincia di Salerno,660,0.67,1.5,10,0.9,GIALLO
fotovoltaico,Provincia di Bergamo,650,12.13,1.5,18,0.9,GIALLO
fotovoltaico,Provincia di Verona,610,1.58,1.4,10,0.9,GIALLO
fotovoltaico,Città metropolitana di Cagliari,540,0.92,1.3,10,0.8,GIALLO
fotovoltaico,Provincia di Modena,510,14.29,1.2,17,0.7,GIALLO
fotovoltaico,Città Metropolitana di Venezia,490,7.11,1.1,10,0.7,GIALLO
fotovoltaico,Provincia di Vicenza,480,1.25,1.1,10,0.7,GIALLO
fotovoltaico,Provincia di Latina,460,3.8,1.1,10,0.6,GIALLO
fotovoltaico,Provincia di Treviso,450,6.99,1.1,10,0.6,GIALLO
fotovoltaico,Provincia di Varese,450,8.96,1.1,10,0.6,GIALLO
fotovoltaico,Provincia di Caserta,440,0.43,1.0,10,0.6,GIALLO
fotovoltaico,Provincia di Monza e della Brianza,430,10.73,1.0,11,0.6,GIALLO
fotovoltaico,Provincia di Lecce,370,5.22,0.9,0,0.5,ROSSO
fotovoltaico,Provincia di Perugia,360,8.95,0.8,0,0.5,ROSSO
fotovoltaico,Provincia di Pescara,340,0.74,0.8,0,0.5,ROSSO
fotovoltaico,Provincia di Reggio Emilia,330,9.97,0.8,0,0.5,ROSSO
fotovoltaico,Città metropolitana di Reggio Calabria,320,1.26,0.7,0,0.4,ROSSO
fotovoltaico,Provincia di Taranto,310,0.55,0.7,0,0.4,ROSSO
fotovoltaico,Provincia di Cuneo,310,0.78,0.7,0,0.4,ROSSO
fotovoltaico,Provincia di Mantova,300,2.12,0.7,0,0.4,ROSSO
fotovoltaico,Provincia di Cosenza,300,0.61,0.7,0,0.4,ROSSO
fotovoltaico,Città Metropolitana di Genova,290,6.34,0.7,0,0.4,ROSSO
fotovoltaico,Provincia di Como,280,12.46,0.7,0,0.4,ROSSO
fotovoltaico,Provincia di Novara,280,0.45,0.7,0,0.4,ROSSO
fotovoltaico,Provincia di Ancona,280,0.81,0.7,0,0.4,ROSSO
fotovoltaico,Provincia di Trieste,280,1.22,0.7,0,0.4,ROSSO
fotovoltaico,Provincia autonoma di Trento,280,3.94,0.7,0,0.4,ROSSO
fotovoltaico,Città metropolitana di Sassari,270,0.27,0.6,0,0.4,ROSSO
fotovoltaico,Provincia di Pisa,260,0.99,0.6,0,0.4,ROSSO
fotovoltaico,Provincia di Rimini,250,1.53,0.6,0,0.4,ROSSO
fotovoltaico,Provincia di Frosinone,250,0.92,0.6,0,0.4,ROSSO
fotovoltaico,Provincia di Ferrara,250,1.33,0.6,0,0.4,ROSSO
fotovoltaico,Provincia di Avellino,250,0.51,0.6,0,0.4,ROSSO
fotovoltaico,Provincia di Potenza,250,0.62,0.6,0,0.4,ROSSO
fotovoltaico,Città metropolitana di Messina,240,0.85,0.6,0,0.3,ROSSO
fotovoltaico,Provincia di Pavia,240,9.43,0.6,0,0.3,ROSSO
fotovoltaico,Provincia di Alessandria,230,1.2,0.5,0,0.3,ROSSO
fotovoltaico,Provincia di Chieti,230,1.18,0.5,0,0.3,ROSSO
fotovoltaico,Provincia di Lucca,220,18.41,0.5,0,0.3,ROSSO
fotovoltaico,Provincia di Ravenna,220,3.03,0.5,0,0.3,ROSSO
fotovoltaico,Provincia di Livorno,210,0.86,0.5,0,0.3,ROSSO
fotovoltaico,Provincia di Catanzaro,210,1.32,0.5,0,0.3,ROSSO
fotovoltaico,Provincia di Foggia,200,1.4,0.5,0,0.3,ROSSO
fotovoltaico,Provincia di Forlì-Cesena,190,1.5,0.4,0,0.3,ROSSO
fotovoltaico,Provincia di Viterbo,190,1.56,0.4,0,0.3,ROSSO
fotovoltaico,Provincia di Parma,180,1.21,0.4,0,0.3,ROSSO
fotovoltaico,Provincia dell'Aquila,160,0.56,0.4,0,0.2,ROSSO
fotovoltaico,Provincia di Macerata,160,1.24,0.4,0,0.2,ROSSO
fotovoltaico,Provincia di Brindisi,160,0.75,0.4,0,0.2,ROSSO
fotovoltaico,Provincia di Pesaro e Urbino,160,0.77,0.4,0,0.2,ROSSO
fotovoltaico,Provincia di Teramo,160,2.05,0.4,0,0.2,ROSSO
fotovoltaico,Provincia di Cremona,160,1.61,0.4,0,0.2,ROSSO
fotovoltaico,Provincia di Benevento,150,0.75,0.4,0,0.2,ROSSO
fotovoltaico,Provincia di Pistoia,140,0.91,0.3,0,0.2,ROSSO
fotovoltaico,Provincia di Lecco,140,1.12,0.3,0,0.2,ROSSO
fotovoltaico,Provincia di Arezzo,140,0.76,0.3,0,0.2,ROSSO
fotovoltaico,Provincia di Ascoli Piceno,140,1.63,0.3,0,0.2,ROSSO
fotovoltaico,Provincia di Rovigo,140,2.08,0.3,0,0.2,ROSSO
fotovoltaico,Provincia di Pordenone,140,1.12,0.3,0,0.2,ROSSO
fotovoltaico,Provincia di Fermo,130,0.39,0.3,0,0.2,ROSSO
fotovoltaico,Provincia autonoma di Bolzano - Alto Adige,120,1.35,0.3,0,0.2,ROSSO
fotovoltaico,Provincia di Barletta-Andria-Trani,120,1.0,0.3,0,0.2,ROSSO
fotovoltaico,Provincia di Siena,120,0.92,0.3,0,0.2,ROSSO
fotovoltaico,Provincia di Prato,110,0.81,0.3,0,0.2,ROSSO
fotovoltaico,Provincia di Grosseto,110,1.18,0.3,0,0.2,ROSSO
fotovoltaico,Provincia di Piacenza,110,2.93,0.3,0,0.2,ROSSO
fotovoltaico,Provincia di Terni,110,1.04,0.3,0,0.2,ROSSO
fotovoltaico,Provincia di Campobasso,110,0.5,0.3,0,0.2,ROSSO
fotovoltaico,Provincia di Asti,100,3.23,0.2,0,0.1,ROSSO
fotovoltaico,Provincia di Lodi,100,8.04,0.2,0,0.1,ROSSO
fotovoltaico,Provincia di Matera,100,0.59,0.2,0,0.1,ROSSO
fotovoltaico,Provincia di Savona,90,0.49,0.2,0,0.1,ROSSO
fotovoltaico,Provincia di Crotone,90,0.3,0.2,0,0.1,ROSSO
fotovoltaico,Provincia di Massa e Carrara,80,1.21,0.2,0,0.1,ROSSO
fotovoltaico,Provincia della Spezia,80,0.65,0.2,0,0.1,ROSSO
fotovoltaico,Provincia di Imperia,80,0.49,0.2,0,0.1,ROSSO
fotovoltaico,Provincia di Sondrio,80,0.69,0.2,0,0.1,ROSSO
fotovoltaico,Provincia di Belluno,80,1.97,0.2,0,0.1,ROSSO
fotovoltaico,Provincia di Vibo Valentia,80,0.47,0.2,0,0.1,ROSSO
fotovoltaico,Provincia di Rieti,70,1.11,0.2,0,0.1,ROSSO
fotovoltaico,Provincia di Gorizia,70,1.2,0.2,0,0.1,ROSSO
fotovoltaico,Provincia di Oristano,70,0.62,0.2,0,0.1,ROSSO
fotovoltaico,Provincia di Nuoro,70,0.86,0.2,0,0.1,ROSSO
fotovoltaico,Provincia di Carbonia-Iglesias,70,0.82,0.2,0,0.1,ROSSO
fotovoltaico,Provincia di Biella,60,1.37,0.1,0,0.1,ROSSO
fotovoltaico,Provincia di Vercelli,50,2.45,0.1,0,0.1,ROSSO
fotovoltaico,Provincia di Isernia,40,0.37,0.1,0,0.1,ROSSO
fotovoltaico_casa,Città metropolitana di Milano,67540,2.22,157.6,13,94.6,VERDE
fotovoltaico_casa,Città metropolitana di Roma Capitale,39270,1.89,91.6,11,55.0,VERDE
fotovoltaico_casa,Città Metropolitana di Napoli,12500,1.32,29.2,10,17.5,VERDE
fotovoltaico_casa,Città Metropolitana di Torino,12120,1.94,28.3,12,17.0,VERDE
fotovoltaico_casa,Città Metropolitana di Bologna,8840,1.87,20.6,11,12.4,VERDE
fotovoltaico_casa,Città metropolitana di Palermo,7490,1.22,17.5,10,10.5,VERDE
fotovoltaico_casa,Provincia di Brescia,7040,3.21,16.4,19,9.9,VERDE
fotovoltaico_casa,Provincia di Padova,6760,2.22,15.8,13,9.5,VERDE
fotovoltaico_casa,Città Metropolitana di Bari,6500,1.38,15.2,10,9.1,VERDE
fotovoltaico_casa,Città Metropolitana di Firenze,6180,1.72,14.4,10,8.7,VERDE
fotovoltaico_casa,Città metropolitana di Catania,5900,1.16,13.8,10,8.3,VERDE
fotovoltaico_casa,Provincia di Bergamo,5440,2.55,12.7,15,7.6,VERDE
fotovoltaico_casa,Provincia di Verona,5310,1.65,12.4,10,7.4,VERDE
fotovoltaico_casa,Città Metropolitana di Venezia,4670,1.89,10.9,11,6.5,VERDE
fotovoltaico_casa,Provincia di Vicenza,4540,1.98,10.6,12,6.4,VERDE
fotovoltaico_casa,Provincia di Treviso,4490,1.86,10.5,11,6.3,VERDE
fotovoltaico_casa,Provincia di Salerno,4400,1.03,10.3,10,6.2,VERDE
fotovoltaico_casa,Provincia di Varese,4380,3.39,10.2,20,6.1,VERDE
fotovoltaico_casa,Città metropolitana di Cagliari,4170,0.91,9.7,10,5.8,VERDE
fotovoltaico_casa,Provincia di Monza e della Brianza,3500,3.48,8.2,21,4.9,VERDE
fotovoltaico_casa,Provincia di Caserta,3460,0.98,8.1,10,4.8,VERDE
fotovoltaico_casa,Provincia di Lecce,3120,1.25,7.3,10,4.4,VERDE
fotovoltaico_casa,Provincia di Perugia,2890,1.64,6.7,10,4.0,VERDE
fotovoltaico_casa,Città Metropolitana di Genova,2700,1.5,6.3,10,3.8,VERDE
fotovoltaico_casa,Provincia di Modena,2680,2.61,6.3,16,3.8,VERDE
fotovoltaico_casa,Provincia di Como,2480,2.88,5.8,17,3.5,VERDE
fotovoltaico_casa,Provincia di Cuneo,2390,1.37,5.6,10,3.3,VERDE
fotovoltaico_casa,Provincia di Cosenza,2390,0.92,5.6,10,3.3,VERDE
fotovoltaico_casa,Provincia di Pescara,2360,0.91,5.5,10,3.3,VERDE
fotovoltaico_casa,Città metropolitana di Reggio Calabria,2320,0.91,5.4,10,3.2,VERDE
fotovoltaico_casa,Provincia autonoma di Trento,2310,1.46,5.4,10,3.2,VERDE
fotovoltaico_casa,Provincia di Latina,2300,1.62,5.4,10,3.2,VERDE
fotovoltaico_casa,Provincia di Pavia,2290,3.3,5.3,17,3.2,VERDE
fotovoltaico_casa,Provincia di Ancona,2220,1.1,5.2,10,3.1,VERDE
fotovoltaico_casa,Provincia di Reggio Emilia,2210,3.19,5.2,17,3.1,VERDE
fotovoltaico_casa,Provincia di Frosinone,2160,1.37,5.0,10,3.0,VERDE
fotovoltaico_casa,Provincia di Rimini,2040,2.12,4.8,10,2.9,VERDE
fotovoltaico_casa,Provincia di Novara,2020,1.81,4.7,10,2.8,VERDE
fotovoltaico_casa,Provincia di Trieste,1980,1.34,4.6,10,2.8,VERDE
fotovoltaico_casa,Provincia di Mantova,1950,2.15,4.5,10,2.7,VERDE
fotovoltaico_casa,Città metropolitana di Sassari,1940,1.13,4.5,10,2.7,VERDE
fotovoltaico_casa,Provincia di Taranto,1930,0.9,4.5,10,2.7,VERDE
fotovoltaico_casa,Città metropolitana di Messina,1900,0.86,4.4,10,2.7,VERDE
fotovoltaico_casa,Provincia di Forlì-Cesena,1830,1.87,4.3,10,2.6,VERDE
fotovoltaico_casa,Provincia di Pisa,1800,1.64,4.2,10,2.5,VERDE
fotovoltaico_casa,Provincia di Lucca,1750,2.86,4.1,12,2.5,VERDE
fotovoltaico_casa,Provincia di Potenza,1740,0.94,4.1,10,2.4,VERDE
fotovoltaico_casa,Provincia di Avellino,1710,0.82,4.0,10,2.4,VERDE
fotovoltaico_casa,Provincia di Parma,1690,1.62,3.9,10,2.4,VERDE
fotovoltaico_casa,Provincia di Ravenna,1630,1.52,3.8,10,2.3,VERDE
fotovoltaico_casa,Provincia di Alessandria,1620,2.99,3.8,11,2.3,VERDE
fotovoltaico_casa,Provincia di Ferrara,1440,1.6,3.4,10,2.0,VERDE
fotovoltaico_casa,Provincia di Pordenone,1400,1.49,3.3,10,2.0,VERDE
fotovoltaico_casa,Provincia di Chieti,1330,1.15,3.1,10,1.9,VERDE
fotovoltaico_casa,Provincia di Cremona,1280,2.74,3.0,10,1.8,VERDE
fotovoltaico_casa,Provincia di Catanzaro,1280,0.88,3.0,10,1.8,VERDE
fotovoltaico_casa,Provincia di Livorno,1270,1.06,3.0,10,1.8,VERDE
fotovoltaico_casa,Provincia di Arezzo,1260,1.53,2.9,10,1.8,VERDE
fotovoltaico_casa,Provincia di Foggia,1250,1.04,2.9,10,1.8,VERDE
fotovoltaico_casa,Provincia di Viterbo,1230,1.44,2.9,10,1.7,VERDE
fotovoltaico_casa,Provincia di Pesaro e Urbino,1110,1.16,2.6,10,1.6,VERDE
fotovoltaico_casa,Provincia di Lecco,1090,2.13,2.5,10,1.5,VERDE
fotovoltaico_casa,Provincia di Brindisi,1080,0.96,2.5,10,1.5,VERDE
fotovoltaico_casa,Provincia di Piacenza,1080,1.81,2.5,10,1.5,VERDE
fotovoltaico_casa,Provincia di Pistoia,1010,1.52,2.4,10,1.4,VERDE
fotovoltaico_casa,Provincia dell'Aquila,990,1.04,2.3,10,1.4,VERDE
fotovoltaico_casa,Provincia di Teramo,970,1.11,2.3,10,1.4,VERDE
fotovoltaico_casa,Provincia di Benevento,970,0.73,2.3,10,1.4,VERDE
fotovoltaico_casa,Provincia di Macerata,920,1.03,2.1,10,1.3,VERDE
fotovoltaico_casa,Provincia autonoma di Bolzano - Alto Adige,910,1.38,2.1,10,1.3,VERDE
fotovoltaico_casa,Provincia di Siena,890,2.52,2.1,10,1.2,VERDE
fotovoltaico_casa,Provincia di Savona,790,0.99,1.8,10,1.1,GIALLO
fotovoltaico_casa,Provincia di Rovigo,780,1.33,1.8,10,1.1,GIALLO
fotovoltaico_casa,Provincia di Grosseto,730,1.41,1.7,10,1.0,GIALLO
fotovoltaico_casa,Provincia di Lodi,720,4.05,1.7,10,1.0,GIALLO
fotovoltaico_casa,Provincia di Terni,680,1.2,1.6,10,1.0,GIALLO
fotovoltaico_casa,Provincia di Prato,670,1.89,1.6,10,0.9,GIALLO
fotovoltaico_casa,Provincia di Belluno,660,1.36,1.5,10,0.9,GIALLO
fotovoltaico_casa,Provincia della Spezia,660,1.19,1.5,10,0.9,GIALLO
fotovoltaico_casa,Provincia di Ascoli Piceno,630,0.96,1.5,10,0.9,GIALLO
fotovoltaico_casa,Provincia di Massa e Carrara,630,1.22,1.5,10,0.9,GIALLO
fotovoltaico_casa,Provincia di Gorizia,600,1.96,1.4,10,0.8,GIALLO
fotovoltaico_casa,Provincia di Fermo,590,1.47,1.4,10,0.8,GIALLO
fotovoltaico_casa,Provincia di Barletta-Andria-Trani,590,0.8,1.4,10,0.8,GIALLO
fotovoltaico_casa,Provincia di Sondrio,590,1.07,1.4,10,0.8,GIALLO
fotovoltaico_casa,Provincia di Asti,580,1.44,1.4,10,0.8,GIALLO
fotovoltaico_casa,Provincia di Campobasso,580,0.88,1.4,10,0.8,GIALLO
fotovoltaico_casa,Provincia di Biella,560,1.36,1.3,10,0.8,GIALLO
fotovoltaico_casa,Provincia di Rieti,520,1.91,1.2,10,0.7,GIALLO
fotovoltaico_casa,Provincia di Nuoro,510,1.23,1.2,10,0.7,GIALLO
fotovoltaico_casa,Provincia di Imperia,500,1.08,1.2,10,0.7,GIALLO
fotovoltaico_casa,Provincia di Carbonia-Iglesias,430,0.98,1.0,10,0.6,GIALLO
fotovoltaico_casa,Provincia di Vercelli,410,2.66,1.0,10,0.6,GIALLO
fotovoltaico_casa,Provincia di Oristano,390,0.78,0.9,0,0.5,ROSSO
fotovoltaico_casa,Provincia di Matera,380,0.73,0.9,0,0.5,ROSSO
fotovoltaico_casa,Provincia di Vibo Valentia,350,0.76,0.8,0,0.5,ROSSO
fotovoltaico_casa,Provincia di Crotone,350,0.76,0.8,0,0.5,ROSSO
fotovoltaico_casa,Provincia di Isernia,130,0.68,0.3,0,0.2,ROSSO
gallerie_arte,Città metropolitana di Roma Capitale,80870,0.69,188.7,10,113.3,VERDE
gallerie_arte,Città Metropolitana di Venezia,5630,0.73,13.1,10,7.9,VERDE
gallerie_arte,Città metropolitana di Milano,5630,0.62,13.1,10,7.9,VERDE
gallerie_arte,Città metropolitana di Palermo,3840,0.81,9.0,10,5.4,VERDE
gallerie_arte,Provincia di Verona,3600,0.91,8.4,10,5.0,VERDE
gallerie_arte,Città metropolitana di Cagliari,1760,0.72,4.1,10,2.5,VERDE
gallerie_arte,Città Metropolitana di Torino,1430,0.79,3.3,10,2.0,VERDE
gallerie_arte,Città Metropolitana di Firenze,1140,0.88,2.7,10,1.6,VERDE
gallerie_arte,Città Metropolitana di Genova,1010,0.84,2.4,10,1.4,VERDE
gallerie_arte,Città Metropolitana di Napoli,1010,0.65,2.4,10,1.4,VERDE
gallerie_arte,Città Metropolitana di Bologna,730,0.81,1.7,10,1.0,GIALLO
gallerie_arte,Provincia di Padova,570,0.8,1.3,10,0.8,GIALLO
gallerie_arte,Provincia di Bergamo,510,1.09,1.2,10,0.7,GIALLO
gallerie_arte,Provincia di Treviso,470,1.12,1.1,10,0.7,GIALLO
gallerie_arte,Provincia di Brescia,380,0.77,0.9,0,0.5,ROSSO
gallerie_arte,Provincia di Novara,370,0.69,0.9,0,0.5,ROSSO
gallerie_arte,Provincia di Arezzo,360,0,0.8,0,0.5,ROSSO
gallerie_arte,Città Metropolitana di Bari,350,0.77,0.8,0,0.5,ROSSO
gallerie_arte,Provincia di Perugia,300,0.59,0.7,0,0.4,ROSSO
gallerie_arte,Provincia di Monza e della Brianza,280,0.66,0.7,0,0.4,ROSSO
gallerie_arte,Provincia di Viterbo,260,0.92,0.6,0,0.4,ROSSO
gallerie_arte,Città metropolitana di Catania,260,0.87,0.6,0,0.4,ROSSO
gallerie_arte,Provincia di Ascoli Piceno,210,0,0.5,0,0.3,ROSSO
gallerie_arte,Provincia di Latina,200,0.8,0.5,0,0.3,ROSSO
gallerie_arte,Provincia di Varese,200,0.84,0.5,0,0.3,ROSSO
gallerie_arte,Provincia di Vicenza,190,0.67,0.4,0,0.3,ROSSO
gallerie_arte,Provincia di Pisa,190,0.76,0.4,0,0.3,ROSSO
gallerie_arte,Provincia di Pescara,190,0.74,0.4,0,0.3,ROSSO
gallerie_arte,Provincia di Salerno,180,0.75,0.4,0,0.3,ROSSO
gallerie_arte,Provincia di Modena,150,0.88,0.4,0,0.2,ROSSO
gallerie_arte,Provincia di Ancona,150,0.56,0.4,0,0.2,ROSSO
gallerie_arte,Provincia di Frosinone,150,0,0.4,0,0.2,ROSSO
gallerie_arte,Provincia di Reggio Emilia,140,0.88,0.3,0,0.2,ROSSO
gallerie_arte,Provincia di Terni,140,0.82,0.3,0,0.2,ROSSO
gallerie_arte,Provincia di Caserta,130,0.91,0.3,0,0.2,ROSSO
gallerie_arte,Provincia di Rimini,120,1.16,0.3,0,0.2,ROSSO
gallerie_arte,Provincia di Gorizia,120,0,0.3,0,0.2,ROSSO
gallerie_arte,Provincia di Como,110,0.84,0.3,0,0.2,ROSSO
gallerie_arte,Provincia di Foggia,110,1.14,0.3,0,0.2,ROSSO
gallerie_arte,Provincia di Ravenna,110,0.9,0.3,0,0.2,ROSSO
gallerie_arte,Provincia di Piacenza,100,0.77,0.2,0,0.1,ROSSO
gallerie_arte,Città metropolitana di Messina,100,1.09,0.2,0,0.1,ROSSO
gallerie_arte,Provincia di Lecce,100,0.86,0.2,0,0.1,ROSSO
gallerie_arte,Provincia di Parma,90,0.92,0.2,0,0.1,ROSSO
gallerie_arte,Provincia di Pavia,90,0.83,0.2,0,0.1,ROSSO
gallerie_arte,Provincia di Grosseto,80,0.82,0.2,0,0.1,ROSSO
gallerie_arte,Provincia autonoma di Trento,80,1.1,0.2,0,0.1,ROSSO
gallerie_arte,Provincia di Cuneo,80,1.07,0.2,0,0.1,ROSSO
gallerie_arte,Città metropolitana di Sassari,80,0.99,0.2,0,0.1,ROSSO
gallerie_arte,Provincia di Pesaro e Urbino,80,0.76,0.2,0,0.1,ROSSO
gallerie_arte,Provincia di Lucca,80,0.45,0.2,0,0.1,ROSSO
gallerie_arte,Provincia di Chieti,80,0.93,0.2,0,0.1,ROSSO
gallerie_arte,Provincia di Mantova,70,0.66,0.2,0,0.1,ROSSO
gallerie_arte,Provincia di Cosenza,70,0.84,0.2,0,0.1,ROSSO
gallerie_arte,Provincia di Forlì-Cesena,70,1.12,0.2,0,0.1,ROSSO
gallerie_arte,Provincia di Avellino,70,0.79,0.2,0,0.1,ROSSO
gallerie_arte,Provincia di Rieti,70,0.79,0.2,0,0.1,ROSSO
gallerie_arte,Provincia di Livorno,70,0.45,0.2,0,0.1,ROSSO
gallerie_arte,Provincia di Siena,60,0.72,0.1,0,0.1,ROSSO
gallerie_arte,Provincia di Macerata,50,1.06,0.1,0,0.1,ROSSO
gallerie_arte,Provincia dell'Aquila,50,1.04,0.1,0,0.1,ROSSO
gallerie_arte,Provincia di Barletta-Andria-Trani,50,0.83,0.1,0,0.1,ROSSO
gallerie_arte,Provincia di Trieste,50,0.65,0.1,0,0.1,ROSSO
gallerie_arte,Provincia di Prato,50,0.86,0.1,0,0.1,ROSSO
gallerie_arte,Provincia di Lecco,50,0.53,0.1,0,0.1,ROSSO
gallerie_arte,Provincia di Alessandria,50,0.39,0.1,0,0.1,ROSSO
gallerie_arte,Provincia di Taranto,50,0.7,0.1,0,0.1,ROSSO
gallerie_arte,Provincia di Pistoia,50,1.13,0.1,0,0.1,ROSSO
gallerie_arte,Provincia di Teramo,50,1.16,0.1,0,0.1,ROSSO
gallerie_arte,Provincia di Cremona,40,1.11,0.1,0,0.1,ROSSO
gallerie_arte,Provincia di Savona,40,1.26,0.1,0,0.1,ROSSO
gallerie_arte,Provincia autonoma di Bolzano - Alto Adige,40,0.77,0.1,0,0.1,ROSSO
gallerie_arte,Provincia di Ferrara,30,0,0.1,0,0.0,ROSSO
gallerie_arte,Provincia di Potenza,30,0,0.1,0,0.0,ROSSO
gallerie_arte,Provincia di Asti,30,0.8,0.1,0,0.0,ROSSO
gallerie_arte,Provincia di Imperia,30,0,0.1,0,0.0,ROSSO
gallerie_arte,Provincia di Fermo,30,0,0.1,0,0.0,ROSSO
gallerie_arte,Provincia della Spezia,20,0.51,0.0,0,0.0,ROSSO
gallerie_arte,Provincia di Benevento,20,1.08,0.0,0,0.0,ROSSO
gallerie_arte,Provincia di Carbonia-Iglesias,10,0,0.0,0,0.0,ROSSO
gallerie_arte,Provincia di Catanzaro,10,0,0.0,0,0.0,ROSSO
gallerie_arte,Provincia di Nuoro,10,0,0.0,0,0.0,ROSSO
gallerie_arte,Provincia di Oristano,10,0,0.0,0,0.0,ROSSO
gallerie_arte,Provincia di Biella,10,0,0.0,0,0.0,ROSSO
gallerie_arte,Provincia di Crotone,10,0,0.0,0,0.0,ROSSO
gallerie_arte,Provincia di Matera,10,0,0.0,0,0.0,ROSSO
gallerie_arte,Provincia di Lodi,10,0,0.0,0,0.0,ROSSO
gallerie_arte,Provincia di Belluno,10,0,0.0,0,0.0,ROSSO
gallerie_arte,Provincia di Sondrio,10,0,0.0,0,0.0,ROSSO
gallerie_arte,Provincia di Massa e Carrara,10,0,0.0,0,0.0,ROSSO
gallerie_arte,Provincia di Campobasso,10,0,0.0,0,0.0,ROSSO
gallerie_arte,Provincia di Pordenone,10,0,0.0,0,0.0,ROSSO
gallerie_arte,Provincia di Isernia,10,0,0.0,0,0.0,ROSSO
gallerie_arte,Provincia di Rovigo,10,0,0.0,0,0.0,ROSSO
gallerie_arte,Provincia di Vibo Valentia,10,0,0.0,0,0.0,ROSSO
gallerie_arte,Provincia di Vercelli,10,0,0.0,0,0.0,ROSSO
gallerie_arte,Provincia di Brindisi,10,0,0.0,0,0.0,ROSSO
gallerie_arte,Città metropolitana di Reggio Calabria,10,0,0.0,0,0.0,ROSSO
giardini_irrigazione,Città metropolitana di Milano,9450,0.56,22.1,10,13.2,VERDE
giardini_irrigazione,Città metropolitana di Roma Capitale,5310,0.3,12.4,10,7.4,VERDE
giardini_irrigazione,Città Metropolitana di Torino,1650,0.39,3.9,10,2.3,VERDE
giardini_irrigazione,Città Metropolitana di Bologna,1180,0.34,2.8,10,1.7,VERDE
giardini_irrigazione,Città Metropolitana di Napoli,1180,0.27,2.8,10,1.7,VERDE
giardini_irrigazione,Provincia di Brescia,1110,0.41,2.6,10,1.6,VERDE
giardini_irrigazione,Città Metropolitana di Firenze,890,0.28,2.1,10,1.2,VERDE
giardini_irrigazione,Provincia di Padova,870,0.3,2.0,10,1.2,VERDE
giardini_irrigazione,Provincia di Verona,790,0.45,1.8,10,1.1,GIALLO
giardini_irrigazione,Provincia di Bergamo,700,0.62,1.6,10,1.0,GIALLO
giardini_irrigazione,Provincia di Treviso,610,0.28,1.4,10,0.9,GIALLO
giardini_irrigazione,Provincia di Varese,600,0.45,1.4,10,0.8,GIALLO
giardini_irrigazione,Provincia di Vicenza,580,0.39,1.4,10,0.8,GIALLO
giardini_irrigazione,Città Metropolitana di Bari,560,0.29,1.3,10,0.8,GIALLO
giardini_irrigazione,Città Metropolitana di Venezia,540,0.29,1.3,10,0.8,GIALLO
giardini_irrigazione,Città Metropolitana di Genova,520,0.33,1.2,10,0.7,GIALLO
giardini_irrigazione,Città metropolitana di Palermo,490,0.28,1.1,10,0.7,GIALLO
giardini_irrigazione,Provincia di Monza e della Brianza,480,0.59,1.1,10,0.7,GIALLO
giardini_irrigazione,Provincia di Modena,410,0.35,1.0,10,0.6,GIALLO
giardini_irrigazione,Città metropolitana di Catania,400,0.27,0.9,0,0.6,ROSSO
giardini_irrigazione,Provincia di Cuneo,350,0.21,0.8,0,0.5,ROSSO
giardini_irrigazione,Provincia di Como,350,0.44,0.8,0,0.5,ROSSO
giardini_irrigazione,Provincia di Pavia,340,0.46,0.8,0,0.5,ROSSO
giardini_irrigazione,Provincia autonoma di Trento,320,0.29,0.7,0,0.4,ROSSO
giardini_irrigazione,Provincia di Perugia,300,0.28,0.7,0,0.4,ROSSO
giardini_irrigazione,Provincia di Reggio Emilia,300,0.34,0.7,0,0.4,ROSSO
giardini_irrigazione,Provincia di Caserta,290,0.27,0.7,0,0.4,ROSSO
giardini_irrigazione,Città metropolitana di Cagliari,290,0.23,0.7,0,0.4,ROSSO
giardini_irrigazione,Provincia di Salerno,290,0.22,0.7,0,0.4,ROSSO
giardini_irrigazione,Provincia di Lucca,280,0.37,0.7,0,0.4,ROSSO
giardini_irrigazione,Città metropolitana di Sassari,270,0.23,0.6,0,0.4,ROSSO
giardini_irrigazione,Provincia di Rimini,260,0.31,0.6,0,0.4,ROSSO
giardini_irrigazione,Provincia di Latina,250,0.19,0.6,0,0.4,ROSSO
giardini_irrigazione,Provincia di Novara,220,0.56,0.5,0,0.3,ROSSO
giardini_irrigazione,Provincia di Frosinone,220,0.22,0.5,0,0.3,ROSSO
giardini_irrigazione,Provincia di Lecce,220,0.21,0.5,0,0.3,ROSSO
giardini_irrigazione,Provincia di Ancona,210,0.24,0.5,0,0.3,ROSSO
giardini_irrigazione,Provincia di Parma,210,0.26,0.5,0,0.3,ROSSO
giardini_irrigazione,Provincia di Trieste,210,0.33,0.5,0,0.3,ROSSO
giardini_irrigazione,Provincia di Alessandria,200,0.61,0.5,0,0.3,ROSSO
giardini_irrigazione,Provincia di Forlì-Cesena,200,0.26,0.5,0,0.3,ROSSO
giardini_irrigazione,Provincia di Mantova,200,0.57,0.5,0,0.3,ROSSO
giardini_irrigazione,Provincia di Pisa,190,0.25,0.4,0,0.3,ROSSO
giardini_irrigazione,Provincia di Ravenna,160,0.28,0.4,0,0.2,ROSSO
giardini_irrigazione,Provincia di Pescara,160,0.22,0.4,0,0.2,ROSSO
giardini_irrigazione,Provincia di Avellino,160,0.37,0.4,0,0.2,ROSSO
giardini_irrigazione,Città metropolitana di Messina,140,0.35,0.3,0,0.2,ROSSO
giardini_irrigazione,Provincia di Pesaro e Urbino,140,0.38,0.3,0,0.2,ROSSO
giardini_irrigazione,Provincia di Rovigo,130,0.37,0.3,0,0.2,ROSSO
giardini_irrigazione,Provincia di Piacenza,130,0.54,0.3,0,0.2,ROSSO
giardini_irrigazione,Provincia di Cremona,130,0.61,0.3,0,0.2,ROSSO
giardini_irrigazione,Provincia di Pordenone,120,0.19,0.3,0,0.2,ROSSO
giardini_irrigazione,Provincia di Lecco,120,0.83,0.3,0,0.2,ROSSO
giardini_irrigazione,Provincia di Livorno,110,0.23,0.3,0,0.2,ROSSO
giardini_irrigazione,Provincia dell'Aquila,110,0.18,0.3,0,0.2,ROSSO
giardini_irrigazione,Provincia di Chieti,110,0.22,0.3,0,0.2,ROSSO
giardini_irrigazione,Provincia di Pistoia,110,0.39,0.3,0,0.2,ROSSO
giardini_irrigazione,Provincia di Ferrara,110,0.19,0.3,0,0.2,ROSSO
giardini_irrigazione,Provincia di Cosenza,110,0.17,0.3,0,0.2,ROSSO
giardini_irrigazione,Città metropolitana di Reggio Calabria,100,0.24,0.2,0,0.1,ROSSO
giardini_irrigazione,Provincia di Taranto,100,0.24,0.2,0,0.1,ROSSO
giardini_irrigazione,Provincia di Savona,100,0.26,0.2,0,0.1,ROSSO
giardini_irrigazione,Provincia di Catanzaro,90,0.21,0.2,0,0.1,ROSSO
giardini_irrigazione,Provincia di Viterbo,90,0.22,0.2,0,0.1,ROSSO
giardini_irrigazione,Provincia di Potenza,90,0.25,0.2,0,0.1,ROSSO
giardini_irrigazione,Provincia di Arezzo,90,0.27,0.2,0,0.1,ROSSO
giardini_irrigazione,Provincia di Teramo,80,0.24,0.2,0,0.1,ROSSO
giardini_irrigazione,Provincia della Spezia,70,0.4,0.2,0,0.1,ROSSO
giardini_irrigazione,Provincia di Macerata,70,0.22,0.2,0,0.1,ROSSO
giardini_irrigazione,Provincia autonoma di Bolzano - Alto Adige,70,0.32,0.2,0,0.1,ROSSO
giardini_irrigazione,Provincia di Imperia,60,0.36,0.1,0,0.1,ROSSO
giardini_irrigazione,Provincia di Siena,60,0.21,0.1,0,0.1,ROSSO
giardini_irrigazione,Provincia di Prato,60,0.25,0.1,0,0.1,ROSSO
giardini_irrigazione,Provincia di Sondrio,60,0.25,0.1,0,0.1,ROSSO
giardini_irrigazione,Provincia di Lodi,60,0.27,0.1,0,0.1,ROSSO
giardini_irrigazione,Provincia di Vercelli,50,0.24,0.1,0,0.1,ROSSO
giardini_irrigazione,Provincia di Massa e Carrara,50,0.3,0.1,0,0.1,ROSSO
giardini_irrigazione,Provincia di Asti,50,0.28,0.1,0,0.1,ROSSO
giardini_irrigazione,Provincia di Terni,50,0.25,0.1,0,0.1,ROSSO
giardini_irrigazione,Provincia di Benevento,40,0.23,0.1,0,0.1,ROSSO
giardini_irrigazione,Provincia di Grosseto,40,0.19,0.1,0,0.1,ROSSO
giardini_irrigazione,Provincia di Brindisi,40,0.42,0.1,0,0.1,ROSSO
giardini_irrigazione,Provincia di Rieti,40,0.15,0.1,0,0.1,ROSSO
giardini_irrigazione,Provincia di Ascoli Piceno,40,0.21,0.1,0,0.1,ROSSO
giardini_irrigazione,Provincia di Fermo,40,0.15,0.1,0,0.1,ROSSO
giardini_irrigazione,Provincia di Foggia,40,0.26,0.1,0,0.1,ROSSO
giardini_irrigazione,Provincia di Belluno,40,0.33,0.1,0,0.1,ROSSO
giardini_irrigazione,Provincia di Nuoro,30,0.15,0.1,0,0.0,ROSSO
giardini_irrigazione,Provincia di Gorizia,30,1.99,0.1,0,0.0,ROSSO
giardini_irrigazione,Provincia di Campobasso,30,0.21,0.1,0,0.0,ROSSO
giardini_irrigazione,Provincia di Oristano,30,0.2,0.1,0,0.0,ROSSO
giardini_irrigazione,Provincia di Biella,30,0.22,0.1,0,0.0,ROSSO
giardini_irrigazione,Provincia di Carbonia-Iglesias,30,0.16,0.1,0,0.0,ROSSO
giardini_irrigazione,Provincia di Matera,30,0.32,0.1,0,0.0,ROSSO
giardini_irrigazione,Provincia di Vibo Valentia,20,0.35,0.0,0,0.0,ROSSO
giardini_irrigazione,Provincia di Barletta-Andria-Trani,20,0.21,0.0,0,0.0,ROSSO
giardini_irrigazione,Provincia di Crotone,20,0.21,0.0,0,0.0,ROSSO
giardini_irrigazione,Provincia di Isernia,10,0,0.0,0,0.0,ROSSO
grandi_cucine,Città Metropolitana di Torino,4110,0.78,9.6,10,5.8,VERDE
grandi_cucine,Provincia di Cuneo,840,0.89,2.0,10,1.2,VERDE
grandi_cucine,Città Metropolitana di Genova,680,0.99,1.6,10,1.0,GIALLO
grandi_cucine,Provincia di Novara,390,0.68,0.9,0,0.5,ROSSO
grandi_cucine,Provincia di Alessandria,340,1.14,0.8,0,0.5,ROSSO
grandi_cucine,Provincia di Imperia,160,1.5,0.4,0,0.2,ROSSO
grandi_cucine,Provincia della Spezia,130,1.57,0.3,0,0.2,ROSSO
grandi_cucine,Provincia di Asti,100,2.05,0.2,0,0.1,ROSSO
grandi_cucine,Provincia di Biella,80,1.3,0.2,0,0.1,ROSSO
grandi_cucine,Provincia di Vercelli,30,0,0.1,0,0.0,ROSSO
impianti_audio_auto,Città metropolitana di Milano,1510,0.34,3.5,10,2.1,VERDE
impianti_audio_auto,Città metropolitana di Roma Capitale,780,0.08,1.8,10,1.1,GIALLO
impianti_audio_auto,Città Metropolitana di Torino,270,0.05,0.6,0,0.4,ROSSO
impianti_audio_auto,Città Metropolitana di Napoli,170,0,0.4,0,0.2,ROSSO
impianti_audio_auto,Città metropolitana di Palermo,160,0,0.4,0,0.2,ROSSO
impianti_audio_auto,Città Metropolitana di Bari,150,0,0.4,0,0.2,ROSSO
impianti_audio_auto,Città Metropolitana di Bologna,130,0,0.3,0,0.2,ROSSO
impianti_audio_auto,Città metropolitana di Catania,90,0,0.2,0,0.1,ROSSO
impianti_audio_auto,Città metropolitana di Cagliari,80,0,0.2,0,0.1,ROSSO
impianti_audio_auto,Provincia di Padova,80,0,0.2,0,0.1,ROSSO
impianti_audio_auto,Città Metropolitana di Firenze,70,0,0.2,0,0.1,ROSSO
impianti_audio_auto,Provincia di Bergamo,60,0,0.1,0,0.1,ROSSO
impianti_audio_auto,Provincia di Verona,60,0,0.1,0,0.1,ROSSO
impianti_audio_auto,Città metropolitana di Messina,60,0,0.1,0,0.1,ROSSO
impianti_audio_auto,Provincia di Salerno,60,0,0.1,0,0.1,ROSSO
impianti_audio_auto,Provincia di Como,60,0,0.1,0,0.1,ROSSO
impianti_audio_auto,Provincia di Potenza,60,0,0.1,0,0.1,ROSSO
impianti_audio_auto,Provincia di Caserta,60,0,0.1,0,0.1,ROSSO
impianti_audio_auto,Provincia di Frosinone,60,0,0.1,0,0.1,ROSSO
impianti_audio_auto,Provincia di Brescia,60,0,0.1,0,0.1,ROSSO
impianti_audio_auto,Città Metropolitana di Venezia,40,0,0.1,0,0.1,ROSSO
impianti_audio_auto,Provincia di Monza e della Brianza,40,0,0.1,0,0.1,ROSSO
impianti_audio_auto,Provincia di Pescara,40,0,0.1,0,0.1,ROSSO
impianti_audio_auto,Provincia di Vicenza,30,0,0.1,0,0.0,ROSSO
impianti_audio_auto,Provincia di Varese,30,0,0.1,0,0.0,ROSSO
impianti_audio_auto,Provincia di Trieste,30,0,0.1,0,0.0,ROSSO
impianti_audio_auto,Provincia autonoma di Trento,30,0,0.1,0,0.0,ROSSO
impianti_audio_auto,Provincia di Cosenza,30,0,0.1,0,0.0,ROSSO
impianti_audio_auto,Città metropolitana di Reggio Calabria,30,0,0.1,0,0.0,ROSSO
impianti_audio_auto,Provincia di Chieti,30,0,0.1,0,0.0,ROSSO
impianti_audio_auto,Provincia di Pavia,30,0,0.1,0,0.0,ROSSO
impianti_audio_auto,Provincia di Pisa,30,0,0.1,0,0.0,ROSSO
impianti_audio_auto,Provincia di Lucca,30,0,0.1,0,0.0,ROSSO
impianti_audio_auto,Provincia di Novara,30,0,0.1,0,0.0,ROSSO
impianti_audio_auto,Provincia di Modena,30,0,0.1,0,0.0,ROSSO
impianti_audio_auto,Provincia di Foggia,30,0,0.1,0,0.0,ROSSO
impianti_audio_auto,Provincia di Treviso,30,0,0.1,0,0.0,ROSSO
impianti_audio_auto,Provincia di Macerata,30,0,0.1,0,0.0,ROSSO
impianti_audio_auto,Provincia di Parma,20,0.12,0.0,0,0.0,ROSSO
impianti_audio_auto,Provincia di Sondrio,10,0,0.0,0,0.0,ROSSO
impianti_audio_auto,Provincia di Belluno,10,0,0.0,0,0.0,ROSSO
impianti_audio_auto,Provincia di Benevento,10,0,0.0,0,0.0,ROSSO
impianti_audio_auto,Provincia di Brindisi,10,0,0.0,0,0.0,ROSSO
impianti_audio_auto,Provincia di Vercelli,10,0,0.0,0,0.0,ROSSO
impianti_audio_auto,Provincia di Catanzaro,10,0,0.0,0,0.0,ROSSO
impianti_audio_auto,Provincia di Nuoro,10,0,0.0,0,0.0,ROSSO
impianti_audio_auto,Città metropolitana di Sassari,10,0,0.0,0,0.0,ROSSO
impianti_audio_auto,Provincia della Spezia,10,0,0.0,0,0.0,ROSSO
impianti_audio_auto,Provincia di Vibo Valentia,10,0,0.0,0,0.0,ROSSO
impianti_audio_auto,Provincia di Cuneo,10,0,0.0,0,0.0,ROSSO
impianti_audio_auto,Provincia di Mantova,10,0,0.0,0,0.0,ROSSO
impianti_audio_auto,Provincia di Teramo,10,0,0.0,0,0.0,ROSSO
impianti_audio_auto,Provincia di Crotone,10,0,0.0,0,0.0,ROSSO
impianti_audio_auto,Provincia di Lodi,10,0,0.0,0,0.0,ROSSO
impianti_audio_auto,Provincia di Avellino,10,0,0.0,0,0.0,ROSSO
impianti_audio_auto,Provincia di Siena,10,0,0.0,0,0.0,ROSSO
impianti_audio_auto,Provincia di Viterbo,10,0,0.0,0,0.0,ROSSO
impianti_audio_auto,Provincia di Ancona,10,0,0.0,0,0.0,ROSSO
impianti_audio_auto,Provincia di Reggio Emilia,10,0,0.0,0,0.0,ROSSO
impianti_audio_auto,Provincia di Rimini,10,0,0.0,0,0.0,ROSSO
impianti_audio_auto,Provincia di Cremona,10,0,0.0,0,0.0,ROSSO
impianti_audio_auto,Provincia di Campobasso,10,0,0.0,0,0.0,ROSSO
impianti_audio_auto,Provincia di Ferrara,10,0,0.0,0,0.0,ROSSO
impianti_audio_auto,Provincia di Barletta-Andria-Trani,10,0,0.0,0,0.0,ROSSO
impianti_audio_auto,Provincia di Asti,10,0,0.0,0,0.0,ROSSO
impianti_audio_auto,Provincia di Pesaro e Urbino,10,0,0.0,0,0.0,ROSSO
impianti_audio_auto,Provincia di Rovigo,10,0,0.0,0,0.0,ROSSO
impianti_audio_auto,Provincia dell'Aquila,10,0,0.0,0,0.0,ROSSO
impianti_audio_auto,Provincia di Gorizia,10,0,0.0,0,0.0,ROSSO
impianti_audio_auto,Provincia autonoma di Bolzano - Alto Adige,10,0,0.0,0,0.0,ROSSO
impianti_audio_auto,Provincia di Carbonia-Iglesias,10,0,0.0,0,0.0,ROSSO
impianti_audio_auto,Provincia di Ascoli Piceno,10,0,0.0,0,0.0,ROSSO
impianti_audio_auto,Provincia di Arezzo,10,0,0.0,0,0.0,ROSSO
impianti_audio_auto,Provincia di Prato,10,0,0.0,0,0.0,ROSSO
impianti_audio_auto,Provincia di Matera,10,0,0.0,0,0.0,ROSSO
impianti_audio_auto,Provincia di Rieti,10,0,0.0,0,0.0,ROSSO
impianti_audio_auto,Provincia di Pistoia,10,0,0.0,0,0.0,ROSSO
impianti_audio_auto,Provincia di Taranto,10,0,0.0,0,0.0,ROSSO
impianti_audio_auto,Provincia di Perugia,10,0,0.0,0,0.0,ROSSO
impianti_audio_auto,Provincia di Massa e Carrara,10,0,0.0,0,0.0,ROSSO
impianti_audio_auto,Provincia di Pordenone,10,0,0.0,0,0.0,ROSSO
impianti_audio_auto,Provincia di Latina,10,0,0.0,0,0.0,ROSSO
impianti_audio_auto,Provincia di Forlì-Cesena,10,0,0.0,0,0.0,ROSSO
impianti_audio_auto,Provincia di Lecco,10,0,0.0,0,0.0,ROSSO
impianti_audio_auto,Provincia di Fermo,10,0,0.0,0,0.0,ROSSO
impianti_audio_auto,Provincia di Grosseto,10,0,0.0,0,0.0,ROSSO
impianti_audio_auto,Provincia di Imperia,10,0,0.0,0,0.0,ROSSO
impianti_audio_auto,Città Metropolitana di Genova,10,0,0.0,0,0.0,ROSSO
impianti_audio_auto,Provincia di Piacenza,10,0,0.0,0,0.0,ROSSO
impianti_audio_auto,Provincia di Livorno,10,0,0.0,0,0.0,ROSSO
impianti_audio_auto,Provincia di Alessandria,10,0,0.0,0,0.0,ROSSO
impianti_audio_auto,Provincia di Isernia,10,0,0.0,0,0.0,ROSSO
impianti_audio_auto,Provincia di Ravenna,10,0,0.0,0,0.0,ROSSO
impianti_audio_auto,Provincia di Oristano,10,0,0.0,0,0.0,ROSSO
impianti_audio_auto,Provincia di Savona,10,0,0.0,0,0.0,ROSSO
impianti_audio_auto,Provincia di Terni,10,0,0.0,0,0.0,ROSSO
impianti_audio_auto,Provincia di Lecce,10,0,0.0,0,0.0,ROSSO
impianti_audio_auto,Provincia di Biella,10,0,0.0,0,0.0,ROSSO
impianti_elettrici_domotica,Città metropolitana di Milano,2810,0.78,6.6,10,3.9,VERDE
impianti_elettrici_domotica,Città metropolitana di Roma Capitale,1520,0.85,3.5,10,2.1,VERDE
impianti_elettrici_domotica,Città Metropolitana di Napoli,580,0.7,1.4,10,0.8,GIALLO
impianti_elettrici_domotica,Città Metropolitana di Torino,450,0.74,1.1,10,0.6,GIALLO
impianti_elettrici_domotica,Città Metropolitana di Bari,270,0.62,0.6,0,0.4,ROSSO
impianti_elettrici_domotica,Città metropolitana di Palermo,270,0.79,0.6,0,0.4,ROSSO
impianti_elettrici_domotica,Città Metropolitana di Bologna,260,0.71,0.6,0,0.4,ROSSO
impianti_elettrici_domotica,Città Metropolitana di Firenze,200,0.59,0.5,0,0.3,ROSSO
impianti_elettrici_domotica,Provincia di Brescia,160,0.65,0.4,0,0.2,ROSSO
impianti_elettrici_domotica,Provincia di Bergamo,160,0.57,0.4,0,0.2,ROSSO
impianti_elettrici_domotica,Provincia di Verona,160,0.99,0.4,0,0.2,ROSSO
impianti_elettrici_domotica,Città Metropolitana di Genova,150,0.6,0.4,0,0.2,ROSSO
impianti_elettrici_domotica,Città metropolitana di Cagliari,150,0.15,0.4,0,0.2,ROSSO
impianti_elettrici_domotica,Provincia di Varese,150,0.72,0.4,0,0.2,ROSSO
impianti_elettrici_domotica,Provincia di Padova,140,0.95,0.3,0,0.2,ROSSO
impianti_elettrici_domotica,Città metropolitana di Catania,140,0.46,0.3,0,0.2,ROSSO
impianti_elettrici_domotica,Città Metropolitana di Venezia,130,0.68,0.3,0,0.2,ROSSO
impianti_elettrici_domotica,Provincia di Treviso,120,0.82,0.3,0,0.2,ROSSO
impianti_elettrici_domotica,Provincia di Monza e della Brianza,120,0.79,0.3,0,0.2,ROSSO
impianti_elettrici_domotica,Provincia di Vicenza,120,0.57,0.3,0,0.2,ROSSO
impianti_elettrici_domotica,Provincia di Salerno,110,0.51,0.3,0,0.2,ROSSO
impianti_elettrici_domotica,Provincia di Caserta,100,0.63,0.2,0,0.1,ROSSO
impianti_elettrici_domotica,Provincia di Como,80,0.68,0.2,0,0.1,ROSSO
impianti_elettrici_domotica,Provincia di Pescara,80,0,0.2,0,0.1,ROSSO
impianti_elettrici_domotica,Provincia di Trieste,80,0.73,0.2,0,0.1,ROSSO
impianti_elettrici_domotica,Provincia di Modena,70,0.79,0.2,0,0.1,ROSSO
impianti_elettrici_domotica,Provincia di Novara,70,1.77,0.2,0,0.1,ROSSO
impianti_elettrici_domotica,Provincia di Frosinone,70,0.71,0.2,0,0.1,ROSSO
impianti_elettrici_domotica,Provincia di Lecce,70,0.43,0.2,0,0.1,ROSSO
impianti_elettrici_domotica,Provincia di Pisa,60,0,0.1,0,0.1,ROSSO
impianti_elettrici_domotica,Provincia di Taranto,60,0.44,0.1,0,0.1,ROSSO
impianti_elettrici_domotica,Città metropolitana di Messina,60,0,0.1,0,0.1,ROSSO
impianti_elettrici_domotica,Città metropolitana di Reggio Calabria,60,0,0.1,0,0.1,ROSSO
impianti_elettrici_domotica,Provincia di Potenza,60,0,0.1,0,0.1,ROSSO
impianti_elettrici_domotica,Provincia di Ancona,60,0,0.1,0,0.1,ROSSO
impianti_elettrici_domotica,Provincia di Lucca,60,1.21,0.1,0,0.1,ROSSO
impianti_elettrici_domotica,Provincia di Reggio Emilia,60,0.83,0.1,0,0.1,ROSSO
impianti_elettrici_domotica,Provincia di Perugia,50,1.23,0.1,0,0.1,ROSSO
impianti_elettrici_domotica,Provincia di Pavia,50,0.56,0.1,0,0.1,ROSSO
impianti_elettrici_domotica,Provincia di Catanzaro,50,0.68,0.1,0,0.1,ROSSO
impianti_elettrici_domotica,Provincia autonoma di Trento,50,0.81,0.1,0,0.1,ROSSO
impianti_elettrici_domotica,Provincia di Mantova,50,0.8,0.1,0,0.1,ROSSO
impianti_elettrici_domotica,Provincia di Foggia,40,1.33,0.1,0,0.1,ROSSO
impianti_elettrici_domotica,Provincia di Latina,40,0,0.1,0,0.1,ROSSO
impianti_elettrici_domotica,Provincia di Alessandria,40,0.34,0.1,0,0.1,ROSSO
impianti_elettrici_domotica,Provincia di Rimini,40,0.71,0.1,0,0.1,ROSSO
impianti_elettrici_domotica,Provincia di Cosenza,40,0.26,0.1,0,0.1,ROSSO
impianti_elettrici_domotica,Provincia di Livorno,30,0,0.1,0,0.0,ROSSO
impianti_elettrici_domotica,Provincia di Brindisi,30,0,0.1,0,0.0,ROSSO
impianti_elettrici_domotica,Provincia di Cuneo,30,0,0.1,0,0.0,ROSSO
impianti_elettrici_domotica,Provincia di Parma,30,0,0.1,0,0.0,ROSSO
impianti_elettrici_domotica,Provincia di Lodi,30,1.25,0.1,0,0.0,ROSSO
impianti_elettrici_domotica,Città metropolitana di Sassari,30,0,0.1,0,0.0,ROSSO
impianti_elettrici_domotica,Provincia di Avellino,30,0,0.1,0,0.0,ROSSO
impianti_elettrici_domotica,Provincia di Pesaro e Urbino,30,0.84,0.1,0,0.0,ROSSO
impianti_elettrici_domotica,Provincia di Cremona,30,0,0.1,0,0.0,ROSSO
impianti_elettrici_domotica,Provincia di Chieti,30,0,0.1,0,0.0,ROSSO
impianti_elettrici_domotica,Provincia dell'Aquila,30,0,0.1,0,0.0,ROSSO
impianti_elettrici_domotica,Provincia di Ferrara,30,0,0.1,0,0.0,ROSSO
impianti_elettrici_domotica,Provincia di Pordenone,30,0,0.1,0,0.0,ROSSO
impianti_elettrici_domotica,Provincia di Ravenna,20,0.92,0.0,0,0.0,ROSSO
impianti_elettrici_domotica,Provincia di Forlì-Cesena,20,0.96,0.0,0,0.0,ROSSO
impianti_elettrici_domotica,Provincia autonoma di Bolzano - Alto Adige,20,0.17,0.0,0,0.0,ROSSO
impianti_elettrici_domotica,Provincia di Lecco,20,0.83,0.0,0,0.0,ROSSO
impianti_elettrici_domotica,Provincia di Prato,20,0.84,0.0,0,0.0,ROSSO
impianti_elettrici_domotica,Provincia di Piacenza,20,0.8,0.0,0,0.0,ROSSO
impianti_elettrici_domotica,Provincia di Savona,10,0,0.0,0,0.0,ROSSO
impianti_elettrici_domotica,Provincia di Isernia,10,0,0.0,0,0.0,ROSSO
impianti_elettrici_domotica,Provincia di Asti,10,0,0.0,0,0.0,ROSSO
impianti_elettrici_domotica,Provincia di Vercelli,10,0,0.0,0,0.0,ROSSO
impianti_elettrici_domotica,Provincia di Biella,10,0,0.0,0,0.0,ROSSO
impianti_elettrici_domotica,Provincia di Imperia,10,0,0.0,0,0.0,ROSSO
impianti_elettrici_domotica,Provincia di Nuoro,10,0,0.0,0,0.0,ROSSO
impianti_elettrici_domotica,Provincia di Barletta-Andria-Trani,10,0,0.0,0,0.0,ROSSO
impianti_elettrici_domotica,Provincia di Ascoli Piceno,10,0,0.0,0,0.0,ROSSO
impianti_elettrici_domotica,Provincia della Spezia,10,0,0.0,0,0.0,ROSSO
impianti_elettrici_domotica,Provincia di Pistoia,10,0,0.0,0,0.0,ROSSO
impianti_elettrici_domotica,Provincia di Carbonia-Iglesias,10,0,0.0,0,0.0,ROSSO
impianti_elettrici_domotica,Provincia di Gorizia,10,0,0.0,0,0.0,ROSSO
impianti_elettrici_domotica,Provincia di Benevento,10,0,0.0,0,0.0,ROSSO
impianti_elettrici_domotica,Provincia di Massa e Carrara,10,0,0.0,0,0.0,ROSSO
impianti_elettrici_domotica,Provincia di Siena,10,0,0.0,0,0.0,ROSSO
impianti_elettrici_domotica,Provincia di Arezzo,10,0,0.0,0,0.0,ROSSO
impianti_elettrici_domotica,Provincia di Matera,10,0,0.0,0,0.0,ROSSO
impianti_elettrici_domotica,Provincia di Fermo,10,0,0.0,0,0.0,ROSSO
impianti_elettrici_domotica,Provincia di Vibo Valentia,10,0,0.0,0,0.0,ROSSO
impianti_elettrici_domotica,Provincia di Viterbo,10,0,0.0,0,0.0,ROSSO
impianti_elettrici_domotica,Provincia di Rovigo,10,0,0.0,0,0.0,ROSSO
impianti_elettrici_domotica,Provincia di Rieti,10,0,0.0,0,0.0,ROSSO
impianti_elettrici_domotica,Provincia di Campobasso,10,0,0.0,0,0.0,ROSSO
impianti_elettrici_domotica,Provincia di Belluno,10,0,0.0,0,0.0,ROSSO
impianti_elettrici_domotica,Provincia di Teramo,10,0,0.0,0,0.0,ROSSO
impianti_elettrici_domotica,Provincia di Terni,10,0,0.0,0,0.0,ROSSO
impianti_elettrici_domotica,Provincia di Grosseto,10,0,0.0,0,0.0,ROSSO
impianti_elettrici_domotica,Provincia di Sondrio,10,0,0.0,0,0.0,ROSSO
impianti_elettrici_domotica,Provincia di Crotone,10,0,0.0,0,0.0,ROSSO
impianti_elettrici_domotica,Provincia di Macerata,10,0,0.0,0,0.0,ROSSO
impianti_elettrici_domotica,Provincia di Oristano,10,0,0.0,0,0.0,ROSSO
insegne_stampa,Città metropolitana di Milano,1490,1.56,3.5,10,2.1,VERDE
insegne_stampa,Città metropolitana di Roma Capitale,930,1.14,2.2,10,1.3,VERDE
insegne_stampa,Città Metropolitana di Torino,370,1.3,0.9,0,0.5,ROSSO
insegne_stampa,Città Metropolitana di Napoli,320,1.06,0.7,0,0.4,ROSSO
insegne_stampa,Città Metropolitana di Bologna,190,1.2,0.4,0,0.3,ROSSO
insegne_stampa,Provincia di Brescia,180,1.44,0.4,0,0.3,ROSSO
insegne_stampa,Città Metropolitana di Firenze,130,1.3,0.3,0,0.2,ROSSO
insegne_stampa,Provincia di Forlì-Cesena,130,1.65,0.3,0,0.2,ROSSO
insegne_stampa,Provincia di Varese,120,1.92,0.3,0,0.2,ROSSO
insegne_stampa,Città Metropolitana di Bari,120,1.2,0.3,0,0.2,ROSSO
insegne_stampa,Provincia di Monza e della Brianza,100,1.21,0.2,0,0.1,ROSSO
insegne_stampa,Città metropolitana di Catania,80,1.05,0.2,0,0.1,ROSSO
insegne_stampa,Città metropolitana di Palermo,80,1.36,0.2,0,0.1,ROSSO
insegne_stampa,Provincia di Como,80,1.45,0.2,0,0.1,ROSSO
insegne_stampa,Provincia di Bergamo,80,1.82,0.2,0,0.1,ROSSO
insegne_stampa,Città metropolitana di Cagliari,70,1.26,0.2,0,0.1,ROSSO
insegne_stampa,Città Metropolitana di Venezia,70,1.37,0.2,0,0.1,ROSSO
insegne_stampa,Provincia di Verona,60,1.3,0.1,0,0.1,ROSSO
insegne_stampa,Provincia di Salerno,60,0.97,0.1,0,0.1,ROSSO
insegne_stampa,Provincia di Padova,60,1.15,0.1,0,0.1,ROSSO
insegne_stampa,Provincia di Pescara,50,1.69,0.1,0,0.1,ROSSO
insegne_stampa,Provincia di Treviso,50,1.43,0.1,0,0.1,ROSSO
insegne_stampa,Provincia di Lecce,50,0.92,0.1,0,0.1,ROSSO
insegne_stampa,Provincia di Rimini,50,1.8,0.1,0,0.1,ROSSO
insegne_stampa,Provincia autonoma di Trento,50,3.68,0.1,0,0.1,ROSSO
insegne_stampa,Provincia di Vicenza,50,1.34,0.1,0,0.1,ROSSO
insegne_stampa,Provincia di Caserta,50,1.22,0.1,0,0.1,ROSSO
insegne_stampa,Provincia di Modena,50,1.51,0.1,0,0.1,ROSSO
insegne_stampa,Città Metropolitana di Genova,50,1.03,0.1,0,0.1,ROSSO
insegne_stampa,Provincia di Pordenone,40,0,0.1,0,0.1,ROSSO
insegne_stampa,Provincia di Ravenna,40,0,0.1,0,0.1,ROSSO
insegne_stampa,Città metropolitana di Messina,30,0.67,0.1,0,0.0,ROSSO
insegne_stampa,Provincia di Lecco,30,4.2,0.1,0,0.0,ROSSO
insegne_stampa,Provincia di Taranto,30,1.36,0.1,0,0.0,ROSSO
insegne_stampa,Provincia di Pistoia,30,0.87,0.1,0,0.0,ROSSO
insegne_stampa,Provincia di Ancona,30,1.2,0.1,0,0.0,ROSSO
insegne_stampa,Provincia di Latina,30,1.81,0.1,0,0.0,ROSSO
insegne_stampa,Provincia dell'Aquila,30,0.44,0.1,0,0.0,ROSSO
insegne_stampa,Provincia di Pavia,30,1.29,0.1,0,0.0,ROSSO
insegne_stampa,Provincia di Alessandria,30,0,0.1,0,0.0,ROSSO
insegne_stampa,Provincia di Cremona,30,0.98,0.1,0,0.0,ROSSO
insegne_stampa,Provincia di Siena,30,1.85,0.1,0,0.0,ROSSO
insegne_stampa,Provincia di Grosseto,30,0.91,0.1,0,0.0,ROSSO
insegne_stampa,Provincia di Teramo,20,1.28,0.0,0,0.0,ROSSO
insegne_stampa,Provincia di Perugia,20,0.86,0.0,0,0.0,ROSSO
insegne_stampa,Provincia di Prato,20,0.33,0.0,0,0.0,ROSSO
insegne_stampa,Provincia di Lucca,20,1.8,0.0,0,0.0,ROSSO
insegne_stampa,Città metropolitana di Sassari,20,1.4,0.0,0,0.0,ROSSO
insegne_stampa,Provincia di Chieti,20,1.39,0.0,0,0.0,ROSSO
insegne_stampa,Provincia di Frosinone,20,1.82,0.0,0,0.0,ROSSO
insegne_stampa,Provincia di Livorno,20,1.08,0.0,0,0.0,ROSSO
insegne_stampa,Provincia di Reggio Emilia,20,1.74,0.0,0,0.0,ROSSO
insegne_stampa,Provincia di Avellino,20,1.16,0.0,0,0.0,ROSSO
insegne_stampa,Provincia di Barletta-Andria-Trani,20,1.12,0.0,0,0.0,ROSSO
insegne_stampa,Provincia di Mantova,20,1.55,0.0,0,0.0,ROSSO
insegne_stampa,Città metropolitana di Reggio Calabria,20,1.07,0.0,0,0.0,ROSSO
insegne_stampa,Provincia di Benevento,20,1.32,0.0,0,0.0,ROSSO
insegne_stampa,Provincia di Parma,20,1.01,0.0,0,0.0,ROSSO
insegne_stampa,Provincia di Catanzaro,20,0.96,0.0,0,0.0,ROSSO
insegne_stampa,Provincia di Trieste,20,0.99,0.0,0,0.0,ROSSO
insegne_stampa,Provincia di Belluno,20,2.45,0.0,0,0.0,ROSSO
insegne_stampa,Provincia di Ferrara,20,0.89,0.0,0,0.0,ROSSO
insegne_stampa,Provincia di Pesaro e Urbino,20,0.34,0.0,0,0.0,ROSSO
insegne_stampa,Provincia di Foggia,20,0.76,0.0,0,0.0,ROSSO
insegne_stampa,Provincia di Savona,20,1.04,0.0,0,0.0,ROSSO
insegne_stampa,Provincia di Pisa,20,2.32,0.0,0,0.0,ROSSO
insegne_stampa,Provincia di Piacenza,20,2.31,0.0,0,0.0,ROSSO
insegne_stampa,Provincia di Viterbo,20,1.47,0.0,0,0.0,ROSSO
insegne_stampa,Provincia di Potenza,20,1.09,0.0,0,0.0,ROSSO
insegne_stampa,Provincia di Vibo Valentia,10,0,0.0,0,0.0,ROSSO
insegne_stampa,Provincia di Fermo,10,0,0.0,0,0.0,ROSSO
insegne_stampa,Provincia di Massa e Carrara,10,0,0.0,0,0.0,ROSSO
insegne_stampa,Provincia di Brindisi,10,0,0.0,0,0.0,ROSSO
insegne_stampa,Provincia di Vercelli,10,0,0.0,0,0.0,ROSSO
insegne_stampa,Provincia di Gorizia,10,0,0.0,0,0.0,ROSSO
insegne_stampa,Provincia di Rieti,10,0,0.0,0,0.0,ROSSO
insegne_stampa,Provincia di Rovigo,10,0,0.0,0,0.0,ROSSO
insegne_stampa,Provincia di Terni,10,0,0.0,0,0.0,ROSSO
insegne_stampa,Provincia di Isernia,10,0,0.0,0,0.0,ROSSO
insegne_stampa,Provincia di Imperia,10,0,0.0,0,0.0,ROSSO
insegne_stampa,Provincia di Campobasso,10,0,0.0,0,0.0,ROSSO
insegne_stampa,Provincia di Nuoro,10,0,0.0,0,0.0,ROSSO
insegne_stampa,Provincia di Cosenza,10,0,0.0,0,0.0,ROSSO
insegne_stampa,Provincia di Crotone,10,0,0.0,0,0.0,ROSSO
insegne_stampa,Provincia di Cuneo,10,0,0.0,0,0.0,ROSSO
insegne_stampa,Provincia di Carbonia-Iglesias,10,0,0.0,0,0.0,ROSSO
insegne_stampa,Provincia di Ascoli Piceno,10,0,0.0,0,0.0,ROSSO
insegne_stampa,Provincia di Arezzo,10,0,0.0,0,0.0,ROSSO
insegne_stampa,Provincia di Novara,10,0,0.0,0,0.0,ROSSO
insegne_stampa,Provincia di Matera,10,0,0.0,0,0.0,ROSSO
insegne_stampa,Provincia di Sondrio,10,0,0.0,0,0.0,ROSSO
insegne_stampa,Provincia della Spezia,10,0,0.0,0,0.0,ROSSO
insegne_stampa,Provincia di Biella,10,0,0.0,0,0.0,ROSSO
insegne_stampa,Provincia di Macerata,10,0,0.0,0,0.0,ROSSO
insegne_stampa,Provincia di Oristano,10,0,0.0,0,0.0,ROSSO
insegne_stampa,Provincia di Asti,10,0,0.0,0,0.0,ROSSO
insegne_stampa,Provincia di Lodi,10,0,0.0,0,0.0,ROSSO
insegne_stampa,Provincia autonoma di Bolzano - Alto Adige,10,0,0.0,0,0.0,ROSSO
laboratori_analisi,Città metropolitana di Milano,410,1.07,1.0,10,0.6,GIALLO
laboratori_analisi,Città metropolitana di Roma Capitale,230,0.91,0.5,0,0.3,ROSSO
laboratori_analisi,Città Metropolitana di Napoli,100,1.33,0.2,0,0.1,ROSSO
laboratori_analisi,Città Metropolitana di Torino,60,0.7,0.1,0,0.1,ROSSO
laboratori_analisi,Città Metropolitana di Bari,60,0.33,0.1,0,0.1,ROSSO
laboratori_analisi,Città Metropolitana di Bologna,50,0.58,0.1,0,0.1,ROSSO
laboratori_analisi,Città metropolitana di Sassari,40,0.86,0.1,0,0.1,ROSSO
laboratori_analisi,Provincia di Caserta,30,0.74,0.1,0,0.0,ROSSO
laboratori_analisi,Provincia di Monza e della Brianza,30,0.42,0.1,0,0.0,ROSSO
laboratori_analisi,Provincia di Vicenza,30,0.41,0.1,0,0.0,ROSSO
laboratori_analisi,Città metropolitana di Palermo,30,0.05,0.1,0,0.0,ROSSO
laboratori_analisi,Provincia di Treviso,30,0.26,0.1,0,0.0,ROSSO
laboratori_analisi,Provincia di Brescia,30,0.35,0.1,0,0.0,ROSSO
laboratori_analisi,Città Metropolitana di Firenze,30,1.32,0.1,0,0.0,ROSSO
laboratori_analisi,Provincia di Pisa,30,1.28,0.1,0,0.0,ROSSO
laboratori_analisi,Provincia di Ferrara,20,0.71,0.0,0,0.0,ROSSO
laboratori_analisi,Provincia di Varese,20,0.61,0.0,0,0.0,ROSSO
laboratori_analisi,Provincia di Verona,20,0.66,0.0,0,0.0,ROSSO
laboratori_analisi,Provincia di Cremona,20,0.69,0.0,0,0.0,ROSSO
laboratori_analisi,Provincia di Salerno,20,1.02,0.0,0,0.0,ROSSO
laboratori_analisi,Provincia autonoma di Trento,20,0.21,0.0,0,0.0,ROSSO
laboratori_analisi,Provincia di Bergamo,20,1.58,0.0,0,0.0,ROSSO
laboratori_analisi,Città metropolitana di Cagliari,20,0.68,0.0,0,0.0,ROSSO
laboratori_analisi,Città metropolitana di Catania,20,0.08,0.0,0,0.0,ROSSO
laboratori_analisi,Città metropolitana di Messina,20,0.11,0.0,0,0.0,ROSSO
laboratori_analisi,Provincia di Lecco,20,0.86,0.0,0,0.0,ROSSO
laboratori_analisi,Città Metropolitana di Genova,20,0.3,0.0,0,0.0,ROSSO
laboratori_analisi,Provincia di Novara,20,0.8,0.0,0,0.0,ROSSO
laboratori_analisi,Provincia di Como,20,0.95,0.0,0,0.0,ROSSO
laboratori_analisi,Provincia di Ravenna,20,1.8,0.0,0,0.0,ROSSO
laboratori_analisi,Provincia di Padova,20,0.29,0.0,0,0.0,ROSSO
laboratori_analisi,Città Metropolitana di Venezia,20,0.62,0.0,0,0.0,ROSSO
laboratori_analisi,Provincia di Lecce,20,0.38,0.0,0,0.0,ROSSO
laboratori_analisi,Provincia di Modena,20,0.96,0.0,0,0.0,ROSSO
laboratori_analisi,Provincia di Pistoia,20,1.18,0.0,0,0.0,ROSSO
laboratori_analisi,Provincia di Perugia,20,0.47,0.0,0,0.0,ROSSO
laboratori_analisi,Provincia di Nuoro,10,0,0.0,0,0.0,ROSSO
laboratori_analisi,Provincia di Pesaro e Urbino,10,0,0.0,0,0.0,ROSSO
laboratori_analisi,Provincia di Macerata,10,0,0.0,0,0.0,ROSSO
laboratori_analisi,Provincia di Teramo,10,0,0.0,0,0.0,ROSSO
laboratori_analisi,Provincia di Oristano,10,0,0.0,0,0.0,ROSSO
laboratori_analisi,Provincia di Cuneo,10,0,0.0,0,0.0,ROSSO
laboratori_analisi,Provincia di Parma,10,0,0.0,0,0.0,ROSSO
laboratori_analisi,Provincia di Pordenone,10,0,0.0,0,0.0,ROSSO
laboratori_analisi,Provincia di Piacenza,10,0,0.0,0,0.0,ROSSO
laboratori_analisi,Provincia di Viterbo,10,0,0.0,0,0.0,ROSSO
laboratori_analisi,Provincia di Potenza,10,0,0.0,0,0.0,ROSSO
laboratori_analisi,Provincia di Grosseto,10,0,0.0,0,0.0,ROSSO
laboratori_analisi,Provincia di Pavia,10,0,0.0,0,0.0,ROSSO
laboratori_analisi,Provincia di Forlì-Cesena,10,0,0.0,0,0.0,ROSSO
laboratori_analisi,Provincia di Rovigo,10,0,0.0,0,0.0,ROSSO
laboratori_analisi,Provincia di Trieste,10,0,0.0,0,0.0,ROSSO
laboratori_analisi,Provincia di Mantova,10,0,0.0,0,0.0,ROSSO
laboratori_analisi,Provincia di Cosenza,10,0,0.0,0,0.0,ROSSO
laboratori_analisi,Provincia di Chieti,10,0,0.0,0,0.0,ROSSO
laboratori_analisi,Città metropolitana di Reggio Calabria,10,0,0.0,0,0.0,ROSSO
laboratori_analisi,Provincia di Crotone,10,0,0.0,0,0.0,ROSSO
laboratori_analisi,Provincia di Frosinone,10,0,0.0,0,0.0,ROSSO
laboratori_analisi,Provincia di Sondrio,10,0,0.0,0,0.0,ROSSO
laboratori_analisi,Provincia di Ascoli Piceno,10,0,0.0,0,0.0,ROSSO
laboratori_analisi,Provincia autonoma di Bolzano - Alto Adige,10,0,0.0,0,0.0,ROSSO
laboratori_analisi,Provincia di Rimini,10,0,0.0,0,0.0,ROSSO
laboratori_analisi,Provincia di Belluno,10,0,0.0,0,0.0,ROSSO
laboratori_analisi,Provincia di Siena,10,0,0.0,0,0.0,ROSSO
laboratori_analisi,Provincia dell'Aquila,10,0,0.0,0,0.0,ROSSO
laboratori_analisi,Provincia di Ancona,10,0,0.0,0,0.0,ROSSO
laboratori_analisi,Provincia della Spezia,10,0,0.0,0,0.0,ROSSO
laboratori_analisi,Provincia di Latina,10,0,0.0,0,0.0,ROSSO
laboratori_analisi,Provincia di Fermo,10,0,0.0,0,0.0,ROSSO
laboratori_analisi,Provincia di Imperia,10,0,0.0,0,0.0,ROSSO
laboratori_analisi,Provincia di Catanzaro,10,0,0.0,0,0.0,ROSSO
laboratori_analisi,Provincia di Arezzo,10,0,0.0,0,0.0,ROSSO
laboratori_analisi,Provincia di Matera,10,0,0.0,0,0.0,ROSSO
laboratori_analisi,Provincia di Campobasso,10,0,0.0,0,0.0,ROSSO
laboratori_analisi,Provincia di Benevento,10,0,0.0,0,0.0,ROSSO
laboratori_analisi,Provincia di Lucca,10,0,0.0,0,0.0,ROSSO
laboratori_analisi,Provincia di Rieti,10,0,0.0,0,0.0,ROSSO
laboratori_analisi,Provincia di Prato,10,0,0.0,0,0.0,ROSSO
laboratori_analisi,Provincia di Livorno,10,0,0.0,0,0.0,ROSSO
laboratori_analisi,Provincia di Avellino,10,0,0.0,0,0.0,ROSSO
laboratori_analisi,Provincia di Isernia,10,0,0.0,0,0.0,ROSSO
laboratori_analisi,Provincia di Reggio Emilia,10,0,0.0,0,0.0,ROSSO
laboratori_analisi,Provincia di Alessandria,10,0,0.0,0,0.0,ROSSO
laboratori_analisi,Provincia di Foggia,10,0,0.0,0,0.0,ROSSO
laboratori_analisi,Provincia di Biella,10,0,0.0,0,0.0,ROSSO
laboratori_analisi,Provincia di Lodi,10,0,0.0,0,0.0,ROSSO
laboratori_analisi,Provincia di Terni,10,0,0.0,0,0.0,ROSSO
laboratori_analisi,Provincia di Barletta-Andria-Trani,10,0,0.0,0,0.0,ROSSO
laboratori_analisi,Provincia di Carbonia-Iglesias,10,0,0.0,0,0.0,ROSSO
laboratori_analisi,Provincia di Savona,10,0,0.0,0,0.0,ROSSO
laboratori_analisi,Provincia di Vibo Valentia,10,0,0.0,0,0.0,ROSSO
laboratori_analisi,Provincia di Brindisi,10,0,0.0,0,0.0,ROSSO
laboratori_analisi,Provincia di Gorizia,10,0,0.0,0,0.0,ROSSO
laboratori_analisi,Provincia di Vercelli,10,0,0.0,0,0.0,ROSSO
laboratori_analisi,Provincia di Massa e Carrara,10,0,0.0,0,0.0,ROSSO
laboratori_analisi,Provincia di Pescara,10,0,0.0,0,0.0,ROSSO
laboratori_analisi,Provincia di Taranto,10,0,0.0,0,0.0,ROSSO
laboratori_analisi,Provincia di Asti,10,0,0.0,0,0.0,ROSSO
lavaggio_tappeti,Città metropolitana di Milano,460,2.46,1.1,10,0.6,GIALLO
lavaggio_tappeti,Città metropolitana di Roma Capitale,300,0.88,0.7,0,0.4,ROSSO
lavaggio_tappeti,Città Metropolitana di Torino,100,4.62,0.2,0,0.1,ROSSO
lavaggio_tappeti,Città Metropolitana di Napoli,60,0.51,0.1,0,0.1,ROSSO
lavaggio_tappeti,Provincia di Padova,40,4.81,0.1,0,0.1,ROSSO
lavaggio_tappeti,Provincia di Brescia,40,0.59,0.1,0,0.1,ROSSO
lavaggio_tappeti,Provincia di Monza e della Brianza,30,1.22,0.1,0,0.0,ROSSO
lavaggio_tappeti,Città Metropolitana di Bologna,30,0.66,0.1,0,0.0,ROSSO
lavaggio_tappeti,Provincia di Bergamo,20,0.51,0.0,0,0.0,ROSSO
lavaggio_tappeti,Provincia di Parma,20,1.07,0.0,0,0.0,ROSSO
lavaggio_tappeti,Provincia di Vicenza,20,0.71,0.0,0,0.0,ROSSO
lavaggio_tappeti,Provincia di Verona,20,0.61,0.0,0,0.0,ROSSO
lavaggio_tappeti,Provincia di Treviso,20,1.49,0.0,0,0.0,ROSSO
lavaggio_tappeti,Provincia di Varese,20,0.71,0.0,0,0.0,ROSSO
lavaggio_tappeti,Città Metropolitana di Venezia,20,0.9,0.0,0,0.0,ROSSO
lavaggio_tappeti,Provincia di Pisa,10,0,0.0,0,0.0,ROSSO
lavaggio_tappeti,Città metropolitana di Cagliari,10,0,0.0,0,0.0,ROSSO
lavaggio_tappeti,Provincia di Alessandria,10,0,0.0,0,0.0,ROSSO
lavaggio_tappeti,Provincia di Asti,10,0,0.0,0,0.0,ROSSO
lavaggio_tappeti,Provincia di Modena,10,0,0.0,0,0.0,ROSSO
lavaggio_tappeti,Provincia di Piacenza,10,0,0.0,0,0.0,ROSSO
lavaggio_tappeti,Provincia di Nuoro,10,0,0.0,0,0.0,ROSSO
lavaggio_tappeti,Provincia autonoma di Trento,10,0,0.0,0,0.0,ROSSO
lavaggio_tappeti,Provincia di Sondrio,10,0,0.0,0,0.0,ROSSO
lavaggio_tappeti,Provincia di Cuneo,10,0,0.0,0,0.0,ROSSO
lavaggio_tappeti,Provincia di Vibo Valentia,10,0,0.0,0,0.0,ROSSO
lavaggio_tappeti,Provincia di Grosseto,10,0,0.0,0,0.0,ROSSO
lavaggio_tappeti,Provincia di Belluno,10,0,0.0,0,0.0,ROSSO
lavaggio_tappeti,Provincia di Macerata,10,0,0.0,0,0.0,ROSSO
lavaggio_tappeti,Provincia di Foggia,10,0,0.0,0,0.0,ROSSO
lavaggio_tappeti,Provincia di Cosenza,10,0,0.0,0,0.0,ROSSO
lavaggio_tappeti,Provincia di Mantova,10,0,0.0,0,0.0,ROSSO
lavaggio_tappeti,Provincia di Crotone,10,0,0.0,0,0.0,ROSSO
lavaggio_tappeti,Provincia di Biella,10,0,0.0,0,0.0,ROSSO
lavaggio_tappeti,Provincia di Lodi,10,0,0.0,0,0.0,ROSSO
lavaggio_tappeti,Provincia di Oristano,10,0,0.0,0,0.0,ROSSO
lavaggio_tappeti,Provincia di Trieste,10,0,0.0,0,0.0,ROSSO
lavaggio_tappeti,Provincia di Savona,10,0,0.0,0,0.0,ROSSO
lavaggio_tappeti,Provincia di Salerno,10,0,0.0,0,0.0,ROSSO
lavaggio_tappeti,Provincia di Pordenone,10,0,0.0,0,0.0,ROSSO
lavaggio_tappeti,Provincia di Matera,10,0,0.0,0,0.0,ROSSO
lavaggio_tappeti,Provincia di Novara,10,0,0.0,0,0.0,ROSSO
lavaggio_tappeti,Provincia di Arezzo,10,0,0.0,0,0.0,ROSSO
lavaggio_tappeti,Provincia di Como,10,0,0.0,0,0.0,ROSSO
lavaggio_tappeti,Provincia di Frosinone,10,0,0.0,0,0.0,ROSSO
lavaggio_tappeti,Provincia di Cremona,10,0,0.0,0,0.0,ROSSO
lavaggio_tappeti,Provincia di Pavia,10,0,0.0,0,0.0,ROSSO
lavaggio_tappeti,Provincia di Pesaro e Urbino,10,0,0.0,0,0.0,ROSSO
lavaggio_tappeti,Provincia di Potenza,10,0,0.0,0,0.0,ROSSO
lavaggio_tappeti,Provincia di Viterbo,10,0,0.0,0,0.0,ROSSO
lavaggio_tappeti,Provincia dell'Aquila,10,0,0.0,0,0.0,ROSSO
lavaggio_tappeti,Città metropolitana di Reggio Calabria,10,0,0.0,0,0.0,ROSSO
lavaggio_tappeti,Provincia di Ferrara,10,0,0.0,0,0.0,ROSSO
lavaggio_tappeti,Provincia di Siena,10,0,0.0,0,0.0,ROSSO
lavaggio_tappeti,Provincia di Latina,10,0,0.0,0,0.0,ROSSO
lavaggio_tappeti,Provincia di Reggio Emilia,10,0,0.0,0,0.0,ROSSO
lavaggio_tappeti,Provincia di Caserta,10,0,0.0,0,0.0,ROSSO
lavaggio_tappeti,Provincia di Campobasso,10,0,0.0,0,0.0,ROSSO
lavaggio_tappeti,Provincia di Rimini,10,0,0.0,0,0.0,ROSSO
lavaggio_tappeti,Provincia di Taranto,10,0,0.0,0,0.0,ROSSO
lavaggio_tappeti,Città Metropolitana di Bari,10,0,0.0,0,0.0,ROSSO
lavaggio_tappeti,Provincia di Pistoia,10,0,0.0,0,0.0,ROSSO
lavaggio_tappeti,Città Metropolitana di Firenze,10,0,0.0,0,0.0,ROSSO
lavaggio_tappeti,Provincia di Catanzaro,10,0,0.0,0,0.0,ROSSO
lavaggio_tappeti,Provincia di Pescara,10,0,0.0,0,0.0,ROSSO
lavaggio_tappeti,Provincia di Forlì-Cesena,10,0,0.0,0,0.0,ROSSO
lavaggio_tappeti,Provincia di Benevento,10,0,0.0,0,0.0,ROSSO
lavaggio_tappeti,Provincia di Perugia,10,0,0.0,0,0.0,ROSSO
lavaggio_tappeti,Provincia di Barletta-Andria-Trani,10,0,0.0,0,0.0,ROSSO
lavaggio_tappeti,Provincia di Gorizia,10,0,0.0,0,0.0,ROSSO
lavaggio_tappeti,Provincia di Fermo,10,0,0.0,0,0.0,ROSSO
lavaggio_tappeti,Provincia di Avellino,10,0,0.0,0,0.0,ROSSO
lavaggio_tappeti,Provincia di Carbonia-Iglesias,10,0,0.0,0,0.0,ROSSO
lavaggio_tappeti,Provincia di Lecco,10,0,0.0,0,0.0,ROSSO
lavaggio_tappeti,Città metropolitana di Sassari,10,0,0.0,0,0.0,ROSSO
lavaggio_tappeti,Provincia di Ancona,10,0,0.0,0,0.0,ROSSO
lavaggio_tappeti,Provincia di Ascoli Piceno,10,0,0.0,0,0.0,ROSSO
lavaggio_tappeti,Città metropolitana di Messina,10,0,0.0,0,0.0,ROSSO
lavaggio_tappeti,Provincia di Rovigo,10,0,0.0,0,0.0,ROSSO
lavaggio_tappeti,Provincia della Spezia,10,0,0.0,0,0.0,ROSSO
lavaggio_tappeti,Provincia di Chieti,10,0,0.0,0,0.0,ROSSO
lavaggio_tappeti,Città metropolitana di Catania,10,0,0.0,0,0.0,ROSSO
lavaggio_tappeti,Città metropolitana di Palermo,10,0,0.0,0,0.0,ROSSO
lavaggio_tappeti,Provincia di Lucca,10,0,0.0,0,0.0,ROSSO
lavaggio_tappeti,Provincia di Massa e Carrara,10,0,0.0,0,0.0,ROSSO
lavaggio_tappeti,Provincia di Rieti,10,0,0.0,0,0.0,ROSSO
lavaggio_tappeti,Provincia di Prato,10,0,0.0,0,0.0,ROSSO
lavaggio_tappeti,Provincia di Terni,10,0,0.0,0,0.0,ROSSO
lavaggio_tappeti,Provincia di Vercelli,10,0,0.0,0,0.0,ROSSO
lavaggio_tappeti,Provincia di Isernia,10,0,0.0,0,0.0,ROSSO
lavaggio_tappeti,Provincia di Ravenna,10,0,0.0,0,0.0,ROSSO
lavaggio_tappeti,Provincia di Livorno,10,0,0.0,0,0.0,ROSSO
lavaggio_tappeti,Provincia di Brindisi,10,0,0.0,0,0.0,ROSSO
lavaggio_tappeti,Città Metropolitana di Genova,10,0,0.0,0,0.0,ROSSO
lavaggio_tappeti,Provincia di Imperia,10,0,0.0,0,0.0,ROSSO
lavaggio_tappeti,Provincia di Lecce,10,0,0.0,0,0.0,ROSSO
lavaggio_tappeti,Provincia di Teramo,10,0,0.0,0,0.0,ROSSO
lavaggio_tappeti,Provincia autonoma di Bolzano - Alto Adige,10,0,0.0,0,0.0,ROSSO
lavorazioni_cnc,Città metropolitana di Milano,400,2.6,0.9,0,0.6,ROSSO
lavorazioni_cnc,Città Metropolitana di Torino,160,2.63,0.4,0,0.2,ROSSO
lavorazioni_cnc,Città metropolitana di Roma Capitale,100,3.38,0.2,0,0.1,ROSSO
lavorazioni_cnc,Città Metropolitana di Firenze,40,3.83,0.1,0,0.1,ROSSO
lavorazioni_cnc,Città Metropolitana di Bologna,40,3.25,0.1,0,0.1,ROSSO
lavorazioni_cnc,Provincia di Brescia,40,4.5,0.1,0,0.1,ROSSO
lavorazioni_cnc,Provincia di Como,30,0,0.1,0,0.0,ROSSO
lavorazioni_cnc,Provincia di Monza e della Brianza,30,2.54,0.1,0,0.0,ROSSO
lavorazioni_cnc,Provincia di Vicenza,20,2.12,0.0,0,0.0,ROSSO
lavorazioni_cnc,Provincia di Mantova,20,8.11,0.0,0,0.0,ROSSO
lavorazioni_cnc,Provincia di Lecce,20,1.41,0.0,0,0.0,ROSSO
lavorazioni_cnc,Provincia di Verona,20,1.99,0.0,0,0.0,ROSSO
lavorazioni_cnc,Città Metropolitana di Genova,20,5.28,0.0,0,0.0,ROSSO
lavorazioni_cnc,Provincia di Treviso,20,3.79,0.0,0,0.0,ROSSO
lavorazioni_cnc,Provincia di Varese,20,3.4,0.0,0,0.0,ROSSO
lavorazioni_cnc,Provincia di Macerata,10,0,0.0,0,0.0,ROSSO
lavorazioni_cnc,Provincia di Salerno,10,0,0.0,0,0.0,ROSSO
lavorazioni_cnc,Provincia di Trieste,10,0,0.0,0,0.0,ROSSO
lavorazioni_cnc,Provincia di Cosenza,10,0,0.0,0,0.0,ROSSO
lavorazioni_cnc,Provincia di Fermo,10,0,0.0,0,0.0,ROSSO
lavorazioni_cnc,Città Metropolitana di Napoli,10,0,0.0,0,0.0,ROSSO
lavorazioni_cnc,Provincia di Lecco,10,0,0.0,0,0.0,ROSSO
lavorazioni_cnc,Provincia di Modena,10,0,0.0,0,0.0,ROSSO
lavorazioni_cnc,Provincia di Oristano,10,0,0.0,0,0.0,ROSSO
lavorazioni_cnc,Provincia di Crotone,10,0,0.0,0,0.0,ROSSO
lavorazioni_cnc,Provincia di Bergamo,10,0,0.0,0,0.0,ROSSO
lavorazioni_cnc,Provincia di Sondrio,10,0,0.0,0,0.0,ROSSO
lavorazioni_cnc,Provincia di Belluno,10,0,0.0,0,0.0,ROSSO
lavorazioni_cnc,Provincia di Piacenza,10,0,0.0,0,0.0,ROSSO
lavorazioni_cnc,Provincia di Savona,10,0,0.0,0,0.0,ROSSO
lavorazioni_cnc,Provincia di Padova,10,0,0.0,0,0.0,ROSSO
lavorazioni_cnc,Provincia di Foggia,10,0,0.0,0,0.0,ROSSO
lavorazioni_cnc,Provincia di Biella,10,0,0.0,0,0.0,ROSSO
lavorazioni_cnc,Provincia di Grosseto,10,0,0.0,0,0.0,ROSSO
lavorazioni_cnc,Provincia di Barletta-Andria-Trani,10,0,0.0,0,0.0,ROSSO
lavorazioni_cnc,Provincia di Vibo Valentia,10,0,0.0,0,0.0,ROSSO
lavorazioni_cnc,Provincia di Rieti,10,0,0.0,0,0.0,ROSSO
lavorazioni_cnc,Provincia di Prato,10,0,0.0,0,0.0,ROSSO
lavorazioni_cnc,Provincia di Lucca,10,0,0.0,0,0.0,ROSSO
lavorazioni_cnc,Provincia di Terni,10,0,0.0,0,0.0,ROSSO
lavorazioni_cnc,Provincia di Massa e Carrara,10,0,0.0,0,0.0,ROSSO
lavorazioni_cnc,Provincia di Pisa,10,0,0.0,0,0.0,ROSSO
lavorazioni_cnc,Provincia di Caserta,10,0,0.0,0,0.0,ROSSO
lavorazioni_cnc,Provincia della Spezia,10,0,0.0,0,0.0,ROSSO
lavorazioni_cnc,Provincia di Asti,10,0,0.0,0,0.0,ROSSO
lavorazioni_cnc,Provincia di Ferrara,10,0,0.0,0,0.0,ROSSO
lavorazioni_cnc,Provincia di Arezzo,10,0,0.0,0,0.0,ROSSO
lavorazioni_cnc,Provincia di Matera,10,0,0.0,0,0.0,ROSSO
lavorazioni_cnc,Provincia di Novara,10,0,0.0,0,0.0,ROSSO
lavorazioni_cnc,Provincia di Reggio Emilia,10,0,0.0,0,0.0,ROSSO
lavorazioni_cnc,Provincia di Catanzaro,10,0,0.0,0,0.0,ROSSO
lavorazioni_cnc,Provincia di Latina,10,0,0.0,0,0.0,ROSSO
lavorazioni_cnc,Provincia di Viterbo,10,0,0.0,0,0.0,ROSSO
lavorazioni_cnc,Provincia di Benevento,10,0,0.0,0,0.0,ROSSO
lavorazioni_cnc,Provincia di Potenza,10,0,0.0,0,0.0,ROSSO
lavorazioni_cnc,Provincia dell'Aquila,10,0,0.0,0,0.0,ROSSO
lavorazioni_cnc,Città Metropolitana di Bari,10,0,0.0,0,0.0,ROSSO
lavorazioni_cnc,Provincia di Lodi,10,0,0.0,0,0.0,ROSSO
lavorazioni_cnc,Provincia di Cremona,10,0,0.0,0,0.0,ROSSO
lavorazioni_cnc,Provincia di Ascoli Piceno,10,0,0.0,0,0.0,ROSSO
lavorazioni_cnc,Provincia di Ancona,10,0,0.0,0,0.0,ROSSO
lavorazioni_cnc,Provincia di Nuoro,10,0,0.0,0,0.0,ROSSO
lavorazioni_cnc,Provincia di Rimini,10,0,0.0,0,0.0,ROSSO
lavorazioni_cnc,Provincia di Alessandria,10,0,0.0,0,0.0,ROSSO
lavorazioni_cnc,Provincia di Carbonia-Iglesias,10,0,0.0,0,0.0,ROSSO
lavorazioni_cnc,Provincia di Parma,10,0,0.0,0,0.0,ROSSO
lavorazioni_cnc,Provincia di Cuneo,10,0,0.0,0,0.0,ROSSO
lavorazioni_cnc,Provincia di Frosinone,10,0,0.0,0,0.0,ROSSO
lavorazioni_cnc,Provincia di Forlì-Cesena,10,0,0.0,0,0.0,ROSSO
lavorazioni_cnc,Provincia di Pesaro e Urbino,10,0,0.0,0,0.0,ROSSO
lavorazioni_cnc,Provincia di Gorizia,10,0,0.0,0,0.0,ROSSO
lavorazioni_cnc,Provincia di Chieti,10,0,0.0,0,0.0,ROSSO
lavorazioni_cnc,Provincia di Campobasso,10,0,0.0,0,0.0,ROSSO
lavorazioni_cnc,Città metropolitana di Reggio Calabria,10,0,0.0,0,0.0,ROSSO
lavorazioni_cnc,Provincia di Avellino,10,0,0.0,0,0.0,ROSSO
lavorazioni_cnc,Città Metropolitana di Venezia,10,0,0.0,0,0.0,ROSSO
lavorazioni_cnc,Provincia di Pescara,10,0,0.0,0,0.0,ROSSO
lavorazioni_cnc,Provincia di Pistoia,10,0,0.0,0,0.0,ROSSO
lavorazioni_cnc,Provincia di Taranto,10,0,0.0,0,0.0,ROSSO
lavorazioni_cnc,Provincia di Rovigo,10,0,0.0,0,0.0,ROSSO
lavorazioni_cnc,Provincia di Perugia,10,0,0.0,0,0.0,ROSSO
lavorazioni_cnc,Città metropolitana di Cagliari,10,0,0.0,0,0.0,ROSSO
lavorazioni_cnc,Provincia di Pavia,10,0,0.0,0,0.0,ROSSO
lavorazioni_cnc,Città metropolitana di Sassari,10,0,0.0,0,0.0,ROSSO
lavorazioni_cnc,Provincia di Pordenone,10,0,0.0,0,0.0,ROSSO
lavorazioni_cnc,Provincia di Imperia,10,0,0.0,0,0.0,ROSSO
lavorazioni_cnc,Provincia di Vercelli,10,0,0.0,0,0.0,ROSSO
lavorazioni_cnc,Provincia di Siena,10,0,0.0,0,0.0,ROSSO
lavorazioni_cnc,Città metropolitana di Messina,10,0,0.0,0,0.0,ROSSO
lavorazioni_cnc,Provincia di Brindisi,10,0,0.0,0,0.0,ROSSO
lavorazioni_cnc,Provincia autonoma di Trento,10,0,0.0,0,0.0,ROSSO
lavorazioni_cnc,Città metropolitana di Palermo,10,0,0.0,0,0.0,ROSSO
lavorazioni_cnc,Città metropolitana di Catania,10,0,0.0,0,0.0,ROSSO
lavorazioni_cnc,Provincia di Livorno,10,0,0.0,0,0.0,ROSSO
lavorazioni_cnc,Provincia autonoma di Bolzano - Alto Adige,10,0,0.0,0,0.0,ROSSO
lavorazioni_cnc,Provincia di Ravenna,10,0,0.0,0,0.0,ROSSO
lavorazioni_cnc,Provincia di Isernia,10,0,0.0,0,0.0,ROSSO
lavorazioni_cnc,Provincia di Teramo,10,0,0.0,0,0.0,ROSSO
logistica_3pl,Provincia di Vicenza,30,0,0.1,0,0.0,ROSSO
logistica_3pl,Città metropolitana di Roma Capitale,30,3.08,0.1,0,0.0,ROSSO
logistica_3pl,Città Metropolitana di Bari,30,0,0.1,0,0.0,ROSSO
logistica_3pl,Città metropolitana di Milano,30,3.88,0.1,0,0.0,ROSSO
logistica_3pl,Provincia di Reggio Emilia,20,2.99,0.0,0,0.0,ROSSO
logistica_3pl,Provincia di Brescia,20,2.67,0.0,0,0.0,ROSSO
logistica_3pl,Provincia di Varese,10,0,0.0,0,0.0,ROSSO
logistica_3pl,Provincia di Crotone,10,0,0.0,0,0.0,ROSSO
logistica_3pl,Provincia di Mantova,10,0,0.0,0,0.0,ROSSO
logistica_3pl,Provincia di Cosenza,10,0,0.0,0,0.0,ROSSO
logistica_3pl,Provincia di Vercelli,10,0,0.0,0,0.0,ROSSO
logistica_3pl,Provincia di Salerno,10,0,0.0,0,0.0,ROSSO
logistica_3pl,Provincia di Catanzaro,10,0,0.0,0,0.0,ROSSO
logistica_3pl,Provincia di Trieste,10,0,0.0,0,0.0,ROSSO
logistica_3pl,Provincia di Teramo,10,0,0.0,0,0.0,ROSSO
logistica_3pl,Provincia di Brindisi,10,0,0.0,0,0.0,ROSSO
logistica_3pl,Provincia di Benevento,10,0,0.0,0,0.0,ROSSO
logistica_3pl,Provincia di Barletta-Andria-Trani,10,0,0.0,0,0.0,ROSSO
logistica_3pl,Provincia di Lecce,10,0,0.0,0,0.0,ROSSO
logistica_3pl,Città Metropolitana di Venezia,10,0,0.0,0,0.0,ROSSO
logistica_3pl,Provincia di Terni,10,0,0.0,0,0.0,ROSSO
logistica_3pl,Provincia di Belluno,10,0,0.0,0,0.0,ROSSO
logistica_3pl,Provincia di Verona,10,0,0.0,0,0.0,ROSSO
logistica_3pl,Provincia di Sondrio,10,0,0.0,0,0.0,ROSSO
logistica_3pl,Città metropolitana di Cagliari,10,0,0.0,0,0.0,ROSSO
logistica_3pl,Provincia di Bergamo,10,0,0.0,0,0.0,ROSSO
logistica_3pl,Provincia della Spezia,10,0,0.0,0,0.0,ROSSO
logistica_3pl,Provincia di Carbonia-Iglesias,10,0,0.0,0,0.0,ROSSO
logistica_3pl,Provincia di Chieti,10,0,0.0,0,0.0,ROSSO
logistica_3pl,Provincia di Avellino,10,0,0.0,0,0.0,ROSSO
logistica_3pl,Provincia di Ferrara,10,0,0.0,0,0.0,ROSSO
logistica_3pl,Provincia di Rieti,10,0,0.0,0,0.0,ROSSO
logistica_3pl,Provincia di Prato,10,0,0.0,0,0.0,ROSSO
logistica_3pl,Provincia di Lucca,10,0,0.0,0,0.0,ROSSO
logistica_3pl,Città Metropolitana di Bologna,10,0,0.0,0,0.0,ROSSO
logistica_3pl,Città metropolitana di Sassari,10,0,0.0,0,0.0,ROSSO
logistica_3pl,Provincia di Caserta,10,0,0.0,0,0.0,ROSSO
logistica_3pl,Città Metropolitana di Firenze,10,0,0.0,0,0.0,ROSSO
logistica_3pl,Provincia di Massa e Carrara,10,0,0.0,0,0.0,ROSSO
logistica_3pl,Provincia di Rovigo,10,0,0.0,0,0.0,ROSSO
logistica_3pl,Provincia di Cremona,10,0,0.0,0,0.0,ROSSO
logistica_3pl,Città metropolitana di Catania,10,0,0.0,0,0.0,ROSSO
logistica_3pl,Provincia di Fermo,10,0,0.0,0,0.0,ROSSO
logistica_3pl,Città metropolitana di Palermo,10,0,0.0,0,0.0,ROSSO
logistica_3pl,Provincia di Lecco,10,0,0.0,0,0.0,ROSSO
logistica_3pl,Provincia di Ancona,10,0,0.0,0,0.0,ROSSO
logistica_3pl,Provincia di Rimini,10,0,0.0,0,0.0,ROSSO
logistica_3pl,Provincia di Viterbo,10,0,0.0,0,0.0,ROSSO
logistica_3pl,Città Metropolitana di Genova,10,0,0.0,0,0.0,ROSSO
logistica_3pl,Città metropolitana di Messina,10,0,0.0,0,0.0,ROSSO
logistica_3pl,Provincia di Potenza,10,0,0.0,0,0.0,ROSSO
logistica_3pl,Provincia di Vibo Valentia,10,0,0.0,0,0.0,ROSSO
logistica_3pl,Provincia di Latina,10,0,0.0,0,0.0,ROSSO
logistica_3pl,Provincia di Campobasso,10,0,0.0,0,0.0,ROSSO
logistica_3pl,Provincia dell'Aquila,10,0,0.0,0,0.0,ROSSO
logistica_3pl,Provincia di Siena,10,0,0.0,0,0.0,ROSSO
logistica_3pl,Città Metropolitana di Torino,10,0,0.0,0,0.0,ROSSO
logistica_3pl,Provincia di Perugia,10,0,0.0,0,0.0,ROSSO
logistica_3pl,Provincia di Pescara,10,0,0.0,0,0.0,ROSSO
logistica_3pl,Provincia di Taranto,10,0,0.0,0,0.0,ROSSO
logistica_3pl,Provincia di Pordenone,10,0,0.0,0,0.0,ROSSO
logistica_3pl,Provincia di Pistoia,10,0,0.0,0,0.0,ROSSO
logistica_3pl,Provincia di Novara,10,0,0.0,0,0.0,ROSSO
logistica_3pl,Provincia di Matera,10,0,0.0,0,0.0,ROSSO
logistica_3pl,Provincia di Arezzo,10,0,0.0,0,0.0,ROSSO
logistica_3pl,Provincia di Como,10,0,0.0,0,0.0,ROSSO
logistica_3pl,Città metropolitana di Reggio Calabria,10,0,0.0,0,0.0,ROSSO
logistica_3pl,Provincia autonoma di Bolzano - Alto Adige,10,0,0.0,0,0.0,ROSSO
logistica_3pl,Provincia di Pavia,10,0,0.0,0,0.0,ROSSO
logistica_3pl,Provincia di Gorizia,10,0,0.0,0,0.0,ROSSO
logistica_3pl,Provincia di Pesaro e Urbino,10,0,0.0,0,0.0,ROSSO
logistica_3pl,Città Metropolitana di Napoli,10,0,0.0,0,0.0,ROSSO
logistica_3pl,Provincia di Ascoli Piceno,10,0,0.0,0,0.0,ROSSO
logistica_3pl,Provincia di Alessandria,10,0,0.0,0,0.0,ROSSO
logistica_3pl,Provincia di Treviso,10,0,0.0,0,0.0,ROSSO
logistica_3pl,Provincia di Savona,10,0,0.0,0,0.0,ROSSO
logistica_3pl,Provincia di Lodi,10,0,0.0,0,0.0,ROSSO
logistica_3pl,Provincia di Grosseto,10,0,0.0,0,0.0,ROSSO
logistica_3pl,Provincia di Foggia,10,0,0.0,0,0.0,ROSSO
logistica_3pl,Provincia di Frosinone,10,0,0.0,0,0.0,ROSSO
logistica_3pl,Provincia di Monza e della Brianza,10,0,0.0,0,0.0,ROSSO
logistica_3pl,Provincia di Padova,10,0,0.0,0,0.0,ROSSO
logistica_3pl,Provincia di Piacenza,10,0,0.0,0,0.0,ROSSO
logistica_3pl,Provincia di Biella,10,0,0.0,0,0.0,ROSSO
logistica_3pl,Provincia di Livorno,10,0,0.0,0,0.0,ROSSO
logistica_3pl,Provincia di Ravenna,10,0,0.0,0,0.0,ROSSO
logistica_3pl,Provincia di Forlì-Cesena,10,0,0.0,0,0.0,ROSSO
logistica_3pl,Provincia di Isernia,10,0,0.0,0,0.0,ROSSO
logistica_3pl,Provincia di Oristano,10,0,0.0,0,0.0,ROSSO
logistica_3pl,Provincia autonoma di Trento,10,0,0.0,0,0.0,ROSSO
logistica_3pl,Provincia di Parma,10,0,0.0,0,0.0,ROSSO
logistica_3pl,Provincia di Cuneo,10,0,0.0,0,0.0,ROSSO
logistica_3pl,Provincia di Macerata,10,0,0.0,0,0.0,ROSSO
logistica_3pl,Provincia di Pisa,10,0,0.0,0,0.0,ROSSO
logistica_3pl,Provincia di Imperia,10,0,0.0,0,0.0,ROSSO
logistica_3pl,Provincia di Modena,10,0,0.0,0,0.0,ROSSO
logistica_3pl,Provincia di Nuoro,10,0,0.0,0,0.0,ROSSO
logistica_3pl,Provincia di Asti,10,0,0.0,0,0.0,ROSSO
logistica_ecommerce,Città metropolitana di Milano,80,6.58,0.2,0,0.1,ROSSO
logistica_ecommerce,Città metropolitana di Roma Capitale,80,7.7,0.2,0,0.1,ROSSO
logistica_ecommerce,Città Metropolitana di Napoli,60,9.47,0.1,0,0.1,ROSSO
logistica_ecommerce,Città Metropolitana di Firenze,20,4.45,0.0,0,0.0,ROSSO
logistica_ecommerce,Provincia di Massa e Carrara,10,0,0.0,0,0.0,ROSSO
logistica_ecommerce,Città metropolitana di Catania,10,0,0.0,0,0.0,ROSSO
logistica_ecommerce,Provincia di Piacenza,10,0,0.0,0,0.0,ROSSO
logistica_ecommerce,Provincia di Perugia,10,0,0.0,0,0.0,ROSSO
logistica_ecommerce,Provincia di Alessandria,10,0,0.0,0,0.0,ROSSO
logistica_ecommerce,Provincia di Pistoia,10,0,0.0,0,0.0,ROSSO
logistica_ecommerce,Provincia di Taranto,10,0,0.0,0,0.0,ROSSO
logistica_ecommerce,Provincia autonoma di Bolzano - Alto Adige,10,0,0.0,0,0.0,ROSSO
logistica_ecommerce,Provincia di Reggio Emilia,10,0,0.0,0,0.0,ROSSO
logistica_ecommerce,Provincia di Pescara,10,0,0.0,0,0.0,ROSSO
logistica_ecommerce,Città metropolitana di Palermo,10,0,0.0,0,0.0,ROSSO
logistica_ecommerce,Provincia di Frosinone,10,0,0.0,0,0.0,ROSSO
logistica_ecommerce,Città metropolitana di Reggio Calabria,10,0,0.0,0,0.0,ROSSO
logistica_ecommerce,Provincia di Grosseto,10,0,0.0,0,0.0,ROSSO
logistica_ecommerce,Città metropolitana di Messina,10,0,0.0,0,0.0,ROSSO
logistica_ecommerce,Provincia di Modena,10,0,0.0,0,0.0,ROSSO
logistica_ecommerce,Provincia di Gorizia,10,0,0.0,0,0.0,ROSSO
logistica_ecommerce,Provincia di Siena,10,0,0.0,0,0.0,ROSSO
logistica_ecommerce,Città metropolitana di Cagliari,10,0,0.0,0,0.0,ROSSO
logistica_ecommerce,Provincia di Savona,10,0,0.0,0,0.0,ROSSO
logistica_ecommerce,Città metropolitana di Sassari,10,0,0.0,0,0.0,ROSSO
logistica_ecommerce,Città Metropolitana di Bologna,10,0,0.0,0,0.0,ROSSO
logistica_ecommerce,Provincia di Macerata,10,0,0.0,0,0.0,ROSSO
logistica_ecommerce,Provincia di Biella,10,0,0.0,0,0.0,ROSSO
logistica_ecommerce,Provincia di Oristano,10,0,0.0,0,0.0,ROSSO
logistica_ecommerce,Provincia di Pavia,10,0,0.0,0,0.0,ROSSO
logistica_ecommerce,Provincia di Padova,10,0,0.0,0,0.0,ROSSO
logistica_ecommerce,Provincia di Monza e della Brianza,10,0,0.0,0,0.0,ROSSO
logistica_ecommerce,Città Metropolitana di Bari,10,0,0.0,0,0.0,ROSSO
logistica_ecommerce,Provincia di Foggia,10,0,0.0,0,0.0,ROSSO
logistica_ecommerce,Provincia di Ravenna,10,0,0.0,0,0.0,ROSSO
logistica_ecommerce,Provincia di Isernia,10,0,0.0,0,0.0,ROSSO
logistica_ecommerce,Provincia di Livorno,10,0,0.0,0,0.0,ROSSO
logistica_ecommerce,Città Metropolitana di Venezia,10,0,0.0,0,0.0,ROSSO
logistica_ecommerce,Provincia dell'Aquila,10,0,0.0,0,0.0,ROSSO
logistica_ecommerce,Provincia di Arezzo,10,0,0.0,0,0.0,ROSSO
logistica_ecommerce,Provincia di Matera,10,0,0.0,0,0.0,ROSSO
logistica_ecommerce,Provincia di Imperia,10,0,0.0,0,0.0,ROSSO
logistica_ecommerce,Provincia di Novara,10,0,0.0,0,0.0,ROSSO
logistica_ecommerce,Provincia di Parma,10,0,0.0,0,0.0,ROSSO
logistica_ecommerce,Provincia di Cuneo,10,0,0.0,0,0.0,ROSSO
logistica_ecommerce,Provincia di Treviso,10,0,0.0,0,0.0,ROSSO
logistica_ecommerce,Provincia di Brescia,10,0,0.0,0,0.0,ROSSO
logistica_ecommerce,Provincia di Vibo Valentia,10,0,0.0,0,0.0,ROSSO
logistica_ecommerce,Provincia di Latina,10,0,0.0,0,0.0,ROSSO
logistica_ecommerce,Città Metropolitana di Genova,10,0,0.0,0,0.0,ROSSO
logistica_ecommerce,Provincia di Nuoro,10,0,0.0,0,0.0,ROSSO
logistica_ecommerce,Provincia di Pordenone,10,0,0.0,0,0.0,ROSSO
logistica_ecommerce,Provincia di Ancona,10,0,0.0,0,0.0,ROSSO
logistica_ecommerce,Città Metropolitana di Torino,10,0,0.0,0,0.0,ROSSO
logistica_ecommerce,Provincia di Como,10,0,0.0,0,0.0,ROSSO
logistica_ecommerce,Provincia di Belluno,10,0,0.0,0,0.0,ROSSO
logistica_ecommerce,Provincia di Avellino,10,0,0.0,0,0.0,ROSSO
logistica_ecommerce,Provincia di Bergamo,10,0,0.0,0,0.0,ROSSO
logistica_ecommerce,Provincia di Rimini,10,0,0.0,0,0.0,ROSSO
logistica_ecommerce,Provincia di Sondrio,10,0,0.0,0,0.0,ROSSO
logistica_ecommerce,Provincia di Lecce,10,0,0.0,0,0.0,ROSSO
logistica_ecommerce,Provincia di Crotone,10,0,0.0,0,0.0,ROSSO
logistica_ecommerce,Provincia di Cosenza,10,0,0.0,0,0.0,ROSSO
logistica_ecommerce,Provincia di Mantova,10,0,0.0,0,0.0,ROSSO
logistica_ecommerce,Provincia di Chieti,10,0,0.0,0,0.0,ROSSO
logistica_ecommerce,Provincia di Rovigo,10,0,0.0,0,0.0,ROSSO
logistica_ecommerce,Provincia di Salerno,10,0,0.0,0,0.0,ROSSO
logistica_ecommerce,Provincia autonoma di Trento,10,0,0.0,0,0.0,ROSSO
logistica_ecommerce,Provincia di Trieste,10,0,0.0,0,0.0,ROSSO
logistica_ecommerce,Provincia di Terni,10,0,0.0,0,0.0,ROSSO
logistica_ecommerce,Provincia di Vicenza,10,0,0.0,0,0.0,ROSSO
logistica_ecommerce,Provincia di Rieti,10,0,0.0,0,0.0,ROSSO
logistica_ecommerce,Provincia di Prato,10,0,0.0,0,0.0,ROSSO
logistica_ecommerce,Provincia di Lucca,10,0,0.0,0,0.0,ROSSO
logistica_ecommerce,Provincia di Cremona,10,0,0.0,0,0.0,ROSSO
logistica_ecommerce,Provincia di Brindisi,10,0,0.0,0,0.0,ROSSO
logistica_ecommerce,Provincia di Benevento,10,0,0.0,0,0.0,ROSSO
logistica_ecommerce,Provincia di Pisa,10,0,0.0,0,0.0,ROSSO
logistica_ecommerce,Provincia di Vercelli,10,0,0.0,0,0.0,ROSSO
logistica_ecommerce,Provincia di Catanzaro,10,0,0.0,0,0.0,ROSSO
logistica_ecommerce,Provincia di Barletta-Andria-Trani,10,0,0.0,0,0.0,ROSSO
logistica_ecommerce,Provincia di Asti,10,0,0.0,0,0.0,ROSSO
logistica_ecommerce,Provincia di Potenza,10,0,0.0,0,0.0,ROSSO
logistica_ecommerce,Provincia di Ascoli Piceno,10,0,0.0,0,0.0,ROSSO
logistica_ecommerce,Provincia di Viterbo,10,0,0.0,0,0.0,ROSSO
logistica_ecommerce,Provincia di Verona,10,0,0.0,0,0.0,ROSSO
logistica_ecommerce,Provincia di Lecco,10,0,0.0,0,0.0,ROSSO
logistica_ecommerce,Provincia di Pesaro e Urbino,10,0,0.0,0,0.0,ROSSO
logistica_ecommerce,Provincia della Spezia,10,0,0.0,0,0.0,ROSSO
logistica_ecommerce,Provincia di Fermo,10,0,0.0,0,0.0,ROSSO
logistica_ecommerce,Provincia di Ferrara,10,0,0.0,0,0.0,ROSSO
logistica_ecommerce,Provincia di Varese,10,0,0.0,0,0.0,ROSSO
logistica_ecommerce,Provincia di Caserta,10,0,0.0,0,0.0,ROSSO
logistica_ecommerce,Provincia di Teramo,10,0,0.0,0,0.0,ROSSO
logistica_ecommerce,Provincia di Forlì-Cesena,10,0,0.0,0,0.0,ROSSO
logistica_ecommerce,Provincia di Lodi,10,0,0.0,0,0.0,ROSSO
logistica_ecommerce,Provincia di Campobasso,10,0,0.0,0,0.0,ROSSO
logistica_ecommerce,Provincia di Carbonia-Iglesias,0,0,0.0,0,0.0,ROSSO
logopedia,Città metropolitana di Roma Capitale,80,0.91,0.2,0,0.1,ROSSO
logopedia,Città metropolitana di Milano,60,0.38,0.1,0,0.1,ROSSO
logopedia,Provincia di Arezzo,10,0,0.0,0,0.0,ROSSO
logopedia,Provincia di Matera,10,0,0.0,0,0.0,ROSSO
logopedia,Provincia di Novara,10,0,0.0,0,0.0,ROSSO
logopedia,Provincia di Grosseto,10,0,0.0,0,0.0,ROSSO
logopedia,Provincia di Como,10,0,0.0,0,0.0,ROSSO
logopedia,Provincia di Imperia,10,0,0.0,0,0.0,ROSSO
logopedia,Provincia di Piacenza,10,0,0.0,0,0.0,ROSSO
logopedia,Provincia di Benevento,10,0,0.0,0,0.0,ROSSO
logopedia,Provincia di Livorno,10,0,0.0,0,0.0,ROSSO
logopedia,Provincia di Isernia,10,0,0.0,0,0.0,ROSSO
logopedia,Provincia di Ravenna,10,0,0.0,0,0.0,ROSSO
logopedia,Provincia di Carbonia-Iglesias,10,0,0.0,0,0.0,ROSSO
logopedia,Provincia autonoma di Trento,10,0,0.0,0,0.0,ROSSO
logopedia,Provincia di Catanzaro,10,0,0.0,0,0.0,ROSSO
logopedia,Provincia autonoma di Bolzano - Alto Adige,10,0,0.0,0,0.0,ROSSO
logopedia,Provincia di Vibo Valentia,10,0,0.0,0,0.0,ROSSO
logopedia,Provincia di Terni,10,0,0.0,0,0.0,ROSSO
logopedia,Provincia di Brescia,10,0,0.0,0,0.0,ROSSO
logopedia,Provincia della Spezia,10,0,0.0,0,0.0,ROSSO
logopedia,Provincia di Treviso,10,0,0.0,0,0.0,ROSSO
logopedia,Provincia di Lecce,10,0,0.0,0,0.0,ROSSO
logopedia,Provincia di Latina,10,0,0.0,0,0.0,ROSSO
logopedia,Provincia di Macerata,10,0,0.0,0,0.0,ROSSO
logopedia,Provincia di Pesaro e Urbino,10,0,0.0,0,0.0,ROSSO
logopedia,Provincia dell'Aquila,10,0,0.0,0,0.0,ROSSO
logopedia,Provincia di Asti,10,0,0.0,0,0.0,ROSSO
logopedia,Provincia di Pisa,10,0,0.0,0,0.0,ROSSO
logopedia,Provincia di Modena,10,0,0.0,0,0.0,ROSSO
logopedia,Provincia di Gorizia,10,0,0.0,0,0.0,ROSSO
logopedia,Provincia di Perugia,10,0,0.0,0,0.0,ROSSO
logopedia,Provincia di Lucca,10,0,0.0,0,0.0,ROSSO
logopedia,Provincia di Prato,10,0,0.0,0,0.0,ROSSO
logopedia,Provincia di Rieti,10,0,0.0,0,0.0,ROSSO
logopedia,Provincia di Campobasso,10,0,0.0,0,0.0,ROSSO
logopedia,Città Metropolitana di Genova,10,0,0.0,0,0.0,ROSSO
logopedia,Provincia di Pescara,10,0,0.0,0,0.0,ROSSO
logopedia,Provincia di Pistoia,10,0,0.0,0,0.0,ROSSO
logopedia,Provincia di Taranto,10,0,0.0,0,0.0,ROSSO
logopedia,Provincia di Foggia,10,0,0.0,0,0.0,ROSSO
logopedia,Provincia di Padova,10,0,0.0,0,0.0,ROSSO
logopedia,Provincia di Barletta-Andria-Trani,10,0,0.0,0,0.0,ROSSO
logopedia,Provincia di Biella,10,0,0.0,0,0.0,ROSSO
logopedia,Provincia di Alessandria,10,0,0.0,0,0.0,ROSSO
logopedia,Provincia di Lodi,10,0,0.0,0,0.0,ROSSO
logopedia,Provincia di Lecco,10,0,0.0,0,0.0,ROSSO
logopedia,Provincia di Savona,10,0,0.0,0,0.0,ROSSO
logopedia,Provincia di Fermo,10,0,0.0,0,0.0,ROSSO
logopedia,Provincia di Reggio Emilia,10,0,0.0,0,0.0,ROSSO
logopedia,Città metropolitana di Cagliari,10,0,0.0,0,0.0,ROSSO
logopedia,Provincia di Viterbo,10,0,0.0,0,0.0,ROSSO
logopedia,Provincia di Potenza,10,0,0.0,0,0.0,ROSSO
logopedia,Provincia di Forlì-Cesena,10,0,0.0,0,0.0,ROSSO
logopedia,Provincia di Verona,10,0,0.0,0,0.0,ROSSO
logopedia,Provincia di Siena,10,0,0.0,0,0.0,ROSSO
logopedia,Provincia di Avellino,10,0,0.0,0,0.0,ROSSO
logopedia,Città Metropolitana di Napoli,10,0,0.0,0,0.0,ROSSO
logopedia,Provincia di Cremona,10,0,0.0,0,0.0,ROSSO
logopedia,Provincia di Monza e della Brianza,10,0,0.0,0,0.0,ROSSO
logopedia,Città Metropolitana di Bari,10,0,0.0,0,0.0,ROSSO
logopedia,Provincia di Ascoli Piceno,10,0,0.0,0,0.0,ROSSO
logopedia,Provincia di Caserta,10,0,0.0,0,0.0,ROSSO
logopedia,Provincia di Pordenone,10,0,0.0,0,0.0,ROSSO
logopedia,Provincia di Pavia,10,0,0.0,0,0.0,ROSSO
logopedia,Città Metropolitana di Venezia,10,0,0.0,0,0.0,ROSSO
logopedia,Provincia di Massa e Carrara,10,0,0.0,0,0.0,ROSSO
logopedia,Provincia di Teramo,10,0,0.0,0,0.0,ROSSO
logopedia,Città Metropolitana di Torino,10,0,0.0,0,0.0,ROSSO
logopedia,Provincia di Varese,10,0,0.0,0,0.0,ROSSO
logopedia,Provincia di Ferrara,10,0,0.0,0,0.0,ROSSO
logopedia,Provincia di Belluno,10,0,0.0,0,0.0,ROSSO
logopedia,Provincia di Rimini,10,0,0.0,0,0.0,ROSSO
logopedia,Città Metropolitana di Bologna,10,0,0.0,0,0.0,ROSSO
logopedia,Città metropolitana di Sassari,10,0,0.0,0,0.0,ROSSO
logopedia,Provincia di Bergamo,10,0,0.0,0,0.0,ROSSO
logopedia,Provincia di Sondrio,10,0,0.0,0,0.0,ROSSO
logopedia,Città metropolitana di Reggio Calabria,10,0,0.0,0,0.0,ROSSO
logopedia,Provincia di Brindisi,10,0,0.0,0,0.0,ROSSO
logopedia,Provincia di Vercelli,10,0,0.0,0,0.0,ROSSO
logopedia,Provincia di Frosinone,10,0,0.0,0,0.0,ROSSO
logopedia,Provincia di Ancona,10,0,0.0,0,0.0,ROSSO
logopedia,Città Metropolitana di Firenze,10,0,0.0,0,0.0,ROSSO
logopedia,Provincia di Nuoro,10,0,0.0,0,0.0,ROSSO
logopedia,Città metropolitana di Palermo,10,0,0.0,0,0.0,ROSSO
logopedia,Provincia di Trieste,10,0,0.0,0,0.0,ROSSO
logopedia,Provincia di Salerno,10,0,0.0,0,0.0,ROSSO
logopedia,Provincia di Vicenza,10,0,0.0,0,0.0,ROSSO
logopedia,Provincia di Rovigo,10,0,0.0,0,0.0,ROSSO
logopedia,Città metropolitana di Catania,10,0,0.0,0,0.0,ROSSO
logopedia,Provincia di Cuneo,10,0,0.0,0,0.0,ROSSO
logopedia,Provincia di Parma,10,0,0.0,0,0.0,ROSSO
logopedia,Provincia di Chieti,10,0,0.0,0,0.0,ROSSO
logopedia,Provincia di Crotone,10,0,0.0,0,0.0,ROSSO
logopedia,Provincia di Mantova,10,0,0.0,0,0.0,ROSSO
logopedia,Provincia di Cosenza,10,0,0.0,0,0.0,ROSSO
logopedia,Città metropolitana di Messina,10,0,0.0,0,0.0,ROSSO
logopedia,Provincia di Oristano,0,0,0.0,0,0.0,ROSSO
manutenzione_verde,Città metropolitana di Milano,15100,0.48,35.2,10,21.1,VERDE
manutenzione_verde,Città metropolitana di Roma Capitale,8940,0.8,20.9,10,12.5,VERDE
manutenzione_verde,Città Metropolitana di Torino,2140,0.28,5.0,10,3.0,VERDE
manutenzione_verde,Città Metropolitana di Bologna,1990,0.4,4.6,10,2.8,VERDE
manutenzione_verde,Città Metropolitana di Napoli,1550,0.73,3.6,10,2.2,VERDE
manutenzione_verde,Città Metropolitana di Firenze,1520,0.6,3.5,10,2.1,VERDE
manutenzione_verde,Provincia di Padova,1100,0.34,2.6,10,1.5,VERDE
manutenzione_verde,Provincia di Brescia,1090,0.25,2.5,10,1.5,VERDE
manutenzione_verde,Città Metropolitana di Bari,1030,0.06,2.4,10,1.4,VERDE
manutenzione_verde,Provincia di Treviso,880,0.3,2.1,10,1.2,VERDE
manutenzione_verde,Provincia di Vicenza,870,0.41,2.0,10,1.2,VERDE
manutenzione_verde,Città metropolitana di Palermo,870,0.04,2.0,10,1.2,VERDE
manutenzione_verde,Provincia di Verona,820,0.57,1.9,10,1.1,GIALLO
manutenzione_verde,Città Metropolitana di Genova,760,0.35,1.8,10,1.1,GIALLO
manutenzione_verde,Provincia di Bergamo,740,0.54,1.7,10,1.0,GIALLO
manutenzione_verde,Città metropolitana di Cagliari,740,0.03,1.7,10,1.0,GIALLO
manutenzione_verde,Città Metropolitana di Venezia,720,0.34,1.7,10,1.0,GIALLO
manutenzione_verde,Provincia di Varese,660,0.35,1.5,10,0.9,GIALLO
manutenzione_verde,Città metropolitana di Catania,620,0.03,1.4,10,0.9,GIALLO
manutenzione_verde,Provincia di Salerno,570,0.03,1.3,10,0.8,GIALLO
manutenzione_verde,Provincia di Monza e della Brianza,480,0.5,1.1,10,0.7,GIALLO
manutenzione_verde,Provincia di Perugia,450,0.24,1.1,10,0.6,GIALLO
manutenzione_verde,Provincia di Trieste,440,0.3,1.0,10,0.6,GIALLO
manutenzione_verde,Provincia di Ancona,440,0.02,1.0,10,0.6,GIALLO
manutenzione_verde,Provincia di Como,390,0.16,0.9,0,0.5,ROSSO
manutenzione_verde,Provincia di Pescara,390,0.02,0.9,0,0.5,ROSSO
manutenzione_verde,Provincia di Lucca,380,0.54,0.9,0,0.5,ROSSO
manutenzione_verde,Provincia di Cosenza,360,0.03,0.8,0,0.5,ROSSO
manutenzione_verde,Provincia di Pisa,330,0.11,0.8,0,0.5,ROSSO
manutenzione_verde,Provincia di Caserta,320,1.76,0.7,0,0.4,ROSSO
manutenzione_verde,Provincia di Cuneo,310,0,0.7,0,0.4,ROSSO
manutenzione_verde,Provincia autonoma di Trento,310,0,0.7,0,0.4,ROSSO
manutenzione_verde,Provincia di Lecce,290,0.03,0.7,0,0.4,ROSSO
manutenzione_verde,Città metropolitana di Reggio Calabria,280,0,0.7,0,0.4,ROSSO
manutenzione_verde,Provincia di Alessandria,270,0.48,0.6,0,0.4,ROSSO
manutenzione_verde,Provincia di Modena,270,0.32,0.6,0,0.4,ROSSO
manutenzione_verde,Provincia di Frosinone,270,0,0.6,0,0.4,ROSSO
manutenzione_verde,Città metropolitana di Sassari,260,0.02,0.6,0,0.4,ROSSO
manutenzione_verde,Provincia di Pavia,260,0.02,0.6,0,0.4,ROSSO
manutenzione_verde,Provincia di Livorno,260,0.02,0.6,0,0.4,ROSSO
manutenzione_verde,Provincia di Latina,250,0.67,0.6,0,0.4,ROSSO
manutenzione_verde,Provincia di Taranto,240,0,0.6,0,0.3,ROSSO
manutenzione_verde,Provincia di Arezzo,230,0.02,0.5,0,0.3,ROSSO
manutenzione_verde,Provincia di Novara,220,0.03,0.5,0,0.3,ROSSO
manutenzione_verde,Provincia di Avellino,220,0,0.5,0,0.3,ROSSO
manutenzione_verde,Provincia di Potenza,200,0,0.5,0,0.3,ROSSO
manutenzione_verde,Città metropolitana di Messina,190,0.02,0.4,0,0.3,ROSSO
manutenzione_verde,Provincia di Viterbo,190,0.38,0.4,0,0.3,ROSSO
manutenzione_verde,Provincia di Chieti,190,0,0.4,0,0.3,ROSSO
manutenzione_verde,Provincia di Rimini,180,0.85,0.4,0,0.3,ROSSO
manutenzione_verde,Provincia di Siena,180,0.41,0.4,0,0.3,ROSSO
manutenzione_verde,Provincia di Pordenone,170,0.2,0.4,0,0.2,ROSSO
manutenzione_verde,Provincia di Lecco,170,1.56,0.4,0,0.2,ROSSO
manutenzione_verde,Provincia di Reggio Emilia,170,1.7,0.4,0,0.2,ROSSO
manutenzione_verde,Provincia di Catanzaro,170,0,0.4,0,0.2,ROSSO
manutenzione_verde,Provincia di Pesaro e Urbino,170,0.03,0.4,0,0.2,ROSSO
manutenzione_verde,Provincia della Spezia,160,0.05,0.4,0,0.2,ROSSO
manutenzione_verde,Provincia di Parma,160,0.31,0.4,0,0.2,ROSSO
manutenzione_verde,Provincia di Savona,150,0.03,0.4,0,0.2,ROSSO
manutenzione_verde,Provincia di Macerata,140,0.03,0.3,0,0.2,ROSSO
manutenzione_verde,Provincia di Foggia,130,0,0.3,0,0.2,ROSSO
manutenzione_verde,Provincia di Benevento,130,0,0.3,0,0.2,ROSSO
manutenzione_verde,Provincia di Pistoia,130,0,0.3,0,0.2,ROSSO
manutenzione_verde,Provincia di Belluno,110,0,0.3,0,0.2,ROSSO
manutenzione_verde,Provincia di Forlì-Cesena,110,0,0.3,0,0.2,ROSSO
manutenzione_verde,Provincia di Nuoro,110,0,0.3,0,0.2,ROSSO
manutenzione_verde,Provincia di Teramo,110,0,0.3,0,0.2,ROSSO
manutenzione_verde,Provincia di Grosseto,110,0,0.3,0,0.2,ROSSO
manutenzione_verde,Provincia di Mantova,100,0,0.2,0,0.1,ROSSO
manutenzione_verde,Provincia di Cremona,100,0,0.2,0,0.1,ROSSO
manutenzione_verde,Provincia di Ascoli Piceno,100,0,0.2,0,0.1,ROSSO
manutenzione_verde,Provincia di Oristano,100,0,0.2,0,0.1,ROSSO
manutenzione_verde,Provincia di Ravenna,100,0,0.2,0,0.1,ROSSO
manutenzione_verde,Provincia di Piacenza,90,0.02,0.2,0,0.1,ROSSO
manutenzione_verde,Provincia di Terni,80,0,0.2,0,0.1,ROSSO
manutenzione_verde,Provincia di Rieti,80,0.03,0.2,0,0.1,ROSSO
manutenzione_verde,Provincia di Campobasso,80,0,0.2,0,0.1,ROSSO
manutenzione_verde,Provincia dell'Aquila,80,0,0.2,0,0.1,ROSSO
manutenzione_verde,Provincia di Barletta-Andria-Trani,80,0,0.2,0,0.1,ROSSO
manutenzione_verde,Provincia di Massa e Carrara,70,0,0.2,0,0.1,ROSSO
manutenzione_verde,Provincia di Carbonia-Iglesias,70,0.59,0.2,0,0.1,ROSSO
manutenzione_verde,Provincia di Imperia,70,0.03,0.2,0,0.1,ROSSO
manutenzione_verde,Provincia autonoma di Bolzano - Alto Adige,60,0,0.1,0,0.1,ROSSO
manutenzione_verde,Provincia di Brindisi,60,0,0.1,0,0.1,ROSSO
manutenzione_verde,Provincia di Biella,60,0,0.1,0,0.1,ROSSO
manutenzione_verde,Provincia di Sondrio,60,0,0.1,0,0.1,ROSSO
manutenzione_verde,Provincia di Ferrara,60,0,0.1,0,0.1,ROSSO
manutenzione_verde,Provincia di Fermo,60,0,0.1,0,0.1,ROSSO
manutenzione_verde,Provincia di Asti,60,0,0.1,0,0.1,ROSSO
manutenzione_verde,Provincia di Prato,60,0,0.1,0,0.1,ROSSO
manutenzione_verde,Provincia di Matera,50,0,0.1,0,0.1,ROSSO
manutenzione_verde,Provincia di Crotone,40,0,0.1,0,0.1,ROSSO
manutenzione_verde,Provincia di Vibo Valentia,30,0,0.1,0,0.0,ROSSO
manutenzione_verde,Provincia di Vercelli,30,0,0.1,0,0.0,ROSSO
manutenzione_verde,Provincia di Lodi,30,0,0.1,0,0.0,ROSSO
manutenzione_verde,Provincia di Gorizia,30,0,0.1,0,0.0,ROSSO
manutenzione_verde,Provincia di Rovigo,30,0,0.1,0,0.0,ROSSO
manutenzione_verde,Provincia di Isernia,30,0,0.1,0,0.0,ROSSO
marmisti,Città metropolitana di Milano,3200,0.52,7.5,10,4.5,VERDE
marmisti,Città metropolitana di Roma Capitale,1600,0.49,3.7,10,2.2,VERDE
marmisti,Città Metropolitana di Napoli,500,0.57,1.2,10,0.7,GIALLO
marmisti,Città Metropolitana di Firenze,360,0.62,0.8,0,0.5,ROSSO
marmisti,Città Metropolitana di Torino,330,0.65,0.8,0,0.5,ROSSO
marmisti,Città Metropolitana di Bologna,260,0.85,0.6,0,0.4,ROSSO
marmisti,Provincia di Padova,190,0.44,0.4,0,0.3,ROSSO
marmisti,Città metropolitana di Palermo,180,0.44,0.4,0,0.3,ROSSO
marmisti,Provincia di Brescia,160,0.71,0.4,0,0.2,ROSSO
marmisti,Città Metropolitana di Bari,160,0.67,0.4,0,0.2,ROSSO
marmisti,Provincia di Vicenza,160,0.63,0.4,0,0.2,ROSSO
marmisti,Città metropolitana di Catania,130,0.68,0.3,0,0.2,ROSSO
marmisti,Provincia di Verona,130,0.63,0.3,0,0.2,ROSSO
marmisti,Città metropolitana di Cagliari,110,0.44,0.3,0,0.2,ROSSO
marmisti,Città Metropolitana di Genova,110,0.78,0.3,0,0.2,ROSSO
marmisti,Città Metropolitana di Venezia,100,0.56,0.2,0,0.1,ROSSO
marmisti,Provincia di Bergamo,100,0.49,0.2,0,0.1,ROSSO
marmisti,Provincia di Treviso,90,0.35,0.2,0,0.1,ROSSO
marmisti,Provincia di Modena,90,1.08,0.2,0,0.1,ROSSO
marmisti,Provincia di Salerno,80,0.45,0.2,0,0.1,ROSSO
marmisti,Provincia di Lucca,80,0.2,0.2,0,0.1,ROSSO
marmisti,Provincia di Monza e della Brianza,70,0.64,0.2,0,0.1,ROSSO
marmisti,Provincia di Pisa,70,0.62,0.2,0,0.1,ROSSO
marmisti,Provincia di Reggio Emilia,70,0.72,0.2,0,0.1,ROSSO
marmisti,Provincia di Varese,70,0.52,0.2,0,0.1,ROSSO
marmisti,Provincia di Avellino,60,0,0.1,0,0.1,ROSSO
marmisti,Provincia di Alessandria,50,0.75,0.1,0,0.1,ROSSO
marmisti,Provincia di Caserta,50,0.82,0.1,0,0.1,ROSSO
marmisti,Provincia autonoma di Trento,50,0.59,0.1,0,0.1,ROSSO
marmisti,Provincia di Frosinone,40,0.44,0.1,0,0.1,ROSSO
marmisti,Provincia di Parma,40,0.35,0.1,0,0.1,ROSSO
marmisti,Provincia di Como,40,0.64,0.1,0,0.1,ROSSO
marmisti,Provincia di Taranto,40,0.78,0.1,0,0.1,ROSSO
marmisti,Provincia di Perugia,40,0.72,0.1,0,0.1,ROSSO
marmisti,Provincia di Forlì-Cesena,40,0,0.1,0,0.1,ROSSO
marmisti,Provincia di Lecce,40,0.34,0.1,0,0.1,ROSSO
marmisti,Provincia di Pavia,30,0.88,0.1,0,0.0,ROSSO
marmisti,Provincia di Latina,30,0,0.1,0,0.0,ROSSO
marmisti,Provincia di Novara,30,0.29,0.1,0,0.0,ROSSO
marmisti,Città metropolitana di Messina,30,0,0.1,0,0.0,ROSSO
marmisti,Provincia di Pescara,30,0.95,0.1,0,0.0,ROSSO
marmisti,Provincia di Cremona,30,0,0.1,0,0.0,ROSSO
marmisti,Provincia di Trieste,30,0,0.1,0,0.0,ROSSO
marmisti,Provincia di Pesaro e Urbino,30,0,0.1,0,0.0,ROSSO
marmisti,Provincia di Rimini,30,0.42,0.1,0,0.0,ROSSO
marmisti,Provincia di Ravenna,20,0.95,0.0,0,0.0,ROSSO
marmisti,Provincia di Livorno,20,0.7,0.0,0,0.0,ROSSO
marmisti,Provincia di Arezzo,20,0.11,0.0,0,0.0,ROSSO
marmisti,Provincia di Cuneo,20,0.17,0.0,0,0.0,ROSSO
marmisti,Provincia di Potenza,20,0.21,0.0,0,0.0,ROSSO
marmisti,Provincia di Cosenza,20,0.5,0.0,0,0.0,ROSSO
marmisti,Provincia di Chieti,20,0.1,0.0,0,0.0,ROSSO
marmisti,Provincia dell'Aquila,10,0,0.0,0,0.0,ROSSO
marmisti,Provincia di Massa e Carrara,10,0,0.0,0,0.0,ROSSO
marmisti,Provincia di Vibo Valentia,10,0,0.0,0,0.0,ROSSO
marmisti,Provincia di Carbonia-Iglesias,10,0,0.0,0,0.0,ROSSO
marmisti,Provincia di Asti,10,0,0.0,0,0.0,ROSSO
marmisti,Provincia di Lodi,10,0,0.0,0,0.0,ROSSO
marmisti,Provincia di Isernia,10,0,0.0,0,0.0,ROSSO
marmisti,Provincia di Siena,10,0,0.0,0,0.0,ROSSO
marmisti,Provincia di Matera,10,0,0.0,0,0.0,ROSSO
marmisti,Provincia di Imperia,10,0,0.0,0,0.0,ROSSO
marmisti,Provincia di Grosseto,10,0,0.0,0,0.0,ROSSO
marmisti,Provincia di Biella,10,0,0.0,0,0.0,ROSSO
marmisti,Provincia di Nuoro,10,0,0.0,0,0.0,ROSSO
marmisti,Provincia di Foggia,10,0,0.0,0,0.0,ROSSO
marmisti,Provincia di Piacenza,10,0,0.0,0,0.0,ROSSO
marmisti,Provincia di Savona,10,0,0.0,0,0.0,ROSSO
marmisti,Provincia di Pistoia,10,0,0.0,0,0.0,ROSSO
marmisti,Città metropolitana di Sassari,10,0,0.0,0,0.0,ROSSO
marmisti,Provincia di Oristano,10,0,0.0,0,0.0,ROSSO
marmisti,Provincia di Gorizia,10,0,0.0,0,0.0,ROSSO
marmisti,Provincia di Pordenone,10,0,0.0,0,0.0,ROSSO
marmisti,Provincia di Macerata,10,0,0.0,0,0.0,ROSSO
marmisti,Provincia autonoma di Bolzano - Alto Adige,10,0,0.0,0,0.0,ROSSO
marmisti,Provincia di Teramo,10,0,0.0,0,0.0,ROSSO
marmisti,Provincia di Ferrara,10,0,0.0,0,0.0,ROSSO
marmisti,Provincia di Terni,10,0,0.0,0,0.0,ROSSO
marmisti,Provincia di Brindisi,10,0,0.0,0,0.0,ROSSO
marmisti,Provincia di Vercelli,10,0,0.0,0,0.0,ROSSO
marmisti,Provincia di Ascoli Piceno,10,0,0.0,0,0.0,ROSSO
marmisti,Provincia di Viterbo,10,0,0.0,0,0.0,ROSSO
marmisti,Provincia di Rovigo,10,0,0.0,0,0.0,ROSSO
marmisti,Provincia di Catanzaro,10,0,0.0,0,0.0,ROSSO
marmisti,Provincia di Mantova,10,0,0.0,0,0.0,ROSSO
marmisti,Provincia di Benevento,10,0,0.0,0,0.0,ROSSO
marmisti,Provincia di Crotone,10,0,0.0,0,0.0,ROSSO
marmisti,Città metropolitana di Reggio Calabria,10,0,0.0,0,0.0,ROSSO
marmisti,Provincia di Campobasso,10,0,0.0,0,0.0,ROSSO
marmisti,Provincia di Lecco,10,0,0.0,0,0.0,ROSSO
marmisti,Provincia di Fermo,10,0,0.0,0,0.0,ROSSO
marmisti,Provincia della Spezia,10,0,0.0,0,0.0,ROSSO
marmisti,Provincia di Rieti,10,0,0.0,0,0.0,ROSSO
marmisti,Provincia di Prato,10,0,0.0,0,0.0,ROSSO
marmisti,Provincia di Ancona,10,0,0.0,0,0.0,ROSSO
marmisti,Provincia di Barletta-Andria-Trani,10,0,0.0,0,0.0,ROSSO
marmisti,Provincia di Sondrio,10,0,0.0,0,0.0,ROSSO
marmisti,Provincia di Belluno,10,0,0.0,0,0.0,ROSSO
medicina_estetica,Città metropolitana di Milano,24380,0.82,56.9,10,34.1,VERDE
medicina_estetica,Città metropolitana di Roma Capitale,15090,0.62,35.2,10,21.1,VERDE
medicina_estetica,Città Metropolitana di Napoli,6690,0.45,15.6,10,9.4,VERDE
medicina_estetica,Città Metropolitana di Torino,3530,0.69,8.2,10,4.9,VERDE
medicina_estetica,Città Metropolitana di Bologna,3040,0.73,7.1,10,4.3,VERDE
medicina_estetica,Provincia di Brescia,2050,0.51,4.8,10,2.9,VERDE
medicina_estetica,Città Metropolitana di Bari,1990,0.54,4.6,10,2.8,VERDE
medicina_estetica,Città metropolitana di Palermo,1730,0.59,4.0,10,2.4,VERDE
medicina_estetica,Città Metropolitana di Firenze,1680,0.55,3.9,10,2.4,VERDE
medicina_estetica,Provincia di Treviso,1620,0.73,3.8,10,2.3,VERDE
medicina_estetica,Provincia di Bergamo,1620,0.84,3.8,10,2.3,VERDE
medicina_estetica,Città metropolitana di Catania,1530,0.5,3.6,10,2.1,VERDE
medicina_estetica,Provincia di Padova,1520,0.7,3.5,10,2.1,VERDE
medicina_estetica,Provincia di Monza e della Brianza,1450,0.53,3.4,10,2.0,VERDE
medicina_estetica,Provincia di Salerno,1410,0.49,3.3,10,2.0,VERDE
medicina_estetica,Città Metropolitana di Venezia,1340,0.68,3.1,10,1.9,VERDE
medicina_estetica,Provincia di Varese,1240,0.58,2.9,10,1.7,VERDE
medicina_estetica,Città metropolitana di Cagliari,1230,0.49,2.9,10,1.7,VERDE
medicina_estetica,Provincia di Verona,1160,0.6,2.7,10,1.6,VERDE
medicina_estetica,Provincia di Caserta,1110,0.64,2.6,10,1.6,VERDE
medicina_estetica,Provincia di Vicenza,960,0.9,2.2,10,1.3,VERDE
medicina_estetica,Città Metropolitana di Genova,920,0.52,2.1,10,1.3,VERDE
medicina_estetica,Provincia di Como,800,0.55,1.9,10,1.1,GIALLO
medicina_estetica,Provincia di Modena,710,0.53,1.7,10,1.0,GIALLO
medicina_estetica,Provincia di Pescara,670,0.48,1.6,10,0.9,GIALLO
medicina_estetica,Provincia di Lecce,640,0.52,1.5,10,0.9,GIALLO
medicina_estetica,Provincia di Pavia,620,0.71,1.4,10,0.9,GIALLO
medicina_estetica,Provincia di Rimini,580,0.62,1.4,10,0.8,GIALLO
medicina_estetica,Provincia di Latina,560,0.45,1.3,10,0.8,GIALLO
medicina_estetica,Provincia di Ancona,530,0.81,1.2,10,0.7,GIALLO
medicina_estetica,Provincia di Taranto,500,0.43,1.2,10,0.7,GIALLO
medicina_estetica,Provincia di Perugia,500,0.52,1.2,10,0.7,GIALLO
medicina_estetica,Provincia di Reggio Emilia,500,0.49,1.2,10,0.7,GIALLO
medicina_estetica,Città metropolitana di Sassari,460,1.06,1.1,10,0.6,GIALLO
medicina_estetica,Provincia di Parma,450,0.42,1.1,10,0.6,GIALLO
medicina_estetica,Città metropolitana di Reggio Calabria,430,0.4,1.0,10,0.6,GIALLO
medicina_estetica,Provincia autonoma di Trento,430,0.55,1.0,10,0.6,GIALLO
medicina_estetica,Città metropolitana di Messina,390,0.5,0.9,0,0.5,ROSSO
medicina_estetica,Provincia di Novara,390,0.47,0.9,0,0.5,ROSSO
medicina_estetica,Provincia di Pisa,380,0.49,0.9,0,0.5,ROSSO
medicina_estetica,Provincia di Cuneo,380,0.68,0.9,0,0.5,ROSSO
medicina_estetica,Provincia di Mantova,370,0.55,0.9,0,0.5,ROSSO
medicina_estetica,Provincia di Trieste,370,0.95,0.9,0,0.5,ROSSO
medicina_estetica,Provincia di Cremona,370,0.45,0.9,0,0.5,ROSSO
medicina_estetica,Provincia di Avellino,360,0.68,0.8,0,0.5,ROSSO
medicina_estetica,Provincia di Cosenza,360,0.39,0.8,0,0.5,ROSSO
medicina_estetica,Provincia di Foggia,350,0.36,0.8,0,0.5,ROSSO
medicina_estetica,Provincia di Piacenza,350,0.43,0.8,0,0.5,ROSSO
medicina_estetica,Provincia di Forlì-Cesena,330,0.54,0.8,0,0.5,ROSSO
medicina_estetica,Provincia di Lucca,330,0.5,0.8,0,0.5,ROSSO
medicina_estetica,Provincia di Frosinone,330,0.43,0.8,0,0.5,ROSSO
medicina_estetica,Provincia di Lecco,330,0.46,0.8,0,0.5,ROSSO
medicina_estetica,Provincia di Livorno,300,0.6,0.7,0,0.4,ROSSO
medicina_estetica,Provincia di Ravenna,300,0.43,0.7,0,0.4,ROSSO
medicina_estetica,Provincia di Pesaro e Urbino,280,0.62,0.7,0,0.4,ROSSO
medicina_estetica,Provincia di Chieti,250,0.39,0.6,0,0.4,ROSSO
medicina_estetica,Provincia di Brindisi,240,0.8,0.6,0,0.3,ROSSO
medicina_estetica,Provincia di Pistoia,230,0.39,0.5,0,0.3,ROSSO
medicina_estetica,Provincia di Alessandria,230,0.77,0.5,0,0.3,ROSSO
medicina_estetica,Provincia di Asti,230,0.54,0.5,0,0.3,ROSSO
medicina_estetica,Provincia di Teramo,210,0.26,0.5,0,0.3,ROSSO
medicina_estetica,Provincia dell'Aquila,210,0.68,0.5,0,0.3,ROSSO
medicina_estetica,Provincia di Lodi,210,0.59,0.5,0,0.3,ROSSO
medicina_estetica,Provincia di Savona,210,0.3,0.5,0,0.3,ROSSO
medicina_estetica,Provincia di Prato,200,0.39,0.5,0,0.3,ROSSO
medicina_estetica,Provincia della Spezia,200,0.31,0.5,0,0.3,ROSSO
medicina_estetica,Provincia di Viterbo,200,0.29,0.5,0,0.3,ROSSO
medicina_estetica,Provincia di Barletta-Andria-Trani,200,0.33,0.5,0,0.3,ROSSO
medicina_estetica,Provincia di Potenza,200,0.3,0.5,0,0.3,ROSSO
medicina_estetica,Provincia di Catanzaro,200,0.31,0.5,0,0.3,ROSSO
medicina_estetica,Provincia autonoma di Bolzano - Alto Adige,190,0.51,0.4,0,0.3,ROSSO
medicina_estetica,Provincia di Ferrara,190,0.43,0.4,0,0.3,ROSSO
medicina_estetica,Provincia di Macerata,190,0.56,0.4,0,0.3,ROSSO
medicina_estetica,Provincia di Ascoli Piceno,180,0.35,0.4,0,0.3,ROSSO
medicina_estetica,Provincia di Arezzo,170,0.45,0.4,0,0.2,ROSSO
medicina_estetica,Provincia di Benevento,170,0.87,0.4,0,0.2,ROSSO
medicina_estetica,Provincia di Massa e Carrara,150,0.63,0.4,0,0.2,ROSSO
medicina_estetica,Provincia di Imperia,150,0,0.4,0,0.2,ROSSO
medicina_estetica,Provincia di Pordenone,150,0.62,0.4,0,0.2,ROSSO
medicina_estetica,Provincia di Siena,150,0,0.4,0,0.2,ROSSO
medicina_estetica,Provincia di Fermo,130,0.68,0.3,0,0.2,ROSSO
medicina_estetica,Provincia di Grosseto,130,0.52,0.3,0,0.2,ROSSO
medicina_estetica,Provincia di Rovigo,120,0.56,0.3,0,0.2,ROSSO
medicina_estetica,Provincia di Terni,120,1.94,0.3,0,0.2,ROSSO
medicina_estetica,Provincia di Sondrio,110,0.17,0.3,0,0.2,ROSSO
medicina_estetica,Provincia di Nuoro,90,0.23,0.2,0,0.1,ROSSO
medicina_estetica,Provincia di Vercelli,80,0.34,0.2,0,0.1,ROSSO
medicina_estetica,Provincia di Belluno,80,0.76,0.2,0,0.1,ROSSO
medicina_estetica,Provincia di Rieti,70,0,0.2,0,0.1,ROSSO
medicina_estetica,Provincia di Campobasso,70,0,0.2,0,0.1,ROSSO
medicina_estetica,Provincia di Matera,60,0,0.1,0,0.1,ROSSO
medicina_estetica,Provincia di Oristano,50,0.21,0.1,0,0.1,ROSSO
medicina_estetica,Provincia di Gorizia,30,0,0.1,0,0.0,ROSSO
medicina_estetica,Provincia di Vibo Valentia,30,0,0.1,0,0.0,ROSSO
medicina_estetica,Provincia di Crotone,30,0,0.1,0,0.0,ROSSO
medicina_estetica,Provincia di Carbonia-Iglesias,30,0,0.1,0,0.0,ROSSO
medicina_estetica,Provincia di Biella,30,0,0.1,0,0.0,ROSSO
medicina_estetica,Provincia di Isernia,10,0,0.0,0,0.0,ROSSO
medicina_lavoro,Città metropolitana di Milano,2560,1.86,6.0,11,3.6,VERDE
medicina_lavoro,Città metropolitana di Roma Capitale,1650,2.09,3.9,10,2.3,VERDE
medicina_lavoro,Città Metropolitana di Torino,530,2.46,1.2,10,0.7,GIALLO
medicina_lavoro,Città Metropolitana di Napoli,520,0.92,1.2,10,0.7,GIALLO
medicina_lavoro,Provincia di Padova,470,2.26,1.1,10,0.7,GIALLO
medicina_lavoro,Città metropolitana di Palermo,400,0,0.9,0,0.6,ROSSO
medicina_lavoro,Città Metropolitana di Bologna,370,1.28,0.9,0,0.5,ROSSO
medicina_lavoro,Città Metropolitana di Bari,280,1.01,0.7,0,0.4,ROSSO
medicina_lavoro,Provincia di Brescia,250,2.09,0.6,0,0.4,ROSSO
medicina_lavoro,Città Metropolitana di Firenze,240,1.0,0.6,0,0.3,ROSSO
medicina_lavoro,Provincia di Vicenza,230,1.99,0.5,0,0.3,ROSSO
medicina_lavoro,Provincia di Bergamo,220,1.4,0.5,0,0.3,ROSSO
medicina_lavoro,Provincia di Salerno,190,1.53,0.4,0,0.3,ROSSO
medicina_lavoro,Provincia di Verona,180,1.82,0.4,0,0.3,ROSSO
medicina_lavoro,Provincia di Varese,180,2.08,0.4,0,0.3,ROSSO
medicina_lavoro,Città metropolitana di Cagliari,180,0.63,0.4,0,0.3,ROSSO
medicina_lavoro,Provincia di Monza e della Brianza,180,2.22,0.4,0,0.3,ROSSO
medicina_lavoro,Città Metropolitana di Venezia,180,1.95,0.4,0,0.3,ROSSO
medicina_lavoro,Città metropolitana di Catania,170,0,0.4,0,0.2,ROSSO
medicina_lavoro,Provincia di Treviso,150,1.56,0.4,0,0.2,ROSSO
medicina_lavoro,Provincia di Caserta,140,0.86,0.3,0,0.2,ROSSO
medicina_lavoro,Città Metropolitana di Genova,110,1.33,0.3,0,0.2,ROSSO
medicina_lavoro,Provincia di Pescara,100,1.18,0.2,0,0.1,ROSSO
medicina_lavoro,Provincia di Como,90,2.24,0.2,0,0.1,ROSSO
medicina_lavoro,Provincia di Forlì-Cesena,90,0.64,0.2,0,0.1,ROSSO
medicina_lavoro,Provincia di Modena,90,1.95,0.2,0,0.1,ROSSO
medicina_lavoro,Provincia di Pavia,90,1.93,0.2,0,0.1,ROSSO
medicina_lavoro,Provincia di Perugia,90,0,0.2,0,0.1,ROSSO
medicina_lavoro,Provincia di Trieste,80,0.71,0.2,0,0.1,ROSSO
medicina_lavoro,Provincia autonoma di Bolzano - Alto Adige,80,0,0.2,0,0.1,ROSSO
medicina_lavoro,Provincia di Mantova,80,1.1,0.2,0,0.1,ROSSO
medicina_lavoro,Provincia di Lecce,80,0,0.2,0,0.1,ROSSO
medicina_lavoro,Provincia di Reggio Emilia,80,2.12,0.2,0,0.1,ROSSO
medicina_lavoro,Provincia di Parma,80,1.07,0.2,0,0.1,ROSSO
medicina_lavoro,Provincia di Potenza,70,2.91,0.2,0,0.1,ROSSO
medicina_lavoro,Provincia di Cremona,70,1.6,0.2,0,0.1,ROSSO
medicina_lavoro,Provincia autonoma di Trento,70,1.03,0.2,0,0.1,ROSSO
medicina_lavoro,Provincia di Ancona,70,0,0.2,0,0.1,ROSSO
medicina_lavoro,Provincia di Rimini,70,0.72,0.2,0,0.1,ROSSO
medicina_lavoro,Provincia di Novara,70,1.37,0.2,0,0.1,ROSSO
medicina_lavoro,Provincia di Latina,70,0.96,0.2,0,0.1,ROSSO
medicina_lavoro,Provincia di Cuneo,70,1.57,0.2,0,0.1,ROSSO
medicina_lavoro,Provincia di Piacenza,70,1.22,0.2,0,0.1,ROSSO
medicina_lavoro,Provincia di Pisa,60,1.08,0.1,0,0.1,ROSSO
medicina_lavoro,Provincia di Lucca,60,1.38,0.1,0,0.1,ROSSO
medicina_lavoro,Provincia di Teramo,60,0,0.1,0,0.1,ROSSO
medicina_lavoro,Provincia di Avellino,60,0,0.1,0,0.1,ROSSO
medicina_lavoro,Città metropolitana di Messina,60,0,0.1,0,0.1,ROSSO
medicina_lavoro,Provincia di Ravenna,60,1.15,0.1,0,0.1,ROSSO
medicina_lavoro,Provincia di Frosinone,60,1.16,0.1,0,0.1,ROSSO
medicina_lavoro,Provincia di Foggia,60,0,0.1,0,0.1,ROSSO
medicina_lavoro,Provincia di Prato,50,1.04,0.1,0,0.1,ROSSO
medicina_lavoro,Provincia di Lecco,50,1.34,0.1,0,0.1,ROSSO
medicina_lavoro,Provincia di Cosenza,50,0,0.1,0,0.1,ROSSO
medicina_lavoro,Città metropolitana di Sassari,50,1.34,0.1,0,0.1,ROSSO
medicina_lavoro,Città metropolitana di Reggio Calabria,50,0,0.1,0,0.1,ROSSO
medicina_lavoro,Provincia di Taranto,50,0,0.1,0,0.1,ROSSO
medicina_lavoro,Provincia di Catanzaro,40,0,0.1,0,0.1,ROSSO
medicina_lavoro,Provincia di Lodi,40,0.85,0.1,0,0.1,ROSSO
medicina_lavoro,Provincia di Chieti,40,0,0.1,0,0.1,ROSSO
medicina_lavoro,Provincia di Alessandria,40,1.37,0.1,0,0.1,ROSSO
medicina_lavoro,Provincia di Oristano,40,0,0.1,0,0.1,ROSSO
medicina_lavoro,Provincia di Brindisi,30,0.91,0.1,0,0.0,ROSSO
medicina_lavoro,Provincia di Ferrara,30,0,0.1,0,0.0,ROSSO
medicina_lavoro,Provincia di Viterbo,30,0,0.1,0,0.0,ROSSO
medicina_lavoro,Provincia di Benevento,30,0,0.1,0,0.0,ROSSO
medicina_lavoro,Provincia di Campobasso,30,0,0.1,0,0.0,ROSSO
medicina_lavoro,Provincia di Pesaro e Urbino,30,0,0.1,0,0.0,ROSSO
medicina_lavoro,Provincia di Barletta-Andria-Trani,30,0,0.1,0,0.0,ROSSO
medicina_lavoro,Provincia di Rovigo,30,0,0.1,0,0.0,ROSSO
medicina_lavoro,Provincia dell'Aquila,30,0,0.1,0,0.0,ROSSO
medicina_lavoro,Provincia di Matera,30,0,0.1,0,0.0,ROSSO
medicina_lavoro,Provincia di Arezzo,30,0,0.1,0,0.0,ROSSO
medicina_lavoro,Provincia di Pordenone,30,0,0.1,0,0.0,ROSSO
medicina_lavoro,Provincia di Imperia,30,0,0.1,0,0.0,ROSSO
medicina_lavoro,Provincia di Livorno,30,0,0.1,0,0.0,ROSSO
medicina_lavoro,Provincia di Siena,30,1.27,0.1,0,0.0,ROSSO
medicina_lavoro,Provincia di Savona,30,1.18,0.1,0,0.0,ROSSO
medicina_lavoro,Provincia di Macerata,30,0,0.1,0,0.0,ROSSO
medicina_lavoro,Provincia di Pistoia,30,1.33,0.1,0,0.0,ROSSO
medicina_lavoro,Provincia di Massa e Carrara,20,1.56,0.0,0,0.0,ROSSO
medicina_lavoro,Provincia di Asti,10,0,0.0,0,0.0,ROSSO
medicina_lavoro,Provincia della Spezia,10,0,0.0,0,0.0,ROSSO
medicina_lavoro,Provincia di Rieti,10,0,0.0,0,0.0,ROSSO
medicina_lavoro,Provincia di Vercelli,10,0,0.0,0,0.0,ROSSO
medicina_lavoro,Provincia di Fermo,10,0,0.0,0,0.0,ROSSO
medicina_lavoro,Provincia di Carbonia-Iglesias,10,0,0.0,0,0.0,ROSSO
medicina_lavoro,Provincia di Crotone,10,0,0.0,0,0.0,ROSSO
medicina_lavoro,Provincia di Belluno,10,0,0.0,0,0.0,ROSSO
medicina_lavoro,Provincia di Terni,10,0,0.0,0,0.0,ROSSO
medicina_lavoro,Provincia di Sondrio,10,0,0.0,0,0.0,ROSSO
medicina_lavoro,Provincia di Ascoli Piceno,10,0,0.0,0,0.0,ROSSO
medicina_lavoro,Provincia di Nuoro,10,0,0.0,0,0.0,ROSSO
medicina_lavoro,Provincia di Isernia,10,0,0.0,0,0.0,ROSSO
medicina_lavoro,Provincia di Grosseto,10,0,0.0,0,0.0,ROSSO
medicina_lavoro,Provincia di Vibo Valentia,10,0,0.0,0,0.0,ROSSO
medicina_lavoro,Provincia di Gorizia,10,0,0.0,0,0.0,ROSSO
medicina_lavoro,Provincia di Biella,10,0,0.0,0,0.0,ROSSO
montascale,Città metropolitana di Milano,4750,3.39,11.1,20,6.7,VERDE
montascale,Città metropolitana di Roma Capitale,1850,4.06,4.3,17,2.6,VERDE
montascale,Città Metropolitana di Napoli,980,2.43,2.3,10,1.4,VERDE
montascale,Città Metropolitana di Torino,710,3.87,1.7,10,1.0,GIALLO
montascale,Città Metropolitana di Bologna,560,4.14,1.3,10,0.8,GIALLO
montascale,Città Metropolitana di Firenze,470,3.13,1.1,10,0.7,GIALLO
montascale,Città Metropolitana di Bari,390,2.21,0.9,0,0.5,ROSSO
montascale,Provincia di Brescia,370,3.79,0.9,0,0.5,ROSSO
montascale,Provincia di Padova,370,3.02,0.9,0,0.5,ROSSO
montascale,Città metropolitana di Palermo,350,2.08,0.8,0,0.5,ROSSO
montascale,Città Metropolitana di Venezia,330,2.08,0.8,0,0.5,ROSSO
montascale,Provincia di Verona,310,2.64,0.7,0,0.4,ROSSO
montascale,Provincia di Bergamo,310,2.25,0.7,0,0.4,ROSSO
montascale,Città metropolitana di Catania,280,2.24,0.7,0,0.4,ROSSO
montascale,Provincia di Salerno,250,3.55,0.6,0,0.4,ROSSO
montascale,Provincia di Treviso,240,2.74,0.6,0,0.3,ROSSO
montascale,Città Metropolitana di Genova,230,2.02,0.5,0,0.3,ROSSO
montascale,Provincia di Monza e della Brianza,230,2.61,0.5,0,0.3,ROSSO
montascale,Provincia di Vicenza,230,3.24,0.5,0,0.3,ROSSO
montascale,Provincia di Modena,220,2.93,0.5,0,0.3,ROSSO
montascale,Provincia di Varese,220,2.68,0.5,0,0.3,ROSSO
montascale,Provincia di Caserta,220,4.69,0.5,0,0.3,ROSSO
montascale,Città metropolitana di Cagliari,190,1.11,0.4,0,0.3,ROSSO
montascale,Provincia di Lecce,170,1.81,0.4,0,0.2,ROSSO
montascale,Provincia di Ancona,170,3.0,0.4,0,0.2,ROSSO
montascale,Provincia di Pescara,160,1.96,0.4,0,0.2,ROSSO
montascale,Provincia di Cuneo,150,2.75,0.4,0,0.2,ROSSO
montascale,Provincia autonoma di Trento,140,3.93,0.3,0,0.2,ROSSO
montascale,Provincia di Como,140,3.08,0.3,0,0.2,ROSSO
montascale,Provincia di Perugia,130,3.45,0.3,0,0.2,ROSSO
montascale,Provincia di Foggia,130,2.23,0.3,0,0.2,ROSSO
montascale,Provincia di Rimini,130,3.83,0.3,0,0.2,ROSSO
montascale,Provincia di Livorno,120,3.73,0.3,0,0.2,ROSSO
montascale,Provincia di Taranto,120,2.14,0.3,0,0.2,ROSSO
montascale,Provincia di Lucca,120,3.41,0.3,0,0.2,ROSSO
montascale,Città metropolitana di Messina,120,2.57,0.3,0,0.2,ROSSO
montascale,Provincia di Pavia,120,3.11,0.3,0,0.2,ROSSO
montascale,Provincia di Pisa,120,2.12,0.3,0,0.2,ROSSO
montascale,Provincia di Trieste,120,3.21,0.3,0,0.2,ROSSO
montascale,Provincia di Reggio Emilia,110,5.93,0.3,0,0.2,ROSSO
montascale,Città metropolitana di Reggio Calabria,110,2.78,0.3,0,0.2,ROSSO
montascale,Provincia di Ravenna,100,5.23,0.2,0,0.1,ROSSO
montascale,Provincia di Latina,100,3.31,0.2,0,0.1,ROSSO
montascale,Città metropolitana di Sassari,100,2.06,0.2,0,0.1,ROSSO
montascale,Provincia dell'Aquila,100,3.21,0.2,0,0.1,ROSSO
montascale,Provincia di Mantova,100,3.05,0.2,0,0.1,ROSSO
montascale,Provincia di Parma,100,3.48,0.2,0,0.1,ROSSO
montascale,Provincia di Piacenza,90,4.42,0.2,0,0.1,ROSSO
montascale,Provincia di Arezzo,90,3.71,0.2,0,0.1,ROSSO
montascale,Provincia di Alessandria,90,3.6,0.2,0,0.1,ROSSO
montascale,Provincia di Cremona,90,4.77,0.2,0,0.1,ROSSO
montascale,Provincia di Potenza,90,3.58,0.2,0,0.1,ROSSO
montascale,Provincia di Avellino,90,2.33,0.2,0,0.1,ROSSO
montascale,Provincia di Pesaro e Urbino,90,3.55,0.2,0,0.1,ROSSO
montascale,Provincia di Cosenza,90,2.05,0.2,0,0.1,ROSSO
montascale,Provincia autonoma di Bolzano - Alto Adige,80,0.6,0.2,0,0.1,ROSSO
montascale,Provincia di Novara,80,3.66,0.2,0,0.1,ROSSO
montascale,Provincia di Pistoia,80,3.09,0.2,0,0.1,ROSSO
montascale,Provincia di Lecco,80,2.85,0.2,0,0.1,ROSSO
montascale,Provincia di Catanzaro,80,2.17,0.2,0,0.1,ROSSO
montascale,Provincia di Siena,80,2.53,0.2,0,0.1,ROSSO
montascale,Provincia di Asti,80,3.47,0.2,0,0.1,ROSSO
montascale,Provincia di Terni,70,3.55,0.2,0,0.1,ROSSO
montascale,Provincia di Pordenone,70,3.63,0.2,0,0.1,ROSSO
montascale,Provincia di Prato,70,3.14,0.2,0,0.1,ROSSO
montascale,Provincia di Viterbo,70,5.67,0.2,0,0.1,ROSSO
montascale,Provincia di Chieti,70,1.85,0.2,0,0.1,ROSSO
montascale,Provincia di Brindisi,70,1.41,0.2,0,0.1,ROSSO
montascale,Provincia di Macerata,60,2.3,0.1,0,0.1,ROSSO
montascale,Provincia di Imperia,60,6.07,0.1,0,0.1,ROSSO
montascale,Provincia di Massa e Carrara,60,2.51,0.1,0,0.1,ROSSO
montascale,Provincia di Grosseto,60,2.24,0.1,0,0.1,ROSSO
montascale,Provincia di Fermo,60,4.15,0.1,0,0.1,ROSSO
montascale,Provincia di Forlì-Cesena,60,4.08,0.1,0,0.1,ROSSO
montascale,Provincia di Ferrara,60,3.09,0.1,0,0.1,ROSSO
montascale,Provincia di Lodi,60,3.21,0.1,0,0.1,ROSSO
montascale,Provincia di Savona,50,4.14,0.1,0,0.1,ROSSO
montascale,Provincia di Biella,50,2.96,0.1,0,0.1,ROSSO
montascale,Provincia di Benevento,50,4.25,0.1,0,0.1,ROSSO
montascale,Provincia di Teramo,50,3.61,0.1,0,0.1,ROSSO
montascale,Provincia della Spezia,50,1.94,0.1,0,0.1,ROSSO
montascale,Provincia di Ascoli Piceno,50,3.83,0.1,0,0.1,ROSSO
montascale,Provincia di Rovigo,50,2.73,0.1,0,0.1,ROSSO
montascale,Provincia di Campobasso,40,2.69,0.1,0,0.1,ROSSO
montascale,Provincia di Frosinone,40,5.67,0.1,0,0.1,ROSSO
montascale,Provincia di Gorizia,40,1.29,0.1,0,0.1,ROSSO
montascale,Provincia di Vercelli,40,3.61,0.1,0,0.1,ROSSO
montascale,Provincia di Oristano,30,4.51,0.1,0,0.0,ROSSO
montascale,Provincia di Barletta-Andria-Trani,30,3.26,0.1,0,0.0,ROSSO
montascale,Provincia di Crotone,30,7.17,0.1,0,0.0,ROSSO
montascale,Provincia di Vibo Valentia,20,0.99,0.0,0,0.0,ROSSO
montascale,Provincia di Matera,20,0.21,0.0,0,0.0,ROSSO
montascale,Provincia di Carbonia-Iglesias,20,5.39,0.0,0,0.0,ROSSO
montascale,Provincia di Rieti,20,3.93,0.0,0,0.0,ROSSO
montascale,Provincia di Sondrio,20,5.39,0.0,0,0.0,ROSSO
montascale,Provincia di Belluno,20,5.4,0.0,0,0.0,ROSSO
montascale,Provincia di Nuoro,20,0.21,0.0,0,0.0,ROSSO
montascale,Provincia di Isernia,10,0,0.0,0,0.0,ROSSO
nautica_varo,Città metropolitana di Milano,70,0,0.2,0,0.1,ROSSO
nautica_varo,Città metropolitana di Roma Capitale,30,0,0.1,0,0.0,ROSSO
nautica_varo,Provincia di Grosseto,30,0,0.1,0,0.0,ROSSO
nautica_varo,Provincia di Perugia,10,0,0.0,0,0.0,ROSSO
nautica_varo,Provincia di Teramo,10,0,0.0,0,0.0,ROSSO
nautica_varo,Provincia di Pescara,10,0,0.0,0,0.0,ROSSO
nautica_varo,Provincia di Cuneo,10,0,0.0,0,0.0,ROSSO
nautica_varo,Provincia di Taranto,10,0,0.0,0,0.0,ROSSO
nautica_varo,Provincia di Parma,10,0,0.0,0,0.0,ROSSO
nautica_varo,Provincia di Pistoia,10,0,0.0,0,0.0,ROSSO
nautica_varo,Provincia di Brindisi,10,0,0.0,0,0.0,ROSSO
nautica_varo,Provincia di Gorizia,10,0,0.0,0,0.0,ROSSO
nautica_varo,Provincia di Nuoro,10,0,0.0,0,0.0,ROSSO
nautica_varo,Provincia di Vercelli,10,0,0.0,0,0.0,ROSSO
nautica_varo,Provincia di Varese,10,0,0.0,0,0.0,ROSSO
nautica_varo,Provincia di Verona,10,0,0.0,0,0.0,ROSSO
nautica_varo,Provincia di Frosinone,10,0,0.0,0,0.0,ROSSO
nautica_varo,Provincia di Reggio Emilia,10,0,0.0,0,0.0,ROSSO
nautica_varo,Provincia di Como,10,0,0.0,0,0.0,ROSSO
nautica_varo,Provincia di Livorno,10,0,0.0,0,0.0,ROSSO
nautica_varo,Provincia di Rovigo,10,0,0.0,0,0.0,ROSSO
nautica_varo,Provincia di Isernia,10,0,0.0,0,0.0,ROSSO
nautica_varo,Provincia di Ravenna,10,0,0.0,0,0.0,ROSSO
nautica_varo,Provincia di Lodi,10,0,0.0,0,0.0,ROSSO
nautica_varo,Provincia di Massa e Carrara,10,0,0.0,0,0.0,ROSSO
nautica_varo,Provincia di Pordenone,10,0,0.0,0,0.0,ROSSO
nautica_varo,Provincia di Avellino,10,0,0.0,0,0.0,ROSSO
nautica_varo,Città Metropolitana di Torino,10,0,0.0,0,0.0,ROSSO
nautica_varo,Provincia di Vibo Valentia,10,0,0.0,0,0.0,ROSSO
nautica_varo,Provincia di Pavia,10,0,0.0,0,0.0,ROSSO
nautica_varo,Provincia di Barletta-Andria-Trani,10,0,0.0,0,0.0,ROSSO
nautica_varo,Provincia di Imperia,10,0,0.0,0,0.0,ROSSO
nautica_varo,Provincia di Chieti,10,0,0.0,0,0.0,ROSSO
nautica_varo,Provincia di Brescia,10,0,0.0,0,0.0,ROSSO
nautica_varo,Provincia di Treviso,10,0,0.0,0,0.0,ROSSO
nautica_varo,Provincia di Rimini,10,0,0.0,0,0.0,ROSSO
nautica_varo,Provincia di Ancona,10,0,0.0,0,0.0,ROSSO
nautica_varo,Provincia di Siena,10,0,0.0,0,0.0,ROSSO
nautica_varo,Città Metropolitana di Napoli,10,0,0.0,0,0.0,ROSSO
nautica_varo,Città Metropolitana di Bari,10,0,0.0,0,0.0,ROSSO
nautica_varo,Provincia di Asti,10,0,0.0,0,0.0,ROSSO
nautica_varo,Provincia di Pisa,10,0,0.0,0,0.0,ROSSO
nautica_varo,Provincia di Fermo,10,0,0.0,0,0.0,ROSSO
nautica_varo,Provincia dell'Aquila,10,0,0.0,0,0.0,ROSSO
nautica_varo,Provincia di Lecco,10,0,0.0,0,0.0,ROSSO
nautica_varo,Provincia di Belluno,10,0,0.0,0,0.0,ROSSO
nautica_varo,Provincia di Sondrio,10,0,0.0,0,0.0,ROSSO
nautica_varo,Provincia di Bergamo,10,0,0.0,0,0.0,ROSSO
nautica_varo,Provincia di Alessandria,10,0,0.0,0,0.0,ROSSO
nautica_varo,Provincia di Latina,10,0,0.0,0,0.0,ROSSO
nautica_varo,Provincia di Crotone,10,0,0.0,0,0.0,ROSSO
nautica_varo,Provincia di Monza e della Brianza,10,0,0.0,0,0.0,ROSSO
nautica_varo,Provincia di Mantova,10,0,0.0,0,0.0,ROSSO
nautica_varo,Provincia di Pesaro e Urbino,10,0,0.0,0,0.0,ROSSO
nautica_varo,Provincia di Arezzo,10,0,0.0,0,0.0,ROSSO
nautica_varo,Provincia di Lucca,10,0,0.0,0,0.0,ROSSO
nautica_varo,Provincia di Novara,10,0,0.0,0,0.0,ROSSO
nautica_varo,Provincia di Cosenza,10,0,0.0,0,0.0,ROSSO
nautica_varo,Provincia di Prato,10,0,0.0,0,0.0,ROSSO
nautica_varo,Provincia di Matera,10,0,0.0,0,0.0,ROSSO
nautica_varo,Provincia di Rieti,10,0,0.0,0,0.0,ROSSO
nautica_varo,Provincia di Trieste,10,0,0.0,0,0.0,ROSSO
nautica_varo,Provincia di Salerno,10,0,0.0,0,0.0,ROSSO
nautica_varo,Città Metropolitana di Genova,10,0,0.0,0,0.0,ROSSO
nautica_varo,Provincia di Vicenza,10,0,0.0,0,0.0,ROSSO
nautica_varo,Città Metropolitana di Venezia,10,0,0.0,0,0.0,ROSSO
nautica_varo,Provincia di Biella,10,0,0.0,0,0.0,ROSSO
nautica_varo,Provincia di Forlì-Cesena,10,0,0.0,0,0.0,ROSSO
nautica_varo,Provincia di Campobasso,10,0,0.0,0,0.0,ROSSO
nautica_varo,Provincia di Cremona,10,0,0.0,0,0.0,ROSSO
nautica_varo,Città Metropolitana di Firenze,10,0,0.0,0,0.0,ROSSO
nautica_varo,Provincia di Padova,10,0,0.0,0,0.0,ROSSO
nautica_varo,Provincia di Lecce,10,0,0.0,0,0.0,ROSSO
nautica_varo,Provincia di Foggia,10,0,0.0,0,0.0,ROSSO
nautica_varo,Provincia autonoma di Bolzano - Alto Adige,10,0,0.0,0,0.0,ROSSO
nautica_varo,Provincia di Viterbo,10,0,0.0,0,0.0,ROSSO
nautica_varo,Provincia di Terni,10,0,0.0,0,0.0,ROSSO
nautica_varo,Provincia di Piacenza,10,0,0.0,0,0.0,ROSSO
nautica_varo,Provincia di Savona,10,0,0.0,0,0.0,ROSSO
nautica_varo,Provincia di Potenza,10,0,0.0,0,0.0,ROSSO
nautica_varo,Città Metropolitana di Bologna,10,0,0.0,0,0.0,ROSSO
nautica_varo,Città metropolitana di Sassari,10,0,0.0,0,0.0,ROSSO
nautica_varo,Provincia della Spezia,10,0,0.0,0,0.0,ROSSO
nautica_varo,Provincia di Oristano,10,0,0.0,0,0.0,ROSSO
nautica_varo,Provincia di Modena,10,0,0.0,0,0.0,ROSSO
nautica_varo,Provincia di Ascoli Piceno,10,0,0.0,0,0.0,ROSSO
nautica_varo,Città metropolitana di Messina,10,0,0.0,0,0.0,ROSSO
nautica_varo,Provincia di Ferrara,10,0,0.0,0,0.0,ROSSO
nautica_varo,Città metropolitana di Cagliari,10,0,0.0,0,0.0,ROSSO
nautica_varo,Città metropolitana di Reggio Calabria,10,0,0.0,0,0.0,ROSSO
nautica_varo,Provincia di Caserta,10,0,0.0,0,0.0,ROSSO
nautica_varo,Provincia di Catanzaro,10,0,0.0,0,0.0,ROSSO
nautica_varo,Città metropolitana di Catania,10,0,0.0,0,0.0,ROSSO
nautica_varo,Provincia di Carbonia-Iglesias,10,0,0.0,0,0.0,ROSSO
nautica_varo,Provincia di Macerata,10,0,0.0,0,0.0,ROSSO
nautica_varo,Città metropolitana di Palermo,10,0,0.0,0,0.0,ROSSO
nautica_varo,Provincia autonoma di Trento,10,0,0.0,0,0.0,ROSSO
nautica_varo,Provincia di Benevento,10,0,0.0,0,0.0,ROSSO
ncc_transfer,Città metropolitana di Milano,28420,0.88,66.3,10,39.8,VERDE
ncc_transfer,Città metropolitana di Roma Capitale,24060,0.87,56.1,10,33.7,VERDE
ncc_transfer,Città Metropolitana di Napoli,5810,0.88,13.6,10,8.1,VERDE
ncc_transfer,Città metropolitana di Palermo,3850,0.75,9.0,10,5.4,VERDE
ncc_transfer,Città metropolitana di Catania,2660,0.95,6.2,10,3.7,VERDE
ncc_transfer,Città Metropolitana di Bologna,2600,0.69,6.1,10,3.6,VERDE
ncc_transfer,Città Metropolitana di Firenze,2560,0.81,6.0,10,3.6,VERDE
ncc_transfer,Città Metropolitana di Torino,2210,0.85,5.2,10,3.1,VERDE
ncc_transfer,Città metropolitana di Cagliari,2210,1.14,5.2,10,3.1,VERDE
ncc_transfer,Città Metropolitana di Bari,1880,0.79,4.4,10,2.6,VERDE
ncc_transfer,Città Metropolitana di Venezia,1660,0.94,3.9,10,2.3,VERDE
ncc_transfer,Provincia di Bergamo,1240,0.85,2.9,10,1.7,VERDE
ncc_transfer,Provincia di Verona,1240,1.03,2.9,10,1.7,VERDE
ncc_transfer,Provincia di Padova,1140,0.79,2.7,10,1.6,VERDE
ncc_transfer,Provincia di Brescia,1140,0.99,2.7,10,1.6,VERDE
ncc_transfer,Provincia di Salerno,1100,0.8,2.6,10,1.5,VERDE
ncc_transfer,Provincia di Varese,1080,1.0,2.5,10,1.5,VERDE
ncc_transfer,Provincia di Monza e della Brianza,1000,0.99,2.3,10,1.4,VERDE
ncc_transfer,Provincia di Vicenza,860,1.23,2.0,10,1.2,VERDE
ncc_transfer,Città metropolitana di Sassari,820,1.37,1.9,10,1.1,GIALLO
ncc_transfer,Provincia di Treviso,790,0.84,1.8,10,1.1,GIALLO
ncc_transfer,Provincia di Rimini,620,1.03,1.4,10,0.9,GIALLO
ncc_transfer,Provincia di Latina,590,1.08,1.4,10,0.8,GIALLO
ncc_transfer,Provincia di Como,580,0.82,1.4,10,0.8,GIALLO
ncc_transfer,Provincia di Pescara,520,1.59,1.2,10,0.7,GIALLO
ncc_transfer,Provincia di Caserta,500,1.07,1.2,10,0.7,GIALLO
ncc_transfer,Provincia di Modena,480,1.03,1.1,10,0.7,GIALLO
ncc_transfer,Città Metropolitana di Genova,480,0.8,1.1,10,0.7,GIALLO
ncc_transfer,Provincia di Pavia,480,1.02,1.1,10,0.7,GIALLO
ncc_transfer,Provincia di Lecce,470,1.23,1.1,10,0.7,GIALLO
ncc_transfer,Provincia di Pisa,390,0.99,0.9,0,0.5,ROSSO
ncc_transfer,Provincia di Novara,390,1.13,0.9,0,0.5,ROSSO
ncc_transfer,Provincia di Trieste,370,2.09,0.9,0,0.5,ROSSO
ncc_transfer,Provincia di Frosinone,360,0.78,0.8,0,0.5,ROSSO
ncc_transfer,Provincia di Lucca,350,1.14,0.8,0,0.5,ROSSO
ncc_transfer,Provincia di Mantova,350,0.74,0.8,0,0.5,ROSSO
ncc_transfer,Città metropolitana di Messina,350,1.19,0.8,0,0.5,ROSSO
ncc_transfer,Provincia di Ancona,340,1.15,0.8,0,0.5,ROSSO
ncc_transfer,Provincia di Viterbo,330,0.72,0.8,0,0.5,ROSSO
ncc_transfer,Provincia di Forlì-Cesena,320,1.26,0.7,0,0.4,ROSSO
ncc_transfer,Provincia di Cuneo,320,1.31,0.7,0,0.4,ROSSO
ncc_transfer,Provincia di Taranto,320,1.89,0.7,0,0.4,ROSSO
ncc_transfer,Provincia di Livorno,320,1.16,0.7,0,0.4,ROSSO
ncc_transfer,Provincia di Cremona,310,0.93,0.7,0,0.4,ROSSO
ncc_transfer,Provincia autonoma di Trento,300,0.81,0.7,0,0.4,ROSSO
ncc_transfer,Provincia di Reggio Emilia,300,2.63,0.7,0,0.4,ROSSO
ncc_transfer,Provincia di Ravenna,300,0.79,0.7,0,0.4,ROSSO
ncc_transfer,Provincia di Perugia,290,0.97,0.7,0,0.4,ROSSO
ncc_transfer,Provincia di Rieti,280,0.87,0.7,0,0.4,ROSSO
ncc_transfer,Provincia di Pistoia,280,0.65,0.7,0,0.4,ROSSO
ncc_transfer,Provincia di Lecco,260,0.84,0.6,0,0.4,ROSSO
ncc_transfer,Provincia di Teramo,260,1.13,0.6,0,0.4,ROSSO
ncc_transfer,Provincia di Parma,250,1.09,0.6,0,0.4,ROSSO
ncc_transfer,Provincia di Avellino,250,2.79,0.6,0,0.4,ROSSO
ncc_transfer,Provincia autonoma di Bolzano - Alto Adige,240,0.62,0.6,0,0.3,ROSSO
ncc_transfer,Provincia di Siena,240,1.23,0.6,0,0.3,ROSSO
ncc_transfer,Provincia di Foggia,230,1.72,0.5,0,0.3,ROSSO
ncc_transfer,Provincia di Brindisi,230,3.03,0.5,0,0.3,ROSSO
ncc_transfer,Provincia di Potenza,220,1.8,0.5,0,0.3,ROSSO
ncc_transfer,Provincia di Prato,200,0.98,0.5,0,0.3,ROSSO
ncc_transfer,Città metropolitana di Reggio Calabria,200,0.92,0.5,0,0.3,ROSSO
ncc_transfer,Provincia di Ferrara,190,1.37,0.4,0,0.3,ROSSO
ncc_transfer,Provincia di Arezzo,190,1.47,0.4,0,0.3,ROSSO
ncc_transfer,Provincia di Piacenza,160,1.26,0.4,0,0.2,ROSSO
ncc_transfer,Provincia di Cosenza,150,0.96,0.4,0,0.2,ROSSO
ncc_transfer,Provincia di Macerata,150,1.64,0.4,0,0.2,ROSSO
ncc_transfer,Provincia di Benevento,150,0.85,0.4,0,0.2,ROSSO
ncc_transfer,Provincia di Barletta-Andria-Trani,150,0.83,0.4,0,0.2,ROSSO
ncc_transfer,Provincia di Alessandria,150,1.98,0.4,0,0.2,ROSSO
ncc_transfer,Provincia di Oristano,130,4.17,0.3,0,0.2,ROSSO
ncc_transfer,Provincia di Catanzaro,130,0.95,0.3,0,0.2,ROSSO
ncc_transfer,Provincia di Pesaro e Urbino,130,1.27,0.3,0,0.2,ROSSO
ncc_transfer,Provincia di Terni,130,1.93,0.3,0,0.2,ROSSO
ncc_transfer,Provincia di Grosseto,120,0.9,0.3,0,0.2,ROSSO
ncc_transfer,Provincia di Lodi,120,1.01,0.3,0,0.2,ROSSO
ncc_transfer,Provincia di Pordenone,120,4.36,0.3,0,0.2,ROSSO
ncc_transfer,Provincia di Massa e Carrara,100,0.62,0.2,0,0.1,ROSSO
ncc_transfer,Provincia di Belluno,90,0.58,0.2,0,0.1,ROSSO
ncc_transfer,Provincia di Ascoli Piceno,90,0.92,0.2,0,0.1,ROSSO
ncc_transfer,Provincia dell'Aquila,90,0.97,0.2,0,0.1,ROSSO
ncc_transfer,Provincia di Chieti,90,4.29,0.2,0,0.1,ROSSO
ncc_transfer,Provincia di Nuoro,90,1.13,0.2,0,0.1,ROSSO
ncc_transfer,Provincia di Matera,80,0.84,0.2,0,0.1,ROSSO
ncc_transfer,Provincia di Carbonia-Iglesias,80,0.81,0.2,0,0.1,ROSSO
ncc_transfer,Provincia di Rovigo,80,0.95,0.2,0,0.1,ROSSO
ncc_transfer,Provincia della Spezia,70,1.49,0.2,0,0.1,ROSSO
ncc_transfer,Provincia di Sondrio,70,0.67,0.2,0,0.1,ROSSO
ncc_transfer,Provincia di Gorizia,70,0.64,0.2,0,0.1,ROSSO
ncc_transfer,Provincia di Imperia,70,0.87,0.2,0,0.1,ROSSO
ncc_transfer,Provincia di Campobasso,70,1.13,0.2,0,0.1,ROSSO
ncc_transfer,Provincia di Savona,60,2.8,0.1,0,0.1,ROSSO
ncc_transfer,Provincia di Crotone,60,0,0.1,0,0.1,ROSSO
ncc_transfer,Provincia di Fermo,60,7.13,0.1,0,0.1,ROSSO
ncc_transfer,Provincia di Asti,60,0.31,0.1,0,0.1,ROSSO
ncc_transfer,Provincia di Vibo Valentia,60,0.87,0.1,0,0.1,ROSSO
ncc_transfer,Provincia di Biella,50,0.55,0.1,0,0.1,ROSSO
ncc_transfer,Provincia di Vercelli,40,1.47,0.1,0,0.1,ROSSO
ncc_transfer,Provincia di Isernia,10,0,0.0,0,0.0,ROSSO
noleggio_barche,Città metropolitana di Milano,80370,0.6,187.5,10,112.6,VERDE
noleggio_barche,Città metropolitana di Roma Capitale,60560,0.65,141.3,10,84.8,VERDE
noleggio_barche,Città Metropolitana di Napoli,32620,0.56,76.1,10,45.7,VERDE
noleggio_barche,Città metropolitana di Cagliari,23700,0.49,55.3,10,33.2,VERDE
noleggio_barche,Città metropolitana di Palermo,20750,0.6,48.4,10,29.1,VERDE
noleggio_barche,Città Metropolitana di Bari,17230,0.58,40.2,10,24.1,VERDE
noleggio_barche,Città Metropolitana di Firenze,14480,0.6,33.8,10,20.3,VERDE
noleggio_barche,Città metropolitana di Catania,11440,0.55,26.7,10,16.0,VERDE
noleggio_barche,Città metropolitana di Sassari,11010,0.62,25.7,10,15.4,VERDE
noleggio_barche,Città Metropolitana di Torino,10420,0.67,24.3,10,14.6,VERDE
noleggio_barche,Città Metropolitana di Bologna,9050,0.64,21.1,10,12.7,VERDE
noleggio_barche,Provincia di Salerno,8040,0.63,18.8,10,11.3,VERDE
noleggio_barche,Provincia di Padova,6860,0.56,16.0,10,9.6,VERDE
noleggio_barche,Provincia di Livorno,6790,0.4,15.8,10,9.5,VERDE
noleggio_barche,Provincia di Lecce,6700,0.54,15.6,10,9.4,VERDE
noleggio_barche,Città Metropolitana di Genova,5840,0.55,13.6,10,8.2,VERDE
noleggio_barche,Provincia di Brescia,5470,0.69,12.8,10,7.7,VERDE
noleggio_barche,Città Metropolitana di Venezia,5210,0.58,12.2,10,7.3,VERDE
noleggio_barche,Provincia di Vicenza,4550,0.48,10.6,10,6.4,VERDE
noleggio_barche,Provincia di Foggia,4400,0.5,10.3,10,6.2,VERDE
noleggio_barche,Provincia di Verona,4390,0.62,10.2,10,6.1,VERDE
noleggio_barche,Città metropolitana di Messina,4320,0.51,10.1,10,6.1,VERDE
noleggio_barche,Provincia di Latina,4280,0.5,10.0,10,6.0,VERDE
noleggio_barche,Provincia di Bergamo,4000,0.51,9.3,10,5.6,VERDE
noleggio_barche,Provincia di Treviso,3990,0.7,9.3,10,5.6,VERDE
noleggio_barche,Provincia di Pisa,3970,0.67,9.3,10,5.6,VERDE
noleggio_barche,Provincia di Varese,3900,0.61,9.1,10,5.5,VERDE
noleggio_barche,Provincia di Caserta,3800,0.58,8.9,10,5.3,VERDE
noleggio_barche,Provincia di Pescara,3790,0.37,8.8,10,5.3,VERDE
noleggio_barche,Provincia di Lucca,3600,0.68,8.4,10,5.0,VERDE
noleggio_barche,Città metropolitana di Reggio Calabria,3570,0.42,8.3,10,5.0,VERDE
noleggio_barche,Provincia di Trieste,3450,0.73,8.1,10,4.8,VERDE
noleggio_barche,Provincia di Monza e della Brianza,3130,0.67,7.3,10,4.4,VERDE
noleggio_barche,Provincia di Grosseto,2920,0.58,6.8,10,4.1,VERDE
noleggio_barche,Provincia di Taranto,2860,0.43,6.7,10,4.0,VERDE
noleggio_barche,Provincia di Nuoro,2860,0.51,6.7,10,4.0,VERDE
noleggio_barche,Provincia di Como,2700,0.69,6.3,10,3.8,VERDE
noleggio_barche,Provincia di Ancona,2550,0.38,6.0,10,3.6,VERDE
noleggio_barche,Provincia di Rimini,2490,0.48,5.8,10,3.5,VERDE
noleggio_barche,Provincia di Perugia,2440,0.62,5.7,10,3.4,VERDE
noleggio_barche,Provincia di Prato,2130,0.6,5.0,10,3.0,VERDE
noleggio_barche,Provincia di Cosenza,2110,0.55,4.9,10,3.0,VERDE
noleggio_barche,Provincia della Spezia,2040,0.63,4.8,10,2.9,VERDE
noleggio_barche,Provincia di Forlì-Cesena,1970,0.67,4.6,10,2.8,VERDE
noleggio_barche,Provincia di Carbonia-Iglesias,1960,0.52,4.6,10,2.7,VERDE
noleggio_barche,Provincia di Modena,1870,0.62,4.4,10,2.6,VERDE
noleggio_barche,Provincia di Brindisi,1850,0.33,4.3,10,2.6,VERDE
noleggio_barche,Provincia di Potenza,1720,0.46,4.0,10,2.4,VERDE
noleggio_barche,Provincia di Mantova,1680,0.56,3.9,10,2.4,VERDE
noleggio_barche,Provincia di Oristano,1620,0.44,3.8,10,2.3,VERDE
noleggio_barche,Provincia di Siena,1600,0.64,3.7,10,2.2,VERDE
noleggio_barche,Provincia di Viterbo,1590,0.57,3.7,10,2.2,VERDE
noleggio_barche,Provincia di Ravenna,1560,0.75,3.6,10,2.2,VERDE
noleggio_barche,Provincia di Barletta-Andria-Trani,1550,0.39,3.6,10,2.2,VERDE
noleggio_barche,Provincia di Novara,1540,0.48,3.6,10,2.2,VERDE
noleggio_barche,Provincia di Parma,1420,0.56,3.3,10,2.0,VERDE
noleggio_barche,Provincia di Lecco,1420,0.72,3.3,10,2.0,VERDE
noleggio_barche,Provincia autonoma di Trento,1410,0.66,3.3,10,2.0,VERDE
noleggio_barche,Provincia di Massa e Carrara,1380,0.91,3.2,10,1.9,VERDE
noleggio_barche,Provincia di Catanzaro,1340,0.5,3.1,10,1.9,VERDE
noleggio_barche,Provincia di Pistoia,1320,0.72,3.1,10,1.8,VERDE
noleggio_barche,Provincia di Avellino,1320,0.85,3.1,10,1.8,VERDE
noleggio_barche,Provincia di Chieti,1300,0.57,3.0,10,1.8,VERDE
noleggio_barche,Provincia di Frosinone,1300,0.85,3.0,10,1.8,VERDE
noleggio_barche,Provincia di Pavia,1260,0.56,2.9,10,1.8,VERDE
noleggio_barche,Provincia di Pesaro e Urbino,1250,0.52,2.9,10,1.8,VERDE
noleggio_barche,Provincia di Reggio Emilia,1240,0.71,2.9,10,1.7,VERDE
noleggio_barche,Provincia autonoma di Bolzano - Alto Adige,1210,0.65,2.8,10,1.7,VERDE
noleggio_barche,Provincia di Arezzo,1140,0.51,2.7,10,1.6,VERDE
noleggio_barche,Provincia di Cremona,1140,0.68,2.7,10,1.6,VERDE
noleggio_barche,Provincia di Ferrara,1140,0.42,2.7,10,1.6,VERDE
noleggio_barche,Provincia di Teramo,1100,0.5,2.6,10,1.5,VERDE
noleggio_barche,Provincia di Cuneo,1100,0.7,2.6,10,1.5,VERDE
noleggio_barche,Provincia di Savona,970,0.5,2.3,10,1.4,VERDE
noleggio_barche,Provincia di Pordenone,920,0.56,2.1,10,1.3,VERDE
noleggio_barche,Provincia di Terni,890,0.66,2.1,10,1.2,VERDE
noleggio_barche,Provincia di Alessandria,890,0.58,2.1,10,1.2,VERDE
noleggio_barche,Provincia di Imperia,880,0.59,2.1,10,1.2,VERDE
noleggio_barche,Provincia di Macerata,800,0.67,1.9,10,1.1,GIALLO
noleggio_barche,Provincia di Rovigo,780,0.46,1.8,10,1.1,GIALLO
noleggio_barche,Provincia di Vibo Valentia,690,0.48,1.6,10,1.0,GIALLO
noleggio_barche,Provincia dell'Aquila,650,0.4,1.5,10,0.9,GIALLO
noleggio_barche,Provincia di Campobasso,610,0.33,1.4,10,0.9,GIALLO
noleggio_barche,Provincia di Ascoli Piceno,600,0.52,1.4,10,0.8,GIALLO
noleggio_barche,Provincia di Lodi,570,0.6,1.3,10,0.8,GIALLO
noleggio_barche,Provincia di Benevento,560,0.54,1.3,10,0.8,GIALLO
noleggio_barche,Provincia di Gorizia,490,0.28,1.1,10,0.7,GIALLO
noleggio_barche,Provincia di Piacenza,490,0.74,1.1,10,0.7,GIALLO
noleggio_barche,Provincia di Fermo,470,0.41,1.1,10,0.7,GIALLO
noleggio_barche,Provincia di Crotone,460,1.19,1.1,10,0.6,GIALLO
noleggio_barche,Provincia di Belluno,430,0.39,1.0,10,0.6,GIALLO
noleggio_barche,Provincia di Vercelli,330,0.48,0.8,0,0.5,ROSSO
noleggio_barche,Provincia di Rieti,300,0.44,0.7,0,0.4,ROSSO
noleggio_barche,Provincia di Sondrio,280,0.58,0.7,0,0.4,ROSSO
noleggio_barche,Provincia di Biella,280,0.35,0.7,0,0.4,ROSSO
noleggio_barche,Provincia di Asti,210,0.36,0.5,0,0.3,ROSSO
noleggio_barche,Provincia di Matera,210,0,0.5,0,0.3,ROSSO
noleggio_barche,Provincia di Isernia,90,0.65,0.2,0,0.1,ROSSO
noleggio_camper,Città metropolitana di Milano,17820,0.82,41.6,10,25.0,VERDE
noleggio_camper,Città metropolitana di Roma Capitale,8020,0.61,18.7,10,11.2,VERDE
noleggio_camper,Città Metropolitana di Torino,3790,0.63,8.8,10,5.3,VERDE
noleggio_camper,Città Metropolitana di Bologna,2680,0.87,6.3,10,3.8,VERDE
noleggio_camper,Città Metropolitana di Napoli,2560,0.65,6.0,10,3.6,VERDE
noleggio_camper,Provincia di Verona,2350,0.62,5.5,10,3.3,VERDE
noleggio_camper,Città Metropolitana di Firenze,2230,0.75,5.2,10,3.1,VERDE
noleggio_camper,Provincia di Brescia,2080,0.42,4.9,10,2.9,VERDE
noleggio_camper,Provincia di Bergamo,1770,0.63,4.1,10,2.5,VERDE
noleggio_camper,Provincia autonoma di Trento,1690,0.56,3.9,10,2.4,VERDE
noleggio_camper,Provincia di Padova,1630,0.5,3.8,10,2.3,VERDE
noleggio_camper,Provincia di Varese,1620,0.61,3.8,10,2.3,VERDE
noleggio_camper,Provincia di Monza e della Brianza,1570,0.48,3.7,10,2.2,VERDE
noleggio_camper,Provincia di Vicenza,1510,0.54,3.5,10,2.1,VERDE
noleggio_camper,Città Metropolitana di Bari,1360,0.48,3.2,10,1.9,VERDE
noleggio_camper,Città Metropolitana di Venezia,1310,0.61,3.1,10,1.8,VERDE
noleggio_camper,Provincia di Treviso,1140,0.55,2.7,10,1.6,VERDE
noleggio_camper,Città Metropolitana di Genova,1030,0.56,2.4,10,1.4,VERDE
noleggio_camper,Provincia di Pavia,1000,0.35,2.3,10,1.4,VERDE
noleggio_camper,Provincia di Como,970,0.48,2.3,10,1.4,VERDE
noleggio_camper,Provincia di Rimini,960,0.37,2.2,10,1.3,VERDE
noleggio_camper,Provincia di Modena,910,0.4,2.1,10,1.3,VERDE
noleggio_camper,Città metropolitana di Palermo,910,0.41,2.1,10,1.3,VERDE
noleggio_camper,Città metropolitana di Cagliari,900,0.57,2.1,10,1.3,VERDE
noleggio_camper,Città metropolitana di Catania,810,0.59,1.9,10,1.1,GIALLO
noleggio_camper,Provincia di Reggio Emilia,800,0.51,1.9,10,1.1,GIALLO
noleggio_camper,Provincia di Perugia,780,0.38,1.8,10,1.1,GIALLO
noleggio_camper,Provincia di Ancona,780,0.85,1.8,10,1.1,GIALLO
noleggio_camper,Provincia di Novara,740,0.37,1.7,10,1.0,GIALLO
noleggio_camper,Provincia di Cuneo,700,0.42,1.6,10,1.0,GIALLO
noleggio_camper,Provincia di Salerno,680,0.35,1.6,10,1.0,GIALLO
noleggio_camper,Provincia di Pisa,670,0.51,1.6,10,0.9,GIALLO
noleggio_camper,Provincia di Forlì-Cesena,650,0.41,1.5,10,0.9,GIALLO
noleggio_camper,Provincia autonoma di Bolzano - Alto Adige,630,0.46,1.5,10,0.9,GIALLO
noleggio_camper,Provincia di Lucca,620,0.44,1.4,10,0.9,GIALLO
noleggio_camper,Provincia di Lecco,600,0.49,1.4,10,0.8,GIALLO
noleggio_camper,Provincia di Pesaro e Urbino,570,0.32,1.3,10,0.8,GIALLO
noleggio_camper,Provincia di Ravenna,560,0.55,1.3,10,0.8,GIALLO
noleggio_camper,Provincia di Arezzo,550,0.37,1.3,10,0.8,GIALLO
noleggio_camper,Provincia di Parma,550,0.38,1.3,10,0.8,GIALLO
noleggio_camper,Provincia di Latina,540,0.42,1.3,10,0.8,GIALLO
noleggio_camper,Provincia di Caserta,540,0.34,1.3,10,0.8,GIALLO
noleggio_camper,Città metropolitana di Sassari,540,0.53,1.3,10,0.8,GIALLO
noleggio_camper,Provincia di Livorno,530,0.45,1.2,10,0.7,GIALLO
noleggio_camper,Provincia di Pescara,520,0.29,1.2,10,0.7,GIALLO
noleggio_camper,Provincia di Cremona,520,0.38,1.2,10,0.7,GIALLO
noleggio_camper,Provincia di Alessandria,510,0.59,1.2,10,0.7,GIALLO
noleggio_camper,Provincia di Mantova,480,0.51,1.1,10,0.7,GIALLO
noleggio_camper,Provincia di Lecce,440,0.45,1.0,10,0.6,GIALLO
noleggio_camper,Provincia di Trieste,440,0.32,1.0,10,0.6,GIALLO
noleggio_camper,Provincia di Macerata,390,0.45,0.9,0,0.5,ROSSO
noleggio_camper,Provincia di Pistoia,370,0.45,0.9,0,0.5,ROSSO
noleggio_camper,Provincia di Ferrara,360,0.46,0.8,0,0.5,ROSSO
noleggio_camper,Provincia di Frosinone,340,0.32,0.8,0,0.5,ROSSO
noleggio_camper,Provincia di Siena,340,0.4,0.8,0,0.5,ROSSO
noleggio_camper,Provincia di Taranto,330,0.34,0.8,0,0.5,ROSSO
noleggio_camper,Provincia di Prato,320,0.62,0.7,0,0.4,ROSSO
noleggio_camper,Provincia di Savona,300,0.44,0.7,0,0.4,ROSSO
noleggio_camper,Provincia di Pordenone,280,0.3,0.7,0,0.4,ROSSO
noleggio_camper,Provincia di Lodi,280,0.28,0.7,0,0.4,ROSSO
noleggio_camper,Provincia di Foggia,270,0.3,0.6,0,0.4,ROSSO
noleggio_camper,Provincia di Grosseto,270,0.36,0.6,0,0.4,ROSSO
noleggio_camper,Provincia dell'Aquila,270,0.34,0.6,0,0.4,ROSSO
noleggio_camper,Provincia di Potenza,260,0.33,0.6,0,0.4,ROSSO
noleggio_camper,Provincia di Piacenza,260,0.44,0.6,0,0.4,ROSSO
noleggio_camper,Provincia di Teramo,260,0.53,0.6,0,0.4,ROSSO
noleggio_camper,Provincia di Cosenza,260,0.26,0.6,0,0.4,ROSSO
noleggio_camper,Provincia di Avellino,240,0.42,0.6,0,0.3,ROSSO
noleggio_camper,Provincia di Vercelli,240,0.4,0.6,0,0.3,ROSSO
noleggio_camper,Provincia di Rovigo,240,0.56,0.6,0,0.3,ROSSO
noleggio_camper,Provincia di Sondrio,240,0.35,0.6,0,0.3,ROSSO
noleggio_camper,Città metropolitana di Messina,230,1.98,0.5,0,0.3,ROSSO
noleggio_camper,Provincia di Viterbo,230,0.38,0.5,0,0.3,ROSSO
noleggio_camper,Città metropolitana di Reggio Calabria,220,0.26,0.5,0,0.3,ROSSO
noleggio_camper,Provincia di Chieti,220,0.26,0.5,0,0.3,ROSSO
noleggio_camper,Provincia di Massa e Carrara,220,0.39,0.5,0,0.3,ROSSO
noleggio_camper,Provincia di Belluno,220,0.38,0.5,0,0.3,ROSSO
noleggio_camper,Provincia della Spezia,200,0.55,0.5,0,0.3,ROSSO
noleggio_camper,Provincia di Brindisi,190,0.31,0.4,0,0.3,ROSSO
noleggio_camper,Provincia di Imperia,180,0.44,0.4,0,0.3,ROSSO
noleggio_camper,Provincia di Barletta-Andria-Trani,180,0.47,0.4,0,0.3,ROSSO
noleggio_camper,Provincia di Biella,170,0.43,0.4,0,0.2,ROSSO
noleggio_camper,Provincia di Asti,170,0.39,0.4,0,0.2,ROSSO
noleggio_camper,Provincia di Fermo,170,0.26,0.4,0,0.2,ROSSO
noleggio_camper,Provincia di Ascoli Piceno,170,0.33,0.4,0,0.2,ROSSO
noleggio_camper,Provincia di Nuoro,170,0.32,0.4,0,0.2,ROSSO
noleggio_camper,Provincia di Terni,140,0.31,0.3,0,0.2,ROSSO
noleggio_camper,Provincia di Catanzaro,140,0.24,0.3,0,0.2,ROSSO
noleggio_camper,Provincia di Rieti,130,0.41,0.3,0,0.2,ROSSO
noleggio_camper,Provincia di Oristano,130,0.43,0.3,0,0.2,ROSSO
noleggio_camper,Provincia di Campobasso,110,0.24,0.3,0,0.2,ROSSO
noleggio_camper,Provincia di Carbonia-Iglesias,100,0.27,0.2,0,0.1,ROSSO
noleggio_camper,Provincia di Benevento,100,0.34,0.2,0,0.1,ROSSO
noleggio_camper,Provincia di Gorizia,90,0.26,0.2,0,0.1,ROSSO
noleggio_camper,Provincia di Matera,80,0.54,0.2,0,0.1,ROSSO
noleggio_camper,Provincia di Isernia,50,0.39,0.1,0,0.1,ROSSO
noleggio_camper,Provincia di Vibo Valentia,40,0.28,0.1,0,0.1,ROSSO
noleggio_camper,Provincia di Crotone,30,0.25,0.1,0,0.0,ROSSO
noleggio_edile,Città metropolitana di Milano,105230,1.48,245.5,10,147.4,VERDE
noleggio_edile,Città metropolitana di Roma Capitale,51800,1.11,120.9,10,72.5,VERDE
noleggio_edile,Città Metropolitana di Torino,16790,1.17,39.2,10,23.5,VERDE
noleggio_edile,Città Metropolitana di Napoli,15380,0.92,35.9,10,21.5,VERDE
noleggio_edile,Città Metropolitana di Bologna,14410,1.18,33.6,10,20.2,VERDE
noleggio_edile,Città metropolitana di Palermo,12350,0.89,28.8,10,17.3,VERDE
noleggio_edile,Città metropolitana di Cagliari,12160,0.67,28.4,10,17.0,VERDE
noleggio_edile,Città Metropolitana di Firenze,11440,1.01,26.7,10,16.0,VERDE
noleggio_edile,Città Metropolitana di Bari,10520,1.17,24.5,10,14.7,VERDE
noleggio_edile,Provincia di Brescia,9160,1.21,21.4,10,12.8,VERDE
noleggio_edile,Provincia di Vicenza,8780,1.31,20.5,10,12.3,VERDE
noleggio_edile,Provincia di Salerno,8290,0.93,19.3,10,11.6,VERDE
noleggio_edile,Provincia di Padova,8040,1.08,18.8,10,11.3,VERDE
noleggio_edile,Città metropolitana di Catania,7750,1.02,18.1,10,10.9,VERDE
noleggio_edile,Provincia di Verona,7100,1.08,16.6,10,9.9,VERDE
noleggio_edile,Provincia di Bergamo,6860,1.09,16.0,10,9.6,VERDE
noleggio_edile,Provincia di Pescara,6250,0.63,14.6,10,8.8,VERDE
noleggio_edile,Provincia di Potenza,5900,1.02,13.8,10,8.3,VERDE
noleggio_edile,Provincia di Perugia,4840,0.72,11.3,10,6.8,VERDE
noleggio_edile,Provincia di Cosenza,4750,0.64,11.1,10,6.7,VERDE
noleggio_edile,Provincia di Cuneo,4680,0.78,10.9,10,6.6,VERDE
noleggio_edile,Provincia di Frosinone,4580,0.55,10.7,10,6.4,VERDE
noleggio_edile,Provincia di Caserta,4430,0.82,10.3,10,6.2,VERDE
noleggio_edile,Città Metropolitana di Venezia,4350,0.97,10.2,10,6.1,VERDE
noleggio_edile,Città metropolitana di Reggio Calabria,4170,0.57,9.7,10,5.8,VERDE
noleggio_edile,Città Metropolitana di Genova,4170,0.74,9.7,10,5.8,VERDE
noleggio_edile,Provincia di Treviso,3980,0.79,9.3,10,5.6,VERDE
noleggio_edile,Città metropolitana di Sassari,3910,0.59,9.1,10,5.5,VERDE
noleggio_edile,Provincia di Avellino,3910,0.79,9.1,10,5.5,VERDE
noleggio_edile,Provincia di Ancona,3820,0.76,8.9,10,5.4,VERDE
noleggio_edile,Provincia autonoma di Trento,3720,0.62,8.7,10,5.2,VERDE
noleggio_edile,Provincia di Trieste,3670,0.51,8.6,10,5.1,VERDE
noleggio_edile,Provincia di Novara,3520,0.68,8.2,10,4.9,VERDE
noleggio_edile,Provincia di Varese,3280,1.26,7.7,10,4.6,VERDE
noleggio_edile,Provincia di Lucca,3250,1.43,7.6,10,4.6,VERDE
noleggio_edile,Provincia di Pisa,3100,0.95,7.2,10,4.3,VERDE
noleggio_edile,Provincia di Modena,2880,1.4,6.7,10,4.0,VERDE
noleggio_edile,Provincia di Livorno,2840,0.7,6.6,10,4.0,VERDE
noleggio_edile,Provincia di Alessandria,2700,0.96,6.3,10,3.8,VERDE
noleggio_edile,Provincia di Como,2680,1.28,6.3,10,3.8,VERDE
noleggio_edile,Provincia di Taranto,2670,0.83,6.2,10,3.7,VERDE
noleggio_edile,Provincia di Lecce,2630,0.86,6.1,10,3.7,VERDE
noleggio_edile,Provincia di Monza e della Brianza,2530,1.36,5.9,10,3.5,VERDE
noleggio_edile,Città metropolitana di Messina,2460,0.8,5.7,10,3.4,VERDE
noleggio_edile,Provincia di Rimini,2440,0.73,5.7,10,3.4,VERDE
noleggio_edile,Provincia autonoma di Bolzano - Alto Adige,2360,0.69,5.5,10,3.3,VERDE
noleggio_edile,Provincia di Catanzaro,2340,0.73,5.5,10,3.3,VERDE
noleggio_edile,Provincia di Pavia,2240,1.54,5.2,10,3.1,VERDE
noleggio_edile,Provincia di Benevento,2200,0.63,5.1,10,3.1,VERDE
noleggio_edile,Provincia di Latina,2200,0.94,5.1,10,3.1,VERDE
noleggio_edile,Provincia di Chieti,2190,0.67,5.1,10,3.1,VERDE
noleggio_edile,Provincia di Arezzo,2180,0.8,5.1,10,3.1,VERDE
noleggio_edile,Provincia di Parma,1990,3.7,4.6,17,2.8,VERDE
noleggio_edile,Provincia di Reggio Emilia,1990,2.4,4.6,11,2.8,VERDE
noleggio_edile,Provincia di Siena,1970,0.87,4.6,10,2.8,VERDE
noleggio_edile,Provincia di Cremona,1890,0.96,4.4,10,2.6,VERDE
noleggio_edile,Provincia di Pesaro e Urbino,1820,0.85,4.2,10,2.5,VERDE
noleggio_edile,Provincia di Mantova,1790,1.44,4.2,10,2.5,VERDE
noleggio_edile,Provincia dell'Aquila,1770,0.52,4.1,10,2.5,VERDE
noleggio_edile,Provincia di Foggia,1760,0.85,4.1,10,2.5,VERDE
noleggio_edile,Provincia di Macerata,1760,0.43,4.1,10,2.5,VERDE
noleggio_edile,Provincia di Lecco,1680,1.07,3.9,10,2.4,VERDE
noleggio_edile,Provincia di Forlì-Cesena,1670,0.81,3.9,10,2.3,VERDE
noleggio_edile,Provincia di Ravenna,1450,0.96,3.4,10,2.0,VERDE
noleggio_edile,Provincia di Viterbo,1430,0.79,3.3,10,2.0,VERDE
noleggio_edile,Provincia di Campobasso,1360,0.51,3.2,10,1.9,VERDE
noleggio_edile,Provincia di Grosseto,1350,0.41,3.2,10,1.9,VERDE
noleggio_edile,Provincia di Massa e Carrara,1350,0.78,3.2,10,1.9,VERDE
noleggio_edile,Provincia di Savona,1340,0.58,3.1,10,1.9,VERDE
noleggio_edile,Provincia di Piacenza,1300,0.91,3.0,10,1.8,VERDE
noleggio_edile,Provincia di Ferrara,1240,1.05,2.9,10,1.7,VERDE
noleggio_edile,Provincia di Teramo,1200,0.48,2.8,10,1.7,VERDE
noleggio_edile,Provincia di Belluno,1160,0.42,2.7,10,1.6,VERDE
noleggio_edile,Provincia di Pordenone,1150,0.79,2.7,10,1.6,VERDE
noleggio_edile,Provincia di Nuoro,1110,0.48,2.6,10,1.6,VERDE
noleggio_edile,Provincia di Pistoia,1110,1.65,2.6,10,1.6,VERDE
noleggio_edile,Provincia della Spezia,1030,0.65,2.4,10,1.4,VERDE
noleggio_edile,Provincia di Ascoli Piceno,1030,0.56,2.4,10,1.4,VERDE
noleggio_edile,Provincia di Imperia,1030,0.51,2.4,10,1.4,VERDE
noleggio_edile,Provincia di Rovigo,1020,0.9,2.4,10,1.4,VERDE
noleggio_edile,Provincia di Brindisi,990,1.11,2.3,10,1.4,VERDE
noleggio_edile,Provincia di Sondrio,970,0.23,2.3,10,1.4,VERDE
noleggio_edile,Provincia di Fermo,930,0.71,2.2,10,1.3,VERDE
noleggio_edile,Provincia di Rieti,920,0.31,2.1,10,1.3,VERDE
noleggio_edile,Provincia di Asti,890,0.8,2.1,10,1.2,VERDE
noleggio_edile,Provincia di Terni,860,0.53,2.0,10,1.2,VERDE
noleggio_edile,Provincia di Prato,840,0.51,2.0,10,1.2,VERDE
noleggio_edile,Provincia di Carbonia-Iglesias,830,0.38,1.9,10,1.2,GIALLO
noleggio_edile,Provincia di Barletta-Andria-Trani,780,0.91,1.8,10,1.1,GIALLO
noleggio_edile,Provincia di Oristano,760,0.6,1.8,10,1.1,GIALLO
noleggio_edile,Provincia di Matera,740,0.5,1.7,10,1.0,GIALLO
noleggio_edile,Provincia di Vercelli,720,1.06,1.7,10,1.0,GIALLO
noleggio_edile,Provincia di Biella,650,0.44,1.5,10,0.9,GIALLO
noleggio_edile,Provincia di Vibo Valentia,640,0.35,1.5,10,0.9,GIALLO
noleggio_edile,Provincia di Crotone,610,0.39,1.4,10,0.9,GIALLO
noleggio_edile,Provincia di Gorizia,590,0.71,1.4,10,0.8,GIALLO
noleggio_edile,Provincia di Lodi,550,1.32,1.3,10,0.8,GIALLO
noleggio_edile,Provincia di Isernia,510,0.65,1.2,10,0.7,GIALLO
noleggio_lungo_termine,Città metropolitana di Milano,30680,0.92,71.6,10,43.0,VERDE
noleggio_lungo_termine,Città metropolitana di Roma Capitale,20020,0.87,46.7,10,28.0,VERDE
noleggio_lungo_termine,Città Metropolitana di Napoli,8890,0.93,20.7,10,12.5,VERDE
noleggio_lungo_termine,Città Metropolitana di Torino,5880,0.91,13.7,10,8.2,VERDE
noleggio_lungo_termine,Città Metropolitana di Bologna,4170,0.81,9.7,10,5.8,VERDE
noleggio_lungo_termine,Città Metropolitana di Firenze,3330,0.94,7.8,10,4.7,VERDE
noleggio_lungo_termine,Città Metropolitana di Bari,3120,0.83,7.3,10,4.4,VERDE
noleggio_lungo_termine,Provincia di Monza e della Brianza,2720,1.0,6.3,10,3.8,VERDE
noleggio_lungo_termine,Provincia di Brescia,2670,1.03,6.2,10,3.7,VERDE
noleggio_lungo_termine,Provincia di Bergamo,2520,0.91,5.9,10,3.5,VERDE
noleggio_lungo_termine,Provincia di Varese,2420,0.96,5.6,10,3.4,VERDE
noleggio_lungo_termine,Provincia di Padova,2400,0.99,5.6,10,3.4,VERDE
noleggio_lungo_termine,Città metropolitana di Palermo,2150,0.82,5.0,10,3.0,VERDE
noleggio_lungo_termine,Provincia di Verona,2090,0.99,4.9,10,2.9,VERDE
noleggio_lungo_termine,Città metropolitana di Catania,2050,0.91,4.8,10,2.9,VERDE
noleggio_lungo_termine,Provincia di Caserta,1960,0.85,4.6,10,2.7,VERDE
noleggio_lungo_termine,Città Metropolitana di Venezia,1740,0.97,4.1,10,2.4,VERDE
noleggio_lungo_termine,Provincia di Salerno,1690,0.79,3.9,10,2.4,VERDE
noleggio_lungo_termine,Provincia di Treviso,1660,0.81,3.9,10,2.3,VERDE
noleggio_lungo_termine,Provincia di Vicenza,1640,1.01,3.8,10,2.3,VERDE
noleggio_lungo_termine,Provincia di Modena,1620,0.88,3.8,10,2.3,VERDE
noleggio_lungo_termine,Città Metropolitana di Genova,1580,0.88,3.7,10,2.2,VERDE
noleggio_lungo_termine,Provincia di Como,1300,0.94,3.0,10,1.8,VERDE
noleggio_lungo_termine,Città metropolitana di Cagliari,1280,0.74,3.0,10,1.8,VERDE
noleggio_lungo_termine,Provincia di Pavia,1210,0.92,2.8,10,1.7,VERDE
noleggio_lungo_termine,Provincia di Reggio Emilia,1120,0.84,2.6,10,1.6,VERDE
noleggio_lungo_termine,Provincia di Novara,1040,1.02,2.4,10,1.5,VERDE
noleggio_lungo_termine,Provincia di Ancona,1030,0.69,2.4,10,1.4,VERDE
noleggio_lungo_termine,Provincia di Lecce,1020,0.82,2.4,10,1.4,VERDE
noleggio_lungo_termine,Provincia di Pescara,1010,0.78,2.4,10,1.4,VERDE
noleggio_lungo_termine,Provincia di Perugia,990,0.75,2.3,10,1.4,VERDE
noleggio_lungo_termine,Provincia di Latina,950,0.96,2.2,10,1.3,VERDE
noleggio_lungo_termine,Provincia di Parma,940,0.94,2.2,10,1.3,VERDE
noleggio_lungo_termine,Provincia di Pisa,900,0.79,2.1,10,1.3,VERDE
noleggio_lungo_termine,Provincia di Lucca,890,0.93,2.1,10,1.2,VERDE
noleggio_lungo_termine,Provincia di Cuneo,840,1.01,2.0,10,1.2,VERDE
noleggio_lungo_termine,Provincia di Mantova,810,1.05,1.9,10,1.1,GIALLO
noleggio_lungo_termine,Provincia di Cosenza,810,0.74,1.9,10,1.1,GIALLO
noleggio_lungo_termine,Città metropolitana di Reggio Calabria,800,0.98,1.9,10,1.1,GIALLO
noleggio_lungo_termine,Provincia di Foggia,790,0.79,1.8,10,1.1,GIALLO
noleggio_lungo_termine,Provincia autonoma di Trento,770,0.73,1.8,10,1.1,GIALLO
noleggio_lungo_termine,Provincia di Alessandria,760,0.83,1.8,10,1.1,GIALLO
noleggio_lungo_termine,Provincia di Rimini,750,1.04,1.8,10,1.1,GIALLO
noleggio_lungo_termine,Provincia di Taranto,740,1.02,1.7,10,1.0,GIALLO
noleggio_lungo_termine,Città metropolitana di Messina,700,0.9,1.6,10,1.0,GIALLO
noleggio_lungo_termine,Città metropolitana di Sassari,670,1.04,1.6,10,0.9,GIALLO
noleggio_lungo_termine,Provincia di Livorno,660,0.66,1.5,10,0.9,GIALLO
noleggio_lungo_termine,Provincia di Cremona,660,0.84,1.5,10,0.9,GIALLO
noleggio_lungo_termine,Provincia di Ravenna,650,0.77,1.5,10,0.9,GIALLO
noleggio_lungo_termine,Provincia di Lecco,640,1.0,1.5,10,0.9,GIALLO
noleggio_lungo_termine,Provincia di Frosinone,630,0.81,1.5,10,0.9,GIALLO
noleggio_lungo_termine,Provincia di Pistoia,610,1.32,1.4,10,0.9,GIALLO
noleggio_lungo_termine,Provincia di Avellino,610,0.89,1.4,10,0.9,GIALLO
noleggio_lungo_termine,Provincia di Forlì-Cesena,590,0.82,1.4,10,0.8,GIALLO
noleggio_lungo_termine,Provincia di Trieste,580,0.83,1.4,10,0.8,GIALLO
noleggio_lungo_termine,Provincia di Chieti,570,0.68,1.3,10,0.8,GIALLO
noleggio_lungo_termine,Provincia di Piacenza,540,1.09,1.3,10,0.8,GIALLO
noleggio_lungo_termine,Provincia di Catanzaro,520,0.95,1.2,10,0.7,GIALLO
noleggio_lungo_termine,Provincia di Arezzo,520,0.93,1.2,10,0.7,GIALLO
noleggio_lungo_termine,Provincia di Prato,510,1.23,1.2,10,0.7,GIALLO
noleggio_lungo_termine,Provincia autonoma di Bolzano - Alto Adige,500,0.73,1.2,10,0.7,GIALLO
noleggio_lungo_termine,Provincia di Pesaro e Urbino,490,0.85,1.1,10,0.7,GIALLO
noleggio_lungo_termine,Provincia di Ferrara,490,0.88,1.1,10,0.7,GIALLO
noleggio_lungo_termine,Provincia di Potenza,470,0.74,1.1,10,0.7,GIALLO
noleggio_lungo_termine,Provincia di Barletta-Andria-Trani,450,0.82,1.1,10,0.6,GIALLO
noleggio_lungo_termine,Provincia di Viterbo,450,0.86,1.1,10,0.6,GIALLO
noleggio_lungo_termine,Provincia di Siena,450,0.79,1.1,10,0.6,GIALLO
noleggio_lungo_termine,Provincia di Brindisi,430,0.95,1.0,10,0.6,GIALLO
noleggio_lungo_termine,Provincia della Spezia,410,1.21,1.0,10,0.6,GIALLO
noleggio_lungo_termine,Provincia di Lodi,400,0.69,0.9,0,0.6,ROSSO
noleggio_lungo_termine,Provincia di Grosseto,380,0.76,0.9,0,0.5,ROSSO
noleggio_lungo_termine,Provincia di Macerata,370,0.75,0.9,0,0.5,ROSSO
noleggio_lungo_termine,Provincia di Teramo,370,1.02,0.9,0,0.5,ROSSO
noleggio_lungo_termine,Provincia di Massa e Carrara,370,0.82,0.9,0,0.5,ROSSO
noleggio_lungo_termine,Provincia di Rovigo,340,0.66,0.8,0,0.5,ROSSO
noleggio_lungo_termine,Provincia di Savona,340,0.96,0.8,0,0.5,ROSSO
noleggio_lungo_termine,Provincia dell'Aquila,320,0.65,0.7,0,0.4,ROSSO
noleggio_lungo_termine,Provincia di Pordenone,310,0.89,0.7,0,0.4,ROSSO
noleggio_lungo_termine,Provincia di Fermo,300,1.05,0.7,0,0.4,ROSSO
noleggio_lungo_termine,Provincia di Benevento,290,1.28,0.7,0,0.4,ROSSO
noleggio_lungo_termine,Provincia di Asti,270,0.64,0.6,0,0.4,ROSSO
noleggio_lungo_termine,Provincia di Imperia,260,0.89,0.6,0,0.4,ROSSO
noleggio_lungo_termine,Provincia di Terni,260,0.78,0.6,0,0.4,ROSSO
noleggio_lungo_termine,Provincia di Ascoli Piceno,260,0.78,0.6,0,0.4,ROSSO
noleggio_lungo_termine,Provincia di Belluno,250,0.77,0.6,0,0.4,ROSSO
noleggio_lungo_termine,Provincia di Biella,230,0.68,0.5,0,0.3,ROSSO
noleggio_lungo_termine,Provincia di Rieti,210,0.83,0.5,0,0.3,ROSSO
noleggio_lungo_termine,Provincia di Vercelli,200,0.72,0.5,0,0.3,ROSSO
noleggio_lungo_termine,Provincia di Campobasso,190,0.6,0.4,0,0.3,ROSSO
noleggio_lungo_termine,Provincia di Sondrio,190,0.73,0.4,0,0.3,ROSSO
noleggio_lungo_termine,Provincia di Gorizia,170,0.85,0.4,0,0.2,ROSSO
noleggio_lungo_termine,Provincia di Matera,170,1.46,0.4,0,0.2,ROSSO
noleggio_lungo_termine,Provincia di Vibo Valentia,150,1.01,0.4,0,0.2,ROSSO
noleggio_lungo_termine,Provincia di Nuoro,130,0.77,0.3,0,0.2,ROSSO
noleggio_lungo_termine,Provincia di Crotone,130,1.08,0.3,0,0.2,ROSSO
noleggio_lungo_termine,Provincia di Oristano,100,0.85,0.2,0,0.1,ROSSO
noleggio_lungo_termine,Provincia di Carbonia-Iglesias,80,0.71,0.2,0,0.1,ROSSO
noleggio_lungo_termine,Provincia di Isernia,60,0.74,0.1,0,0.1,ROSSO
noleggio_piattaforme,Città metropolitana di Milano,18210,1.77,42.5,11,25.5,VERDE
noleggio_piattaforme,Città metropolitana di Roma Capitale,12100,1.23,28.2,10,16.9,VERDE
noleggio_piattaforme,Città Metropolitana di Napoli,5570,1.03,13.0,10,7.8,VERDE
noleggio_piattaforme,Città Metropolitana di Bari,3900,1.28,9.1,10,5.5,VERDE
noleggio_piattaforme,Città metropolitana di Palermo,3430,0.95,8.0,10,4.8,VERDE
noleggio_piattaforme,Città Metropolitana di Torino,2990,1.37,7.0,10,4.2,VERDE
noleggio_piattaforme,Provincia di Salerno,2880,1.17,6.7,10,4.0,VERDE
noleggio_piattaforme,Città Metropolitana di Bologna,2810,1.37,6.6,10,3.9,VERDE
noleggio_piattaforme,Provincia di Padova,2680,1.33,6.3,10,3.8,VERDE
noleggio_piattaforme,Città metropolitana di Catania,2640,1.16,6.2,10,3.7,VERDE
noleggio_piattaforme,Provincia di Brescia,2230,1.44,5.2,10,3.1,VERDE
noleggio_piattaforme,Città Metropolitana di Firenze,2170,1.2,5.1,10,3.0,VERDE
noleggio_piattaforme,Provincia di Cosenza,1980,0.84,4.6,10,2.8,VERDE
noleggio_piattaforme,Provincia di Caserta,1570,0.99,3.7,10,2.2,VERDE
noleggio_piattaforme,Provincia di Verona,1520,1.15,3.5,10,2.1,VERDE
noleggio_piattaforme,Provincia di Bergamo,1370,1.42,3.2,10,1.9,VERDE
noleggio_piattaforme,Città metropolitana di Cagliari,1370,0.92,3.2,10,1.9,VERDE
noleggio_piattaforme,Provincia di Vicenza,1290,1.62,3.0,10,1.8,VERDE
noleggio_piattaforme,Provincia di Pescara,1250,0.95,2.9,10,1.8,VERDE
noleggio_piattaforme,Provincia di Frosinone,1210,0.67,2.8,10,1.7,VERDE
noleggio_piattaforme,Provincia di Treviso,1030,0.94,2.4,10,1.4,VERDE
noleggio_piattaforme,Provincia di Avellino,1020,0.98,2.4,10,1.4,VERDE
noleggio_piattaforme,Provincia di Potenza,980,1.45,2.3,10,1.4,VERDE
noleggio_piattaforme,Provincia di Ancona,940,0.92,2.2,10,1.3,VERDE
noleggio_piattaforme,Provincia di Lecce,890,0.71,2.1,10,1.2,VERDE
noleggio_piattaforme,Città Metropolitana di Venezia,890,1.25,2.1,10,1.2,VERDE
noleggio_piattaforme,Provincia di Modena,870,1.74,2.0,10,1.2,VERDE
noleggio_piattaforme,Provincia di Monza e della Brianza,870,1.66,2.0,10,1.2,VERDE
noleggio_piattaforme,Provincia di Taranto,860,1.02,2.0,10,1.2,VERDE
noleggio_piattaforme,Provincia di Foggia,840,1.02,2.0,10,1.2,VERDE
noleggio_piattaforme,Provincia di Varese,840,1.68,2.0,10,1.2,VERDE
noleggio_piattaforme,Città metropolitana di Reggio Calabria,810,0.66,1.9,10,1.1,GIALLO
noleggio_piattaforme,Provincia di Novara,770,0.78,1.8,10,1.1,GIALLO
noleggio_piattaforme,Provincia di Reggio Emilia,700,3.05,1.6,10,1.0,GIALLO
noleggio_piattaforme,Provincia di Perugia,700,0.84,1.6,10,1.0,GIALLO
noleggio_piattaforme,Provincia di Mantova,670,1.62,1.6,10,0.9,GIALLO
noleggio_piattaforme,Città metropolitana di Sassari,670,0.84,1.6,10,0.9,GIALLO
noleggio_piattaforme,Provincia di Cuneo,660,1.0,1.5,10,0.9,GIALLO
noleggio_piattaforme,Provincia di Como,650,1.61,1.5,10,0.9,GIALLO
noleggio_piattaforme,Città metropolitana di Messina,650,0.83,1.5,10,0.9,GIALLO
noleggio_piattaforme,Provincia di Cremona,640,1.29,1.5,10,0.9,GIALLO
noleggio_piattaforme,Città Metropolitana di Genova,630,0.87,1.5,10,0.9,GIALLO
noleggio_piattaforme,Provincia di Pavia,620,2.14,1.4,10,0.9,GIALLO
noleggio_piattaforme,Provincia di Latina,550,1.01,1.3,10,0.8,GIALLO
noleggio_piattaforme,Provincia di Benevento,540,0.79,1.3,10,0.8,GIALLO
noleggio_piattaforme,Provincia di Rimini,530,0.85,1.2,10,0.7,GIALLO
noleggio_piattaforme,Provincia di Arezzo,490,0.98,1.1,10,0.7,GIALLO
noleggio_piattaforme,Provincia di Catanzaro,490,0.84,1.1,10,0.7,GIALLO
noleggio_piattaforme,Provincia di Livorno,450,0.89,1.1,10,0.6,GIALLO
noleggio_piattaforme,Provincia di Alessandria,430,1.09,1.0,10,0.6,GIALLO
noleggio_piattaforme,Provincia di Trieste,430,0.8,1.0,10,0.6,GIALLO
noleggio_piattaforme,Provincia di Lucca,410,1.93,1.0,10,0.6,GIALLO
noleggio_piattaforme,Provincia di Parma,380,5.75,0.9,0,0.5,ROSSO
noleggio_piattaforme,Provincia di Brindisi,370,1.33,0.9,0,0.5,ROSSO
noleggio_piattaforme,Provincia di Pisa,360,0.84,0.8,0,0.5,ROSSO
noleggio_piattaforme,Provincia di Forlì-Cesena,340,0.78,0.8,0,0.5,ROSSO
noleggio_piattaforme,Provincia autonoma di Trento,340,0.95,0.8,0,0.5,ROSSO
noleggio_piattaforme,Provincia di Barletta-Andria-Trani,320,1.18,0.7,0,0.4,ROSSO
noleggio_piattaforme,Provincia di Campobasso,320,0.6,0.7,0,0.4,ROSSO
noleggio_piattaforme,Provincia di Ravenna,310,1.23,0.7,0,0.4,ROSSO
noleggio_piattaforme,Provincia di Teramo,310,0.62,0.7,0,0.4,ROSSO
noleggio_piattaforme,Provincia di Chieti,310,0.6,0.7,0,0.4,ROSSO
noleggio_piattaforme,Provincia di Pesaro e Urbino,290,1.18,0.7,0,0.4,ROSSO
noleggio_piattaforme,Provincia di Macerata,280,0.61,0.7,0,0.4,ROSSO
noleggio_piattaforme,Provincia di Savona,270,1.12,0.6,0,0.4,ROSSO
noleggio_piattaforme,Provincia di Siena,260,1.12,0.6,0,0.4,ROSSO
noleggio_piattaforme,Provincia dell'Aquila,250,0.42,0.6,0,0.4,ROSSO
noleggio_piattaforme,Provincia di Viterbo,240,1.23,0.6,0,0.3,ROSSO
noleggio_piattaforme,Provincia di Ferrara,240,1.59,0.6,0,0.3,ROSSO
noleggio_piattaforme,Provincia di Matera,240,0.42,0.6,0,0.3,ROSSO
noleggio_piattaforme,Provincia autonoma di Bolzano - Alto Adige,220,1.01,0.5,0,0.3,ROSSO
noleggio_piattaforme,Provincia di Piacenza,210,1.64,0.5,0,0.3,ROSSO
noleggio_piattaforme,Provincia di Lecco,210,1.55,0.5,0,0.3,ROSSO
noleggio_piattaforme,Provincia di Crotone,180,0.34,0.4,0,0.3,ROSSO
noleggio_piattaforme,Provincia di Rovigo,180,1.32,0.4,0,0.3,ROSSO
noleggio_piattaforme,Provincia di Ascoli Piceno,160,0.55,0.4,0,0.2,ROSSO
noleggio_piattaforme,Provincia di Pistoia,160,2.61,0.4,0,0.2,ROSSO
noleggio_piattaforme,Provincia di Prato,150,0.74,0.4,0,0.2,ROSSO
noleggio_piattaforme,Provincia di Massa e Carrara,150,1.45,0.4,0,0.2,ROSSO
noleggio_piattaforme,Provincia di Rieti,140,0,0.3,0,0.2,ROSSO
noleggio_piattaforme,Provincia di Lodi,140,1.57,0.3,0,0.2,ROSSO
noleggio_piattaforme,Provincia di Fermo,120,1.15,0.3,0,0.2,ROSSO
noleggio_piattaforme,Provincia di Pordenone,120,0.95,0.3,0,0.2,ROSSO
noleggio_piattaforme,Provincia di Grosseto,110,0.66,0.3,0,0.2,ROSSO
noleggio_piattaforme,Provincia di Oristano,110,0.77,0.3,0,0.2,ROSSO
noleggio_piattaforme,Provincia di Terni,110,0.72,0.3,0,0.2,ROSSO
noleggio_piattaforme,Provincia di Nuoro,110,0.52,0.3,0,0.2,ROSSO
noleggio_piattaforme,Provincia di Asti,100,0.56,0.2,0,0.1,ROSSO
noleggio_piattaforme,Provincia di Biella,90,0.77,0.2,0,0.1,ROSSO
noleggio_piattaforme,Provincia di Belluno,90,0.61,0.2,0,0.1,ROSSO
noleggio_piattaforme,Provincia di Vercelli,80,1.4,0.2,0,0.1,ROSSO
noleggio_piattaforme,Provincia di Isernia,70,0.9,0.2,0,0.1,ROSSO
noleggio_piattaforme,Provincia di Vibo Valentia,60,0,0.1,0,0.1,ROSSO
noleggio_piattaforme,Provincia di Sondrio,60,0,0.1,0,0.1,ROSSO
noleggio_piattaforme,Provincia della Spezia,60,1.33,0.1,0,0.1,ROSSO
noleggio_piattaforme,Provincia di Imperia,50,0.57,0.1,0,0.1,ROSSO
noleggio_piattaforme,Provincia di Carbonia-Iglesias,50,0,0.1,0,0.1,ROSSO
noleggio_piattaforme,Provincia di Gorizia,30,0.85,0.1,0,0.0,ROSSO
officine_marchio,Città Metropolitana di Torino,330,0,0.8,0,0.5,ROSSO
officine_marchio,Città metropolitana di Catania,150,0,0.4,0,0.2,ROSSO
officine_marchio,Città metropolitana di Roma Capitale,100,0,0.2,0,0.1,ROSSO
officine_marchio,Città metropolitana di Milano,30,0,0.1,0,0.0,ROSSO
officine_marchio,Provincia di Cremona,10,0,0.0,0,0.0,ROSSO
officine_marchio,Provincia della Spezia,10,0,0.0,0,0.0,ROSSO
officine_marchio,Provincia di Modena,10,0,0.0,0,0.0,ROSSO
officine_marchio,Provincia di Vercelli,10,0,0.0,0,0.0,ROSSO
officine_marchio,Provincia di Fermo,10,0,0.0,0,0.0,ROSSO
officine_marchio,Provincia di Potenza,10,0,0.0,0,0.0,ROSSO
officine_marchio,Provincia di Alessandria,10,0,0.0,0,0.0,ROSSO
officine_marchio,Provincia di Viterbo,10,0,0.0,0,0.0,ROSSO
officine_marchio,Provincia di Brindisi,10,0,0.0,0,0.0,ROSSO
officine_marchio,Provincia di Lecco,10,0,0.0,0,0.0,ROSSO
officine_marchio,Provincia di Benevento,10,0,0.0,0,0.0,ROSSO
officine_marchio,Provincia di Foggia,10,0,0.0,0,0.0,ROSSO
officine_marchio,Città Metropolitana di Venezia,10,0,0.0,0,0.0,ROSSO
officine_marchio,Provincia di Padova,10,0,0.0,0,0.0,ROSSO
officine_marchio,Provincia di Catanzaro,10,0,0.0,0,0.0,ROSSO
officine_marchio,Provincia di Ferrara,10,0,0.0,0,0.0,ROSSO
officine_marchio,Provincia di Biella,10,0,0.0,0,0.0,ROSSO
officine_marchio,Provincia di Caserta,10,0,0.0,0,0.0,ROSSO
officine_marchio,Provincia autonoma di Bolzano - Alto Adige,10,0,0.0,0,0.0,ROSSO
officine_marchio,Provincia di Prato,10,0,0.0,0,0.0,ROSSO
officine_marchio,Provincia di Rieti,10,0,0.0,0,0.0,ROSSO
officine_marchio,Provincia di Savona,10,0,0.0,0,0.0,ROSSO
officine_marchio,Provincia di Lucca,10,0,0.0,0,0.0,ROSSO
officine_marchio,Provincia di Vibo Valentia,10,0,0.0,0,0.0,ROSSO
officine_marchio,Provincia di Matera,10,0,0.0,0,0.0,ROSSO
officine_marchio,Provincia di Novara,10,0,0.0,0,0.0,ROSSO
officine_marchio,Città Metropolitana di Napoli,10,0,0.0,0,0.0,ROSSO
officine_marchio,Provincia di Avellino,10,0,0.0,0,0.0,ROSSO
officine_marchio,Provincia di Arezzo,10,0,0.0,0,0.0,ROSSO
officine_marchio,Provincia di Terni,10,0,0.0,0,0.0,ROSSO
officine_marchio,Città Metropolitana di Bologna,10,0,0.0,0,0.0,ROSSO
officine_marchio,Città metropolitana di Sassari,10,0,0.0,0,0.0,ROSSO
officine_marchio,Provincia di Monza e della Brianza,10,0,0.0,0,0.0,ROSSO
officine_marchio,Provincia di Belluno,10,0,0.0,0,0.0,ROSSO
officine_marchio,Provincia di Lecce,10,0,0.0,0,0.0,ROSSO
officine_marchio,Città Metropolitana di Bari,10,0,0.0,0,0.0,ROSSO
officine_marchio,Provincia di Sondrio,10,0,0.0,0,0.0,ROSSO
officine_marchio,Provincia di Reggio Emilia,10,0,0.0,0,0.0,ROSSO
officine_marchio,Provincia di Bergamo,10,0,0.0,0,0.0,ROSSO
officine_marchio,Città Metropolitana di Firenze,10,0,0.0,0,0.0,ROSSO
officine_marchio,Città metropolitana di Palermo,10,0,0.0,0,0.0,ROSSO
officine_marchio,Provincia di Crotone,10,0,0.0,0,0.0,ROSSO
officine_marchio,Provincia di Massa e Carrara,10,0,0.0,0,0.0,ROSSO
officine_marchio,Provincia di Cosenza,10,0,0.0,0,0.0,ROSSO
officine_marchio,Provincia di Mantova,10,0,0.0,0,0.0,ROSSO
officine_marchio,Provincia di Latina,10,0,0.0,0,0.0,ROSSO
officine_marchio,Provincia di Salerno,10,0,0.0,0,0.0,ROSSO
officine_marchio,Provincia di Trieste,10,0,0.0,0,0.0,ROSSO
officine_marchio,Città metropolitana di Messina,10,0,0.0,0,0.0,ROSSO
officine_marchio,Provincia di Vicenza,10,0,0.0,0,0.0,ROSSO
officine_marchio,Provincia di Rimini,10,0,0.0,0,0.0,ROSSO
officine_marchio,Provincia di Ascoli Piceno,10,0,0.0,0,0.0,ROSSO
officine_marchio,Provincia di Ravenna,10,0,0.0,0,0.0,ROSSO
officine_marchio,Provincia di Isernia,10,0,0.0,0,0.0,ROSSO
officine_marchio,Provincia di Livorno,10,0,0.0,0,0.0,ROSSO
officine_marchio,Provincia di Pesaro e Urbino,10,0,0.0,0,0.0,ROSSO
officine_marchio,Provincia dell'Aquila,10,0,0.0,0,0.0,ROSSO
officine_marchio,Provincia di Nuoro,10,0,0.0,0,0.0,ROSSO
officine_marchio,Città Metropolitana di Genova,10,0,0.0,0,0.0,ROSSO
officine_marchio,Provincia di Pordenone,10,0,0.0,0,0.0,ROSSO
officine_marchio,Provincia di Pisa,10,0,0.0,0,0.0,ROSSO
officine_marchio,Provincia di Parma,10,0,0.0,0,0.0,ROSSO
officine_marchio,Provincia di Cuneo,10,0,0.0,0,0.0,ROSSO
officine_marchio,Provincia di Imperia,10,0,0.0,0,0.0,ROSSO
officine_marchio,Provincia di Asti,10,0,0.0,0,0.0,ROSSO
officine_marchio,Provincia di Ancona,10,0,0.0,0,0.0,ROSSO
officine_marchio,Provincia di Campobasso,10,0,0.0,0,0.0,ROSSO
officine_marchio,Provincia di Forlì-Cesena,10,0,0.0,0,0.0,ROSSO
officine_marchio,Provincia di Treviso,10,0,0.0,0,0.0,ROSSO
officine_marchio,Provincia di Brescia,10,0,0.0,0,0.0,ROSSO
officine_marchio,Provincia di Lodi,10,0,0.0,0,0.0,ROSSO
officine_marchio,Provincia di Rovigo,10,0,0.0,0,0.0,ROSSO
officine_marchio,Provincia di Chieti,10,0,0.0,0,0.0,ROSSO
officine_marchio,Provincia di Barletta-Andria-Trani,10,0,0.0,0,0.0,ROSSO
officine_marchio,Città metropolitana di Reggio Calabria,10,0,0.0,0,0.0,ROSSO
officine_marchio,Città metropolitana di Cagliari,10,0,0.0,0,0.0,ROSSO
officine_marchio,Provincia di Carbonia-Iglesias,10,0,0.0,0,0.0,ROSSO
officine_marchio,Provincia di Verona,10,0,0.0,0,0.0,ROSSO
officine_marchio,Provincia di Perugia,10,0,0.0,0,0.0,ROSSO
officine_marchio,Provincia di Taranto,10,0,0.0,0,0.0,ROSSO
officine_marchio,Provincia di Pistoia,10,0,0.0,0,0.0,ROSSO
officine_marchio,Provincia di Grosseto,10,0,0.0,0,0.0,ROSSO
officine_marchio,Provincia di Pescara,10,0,0.0,0,0.0,ROSSO
officine_marchio,Provincia di Pavia,10,0,0.0,0,0.0,ROSSO
officine_marchio,Provincia autonoma di Trento,10,0,0.0,0,0.0,ROSSO
officine_marchio,Provincia di Como,10,0,0.0,0,0.0,ROSSO
officine_marchio,Provincia di Gorizia,10,0,0.0,0,0.0,ROSSO
officine_marchio,Provincia di Piacenza,10,0,0.0,0,0.0,ROSSO
officine_marchio,Provincia di Siena,10,0,0.0,0,0.0,ROSSO
officine_marchio,Provincia di Teramo,10,0,0.0,0,0.0,ROSSO
officine_marchio,Provincia di Frosinone,10,0,0.0,0,0.0,ROSSO
officine_marchio,Provincia di Oristano,10,0,0.0,0,0.0,ROSSO
officine_marchio,Provincia di Varese,10,0,0.0,0,0.0,ROSSO
officine_marchio,Provincia di Macerata,10,0,0.0,0,0.0,ROSSO
officine_veicoli_ind,Provincia di Verona,180,0,0.4,0,0.3,ROSSO
officine_veicoli_ind,Città metropolitana di Milano,160,0,0.4,0,0.2,ROSSO
officine_veicoli_ind,Città Metropolitana di Bologna,130,0,0.3,0,0.2,ROSSO
officine_veicoli_ind,Provincia di Pordenone,100,0,0.2,0,0.1,ROSSO
officine_veicoli_ind,Città Metropolitana di Torino,100,0,0.2,0,0.1,ROSSO
officine_veicoli_ind,Provincia di Vicenza,80,0,0.2,0,0.1,ROSSO
officine_veicoli_ind,Città metropolitana di Roma Capitale,60,0,0.1,0,0.1,ROSSO
officine_veicoli_ind,Provincia di Ferrara,50,0,0.1,0,0.1,ROSSO
officine_veicoli_ind,Provincia di Brescia,40,1.26,0.1,0,0.1,ROSSO
officine_veicoli_ind,Città Metropolitana di Venezia,40,0,0.1,0,0.1,ROSSO
officine_veicoli_ind,Provincia di Treviso,30,0,0.1,0,0.0,ROSSO
officine_veicoli_ind,Provincia di Forlì-Cesena,30,0,0.1,0,0.0,ROSSO
officine_veicoli_ind,Provincia di Pescara,30,0,0.1,0,0.0,ROSSO
officine_veicoli_ind,Città Metropolitana di Genova,30,0,0.1,0,0.0,ROSSO
officine_veicoli_ind,Provincia di Alessandria,30,0,0.1,0,0.0,ROSSO
officine_veicoli_ind,Provincia di Mantova,30,0,0.1,0,0.0,ROSSO
officine_veicoli_ind,Provincia di Bergamo,30,0,0.1,0,0.0,ROSSO
officine_veicoli_ind,Provincia di Padova,30,0,0.1,0,0.0,ROSSO
officine_veicoli_ind,Provincia di Cremona,20,1.42,0.0,0,0.0,ROSSO
officine_veicoli_ind,Città Metropolitana di Bari,10,0,0.0,0,0.0,ROSSO
officine_veicoli_ind,Città metropolitana di Cagliari,10,0,0.0,0,0.0,ROSSO
officine_veicoli_ind,Provincia di Oristano,10,0,0.0,0,0.0,ROSSO
officine_veicoli_ind,Provincia autonoma di Bolzano - Alto Adige,10,0,0.0,0,0.0,ROSSO
officine_veicoli_ind,Provincia di Fermo,10,0,0.0,0,0.0,ROSSO
officine_veicoli_ind,Provincia di Macerata,10,0,0.0,0,0.0,ROSSO
officine_veicoli_ind,Provincia di Lecco,10,0,0.0,0,0.0,ROSSO
officine_veicoli_ind,Provincia di Imperia,10,0,0.0,0,0.0,ROSSO
officine_veicoli_ind,Provincia di Grosseto,10,0,0.0,0,0.0,ROSSO
officine_veicoli_ind,Provincia di Varese,10,0,0.0,0,0.0,ROSSO
officine_veicoli_ind,Provincia di Teramo,10,0,0.0,0,0.0,ROSSO
officine_veicoli_ind,Provincia di Massa e Carrara,10,0,0.0,0,0.0,ROSSO
officine_veicoli_ind,Provincia di Livorno,10,0,0.0,0,0.0,ROSSO
officine_veicoli_ind,Provincia di Piacenza,10,0,0.0,0,0.0,ROSSO
officine_veicoli_ind,Provincia di Lucca,10,0,0.0,0,0.0,ROSSO
officine_veicoli_ind,Provincia di Rieti,10,0,0.0,0,0.0,ROSSO
officine_veicoli_ind,Provincia di Prato,10,0,0.0,0,0.0,ROSSO
officine_veicoli_ind,Provincia di Isernia,10,0,0.0,0,0.0,ROSSO
officine_veicoli_ind,Provincia di Ravenna,10,0,0.0,0,0.0,ROSSO
officine_veicoli_ind,Provincia di Ancona,10,0,0.0,0,0.0,ROSSO
officine_veicoli_ind,Provincia di Terni,10,0,0.0,0,0.0,ROSSO
officine_veicoli_ind,Città Metropolitana di Firenze,10,0,0.0,0,0.0,ROSSO
officine_veicoli_ind,Città Metropolitana di Napoli,10,0,0.0,0,0.0,ROSSO
officine_veicoli_ind,Città metropolitana di Sassari,10,0,0.0,0,0.0,ROSSO
officine_veicoli_ind,Provincia di Lecce,10,0,0.0,0,0.0,ROSSO
officine_veicoli_ind,Provincia di Rimini,10,0,0.0,0,0.0,ROSSO
officine_veicoli_ind,Provincia di Ascoli Piceno,10,0,0.0,0,0.0,ROSSO
officine_veicoli_ind,Provincia di Gorizia,10,0,0.0,0,0.0,ROSSO
officine_veicoli_ind,Provincia di Monza e della Brianza,10,0,0.0,0,0.0,ROSSO
officine_veicoli_ind,Provincia di Chieti,10,0,0.0,0,0.0,ROSSO
officine_veicoli_ind,Città metropolitana di Messina,10,0,0.0,0,0.0,ROSSO
officine_veicoli_ind,Provincia dell'Aquila,10,0,0.0,0,0.0,ROSSO
officine_veicoli_ind,Provincia di Rovigo,10,0,0.0,0,0.0,ROSSO
officine_veicoli_ind,Provincia di Taranto,10,0,0.0,0,0.0,ROSSO
officine_veicoli_ind,Città metropolitana di Palermo,10,0,0.0,0,0.0,ROSSO
officine_veicoli_ind,Provincia di Pistoia,10,0,0.0,0,0.0,ROSSO
officine_veicoli_ind,Città metropolitana di Catania,10,0,0.0,0,0.0,ROSSO
officine_veicoli_ind,Provincia di Perugia,10,0,0.0,0,0.0,ROSSO
officine_veicoli_ind,Provincia di Frosinone,10,0,0.0,0,0.0,ROSSO
officine_veicoli_ind,Provincia autonoma di Trento,10,0,0.0,0,0.0,ROSSO
officine_veicoli_ind,Provincia di Nuoro,10,0,0.0,0,0.0,ROSSO
officine_veicoli_ind,Provincia di Caserta,10,0,0.0,0,0.0,ROSSO
officine_veicoli_ind,Provincia della Spezia,10,0,0.0,0,0.0,ROSSO
officine_veicoli_ind,Provincia di Barletta-Andria-Trani,10,0,0.0,0,0.0,ROSSO
officine_veicoli_ind,Provincia di Arezzo,10,0,0.0,0,0.0,ROSSO
officine_veicoli_ind,Provincia di Cuneo,10,0,0.0,0,0.0,ROSSO
officine_veicoli_ind,Provincia di Novara,10,0,0.0,0,0.0,ROSSO
officine_veicoli_ind,Provincia di Matera,10,0,0.0,0,0.0,ROSSO
officine_veicoli_ind,Provincia di Parma,10,0,0.0,0,0.0,ROSSO
officine_veicoli_ind,Provincia di Avellino,10,0,0.0,0,0.0,ROSSO
officine_veicoli_ind,Provincia di Latina,10,0,0.0,0,0.0,ROSSO
officine_veicoli_ind,Provincia di Viterbo,10,0,0.0,0,0.0,ROSSO
officine_veicoli_ind,Provincia di Potenza,10,0,0.0,0,0.0,ROSSO
officine_veicoli_ind,Provincia di Como,10,0,0.0,0,0.0,ROSSO
officine_veicoli_ind,Provincia di Benevento,10,0,0.0,0,0.0,ROSSO
officine_veicoli_ind,Provincia di Reggio Emilia,10,0,0.0,0,0.0,ROSSO
officine_veicoli_ind,Provincia di Catanzaro,10,0,0.0,0,0.0,ROSSO
officine_veicoli_ind,Città metropolitana di Reggio Calabria,10,0,0.0,0,0.0,ROSSO
officine_veicoli_ind,Provincia di Pavia,10,0,0.0,0,0.0,ROSSO
officine_veicoli_ind,Provincia di Trieste,10,0,0.0,0,0.0,ROSSO
officine_veicoli_ind,Provincia di Salerno,10,0,0.0,0,0.0,ROSSO
officine_veicoli_ind,Provincia di Modena,10,0,0.0,0,0.0,ROSSO
officine_veicoli_ind,Provincia di Pesaro e Urbino,10,0,0.0,0,0.0,ROSSO
officine_veicoli_ind,Provincia di Carbonia-Iglesias,10,0,0.0,0,0.0,ROSSO
officine_veicoli_ind,Provincia di Lodi,10,0,0.0,0,0.0,ROSSO
officine_veicoli_ind,Provincia di Cosenza,10,0,0.0,0,0.0,ROSSO
officine_veicoli_ind,Provincia di Crotone,10,0,0.0,0,0.0,ROSSO
officine_veicoli_ind,Provincia di Vibo Valentia,10,0,0.0,0,0.0,ROSSO
officine_veicoli_ind,Provincia di Sondrio,10,0,0.0,0,0.0,ROSSO
officine_veicoli_ind,Provincia di Savona,10,0,0.0,0,0.0,ROSSO
officine_veicoli_ind,Provincia di Siena,10,0,0.0,0,0.0,ROSSO
officine_veicoli_ind,Provincia di Asti,10,0,0.0,0,0.0,ROSSO
officine_veicoli_ind,Provincia di Belluno,10,0,0.0,0,0.0,ROSSO
officine_veicoli_ind,Provincia di Pisa,10,0,0.0,0,0.0,ROSSO
officine_veicoli_ind,Provincia di Vercelli,10,0,0.0,0,0.0,ROSSO
officine_veicoli_ind,Provincia di Campobasso,10,0,0.0,0,0.0,ROSSO
officine_veicoli_ind,Provincia di Biella,10,0,0.0,0,0.0,ROSSO
officine_veicoli_ind,Provincia di Brindisi,10,0,0.0,0,0.0,ROSSO
officine_veicoli_ind,Provincia di Foggia,10,0,0.0,0,0.0,ROSSO
onoranze_funebri,Città metropolitana di Milano,35270,5.41,82.3,25,49.4,VERDE
onoranze_funebri,Provincia di Brescia,29000,1.14,67.7,10,40.6,VERDE
onoranze_funebri,Provincia di Belluno,23400,2.07,54.6,12,32.8,VERDE
onoranze_funebri,Provincia di Treviso,22200,0.8,51.8,10,31.1,VERDE
onoranze_funebri,Città Metropolitana di Venezia,17490,2.02,40.8,12,24.5,VERDE
onoranze_funebri,Provincia di Vicenza,17440,1.26,40.7,10,24.4,VERDE
onoranze_funebri,Provincia di Padova,14550,2.08,34.0,12,20.4,VERDE
onoranze_funebri,Provincia di Bergamo,10970,1.41,25.6,10,15.4,VERDE
onoranze_funebri,Provincia di Pordenone,10170,0.47,23.7,10,14.2,VERDE
onoranze_funebri,Città Metropolitana di Bari,8620,2.87,20.1,17,12.1,VERDE
onoranze_funebri,Città Metropolitana di Torino,8550,11.95,20.0,25,12.0,VERDE
onoranze_funebri,Provincia di Como,8420,1.16,19.6,10,11.8,VERDE
onoranze_funebri,Provincia di Verona,8340,1.03,19.5,10,11.7,VERDE
onoranze_funebri,Provincia autonoma di Trento,7980,0.84,18.6,10,11.2,VERDE
onoranze_funebri,Città Metropolitana di Napoli,6330,1.84,14.8,11,8.9,VERDE
onoranze_funebri,Provincia di Mantova,5670,2.04,13.2,12,7.9,VERDE
onoranze_funebri,Città metropolitana di Roma Capitale,5250,7.4,12.3,25,7.4,VERDE
onoranze_funebri,Provincia di Monza e della Brianza,4960,2.57,11.6,15,6.9,VERDE
onoranze_funebri,Provincia di Piacenza,4700,0.66,11.0,10,6.6,VERDE
onoranze_funebri,Provincia di Trieste,4220,1.04,9.8,10,5.9,VERDE
onoranze_funebri,Provincia di Cuneo,4190,1.61,9.8,10,5.9,VERDE
onoranze_funebri,Città Metropolitana di Bologna,3750,2.13,8.8,13,5.3,VERDE
onoranze_funebri,Provincia di Modena,3480,2.39,8.1,14,4.9,VERDE
onoranze_funebri,Provincia di Parma,3400,1.37,7.9,10,4.8,VERDE
onoranze_funebri,Città metropolitana di Cagliari,3210,1.35,7.5,10,4.5,VERDE
onoranze_funebri,Provincia di Chieti,3180,0.88,7.4,10,4.5,VERDE
onoranze_funebri,Provincia di Rovigo,3030,1.83,7.1,11,4.2,VERDE
onoranze_funebri,Provincia dell'Aquila,3020,0.38,7.0,10,4.2,VERDE
onoranze_funebri,Provincia di Reggio Emilia,2810,1.18,6.6,10,3.9,VERDE
onoranze_funebri,Provincia di Ferrara,2510,1.87,5.9,11,3.5,VERDE
onoranze_funebri,Provincia di Pescara,2460,1.11,5.7,10,3.4,VERDE
onoranze_funebri,Provincia di Sondrio,2430,1.24,5.7,10,3.4,VERDE
onoranze_funebri,Provincia di Potenza,2340,0.92,5.5,10,3.3,VERDE
onoranze_funebri,Provincia di Novara,2060,2.43,4.8,12,2.9,VERDE
onoranze_funebri,Provincia di Lecco,1970,1.71,4.6,10,2.8,VERDE
onoranze_funebri,Provincia di Perugia,1860,3.03,4.3,13,2.6,VERDE
onoranze_funebri,Provincia di Macerata,1710,1.41,4.0,10,2.4,VERDE
onoranze_funebri,Provincia di Gorizia,1520,1.11,3.5,10,2.1,VERDE
onoranze_funebri,Provincia di Lodi,1470,0.88,3.4,10,2.1,VERDE
onoranze_funebri,Provincia di Cosenza,1400,2.22,3.3,10,2.0,VERDE
onoranze_funebri,Provincia di Salerno,1260,1.49,2.9,10,1.8,VERDE
onoranze_funebri,Provincia di Varese,1210,1.99,2.8,10,1.7,VERDE
onoranze_funebri,Provincia di Avellino,1200,1.45,2.8,10,1.7,VERDE
onoranze_funebri,Provincia di Teramo,1130,1.32,2.6,10,1.6,VERDE
onoranze_funebri,Provincia di Ancona,1130,2.34,2.6,10,1.6,VERDE
onoranze_funebri,Città metropolitana di Reggio Calabria,1020,1.02,2.4,10,1.4,VERDE
onoranze_funebri,Provincia di Cremona,1000,2.51,2.3,10,1.4,VERDE
onoranze_funebri,Città metropolitana di Messina,930,2.71,2.2,10,1.3,VERDE
onoranze_funebri,Provincia di Pavia,920,2.08,2.1,10,1.3,VERDE
onoranze_funebri,Provincia di Pesaro e Urbino,900,6.8,2.1,14,1.3,VERDE
onoranze_funebri,Provincia di Lucca,890,2.9,2.1,10,1.2,VERDE
onoranze_funebri,Provincia autonoma di Bolzano - Alto Adige,870,0,2.0,0,1.2,VERDE
onoranze_funebri,Città metropolitana di Palermo,840,2.86,2.0,10,1.2,VERDE
onoranze_funebri,Provincia di Caserta,810,1.34,1.9,10,1.1,GIALLO
onoranze_funebri,Provincia di Taranto,800,2.77,1.9,10,1.1,GIALLO
onoranze_funebri,Provincia di Savona,770,2.14,1.8,10,1.1,GIALLO
onoranze_funebri,Provincia di Barletta-Andria-Trani,750,0.9,1.8,10,1.1,GIALLO
onoranze_funebri,Città Metropolitana di Firenze,680,1.77,1.6,10,1.0,GIALLO
onoranze_funebri,Città metropolitana di Catania,660,2.82,1.5,10,0.9,GIALLO
onoranze_funebri,Provincia di Brindisi,660,0,1.5,0,0.9,GIALLO
onoranze_funebri,Provincia di Catanzaro,620,0.69,1.4,10,0.9,GIALLO
onoranze_funebri,Città Metropolitana di Genova,580,3.56,1.4,10,0.8,GIALLO
onoranze_funebri,Provincia di Alessandria,490,1.62,1.1,10,0.7,GIALLO
onoranze_funebri,Provincia di Foggia,470,0,1.1,0,0.7,GIALLO
onoranze_funebri,Provincia di Fermo,410,0.84,1.0,10,0.6,GIALLO
onoranze_funebri,Provincia di Rimini,380,2.24,0.9,0,0.5,ROSSO
onoranze_funebri,Provincia di Matera,360,0,0.8,0,0.5,ROSSO
onoranze_funebri,Provincia di Arezzo,330,2.24,0.8,0,0.5,ROSSO
onoranze_funebri,Provincia di Viterbo,330,3.86,0.8,0,0.5,ROSSO
onoranze_funebri,Provincia di Lecce,310,1.19,0.7,0,0.4,ROSSO
onoranze_funebri,Provincia di Nuoro,300,0.65,0.7,0,0.4,ROSSO
onoranze_funebri,Provincia di Carbonia-Iglesias,270,0,0.6,0,0.4,ROSSO
onoranze_funebri,Provincia di Vibo Valentia,250,0.91,0.6,0,0.4,ROSSO
onoranze_funebri,Provincia di Frosinone,250,3.12,0.6,0,0.4,ROSSO
onoranze_funebri,Provincia di Vercelli,240,0,0.6,0,0.3,ROSSO
onoranze_funebri,Provincia di Ravenna,220,3.0,0.5,0,0.3,ROSSO
onoranze_funebri,Provincia di Forlì-Cesena,220,6.02,0.5,0,0.3,ROSSO
onoranze_funebri,Provincia di Biella,210,2.06,0.5,0,0.3,ROSSO
onoranze_funebri,Provincia di Terni,200,1.73,0.5,0,0.3,ROSSO
onoranze_funebri,Provincia di Isernia,180,0.49,0.4,0,0.3,ROSSO
onoranze_funebri,Città metropolitana di Sassari,180,9.45,0.4,0,0.3,ROSSO
onoranze_funebri,Provincia di Oristano,180,0,0.4,0,0.3,ROSSO
onoranze_funebri,Provincia di Latina,170,2.62,0.4,0,0.2,ROSSO
onoranze_funebri,Provincia di Siena,150,2.97,0.4,0,0.2,ROSSO
onoranze_funebri,Provincia di Campobasso,120,0,0.3,0,0.2,ROSSO
onoranze_funebri,Provincia di Pistoia,110,1.48,0.3,0,0.2,ROSSO
onoranze_funebri,Provincia di Asti,110,15.74,0.3,0,0.2,ROSSO
onoranze_funebri,Provincia di Ascoli Piceno,110,0,0.3,0,0.2,ROSSO
onoranze_funebri,Provincia di Pisa,90,3.1,0.2,0,0.1,ROSSO
onoranze_funebri,Provincia di Livorno,70,0,0.2,0,0.1,ROSSO
onoranze_funebri,Provincia di Massa e Carrara,50,0.8,0.1,0,0.1,ROSSO
onoranze_funebri,Provincia di Prato,40,0,0.1,0,0.1,ROSSO
onoranze_funebri,Provincia di Benevento,30,0,0.1,0,0.0,ROSSO
onoranze_funebri,Provincia di Imperia,30,0,0.1,0,0.0,ROSSO
onoranze_funebri,Provincia di Grosseto,30,5.24,0.1,0,0.0,ROSSO
onoranze_funebri,Provincia della Spezia,20,1.32,0.0,0,0.0,ROSSO
onoranze_funebri,Provincia di Rieti,10,0,0.0,0,0.0,ROSSO
onoranze_funebri,Provincia di Crotone,10,0,0.0,0,0.0,ROSSO
orologiai,Città metropolitana di Milano,150,0,0.4,0,0.2,ROSSO
orologiai,Città metropolitana di Catania,40,0,0.1,0,0.1,ROSSO
orologiai,Città metropolitana di Roma Capitale,30,0,0.1,0,0.0,ROSSO
orologiai,Provincia di Asti,10,0,0.0,0,0.0,ROSSO
orologiai,Provincia di Massa e Carrara,10,0,0.0,0,0.0,ROSSO
orologiai,Provincia di Trieste,10,0,0.0,0,0.0,ROSSO
orologiai,Provincia di Salerno,10,0,0.0,0,0.0,ROSSO
orologiai,Provincia di Carbonia-Iglesias,10,0,0.0,0,0.0,ROSSO
orologiai,Provincia di Savona,10,0,0.0,0,0.0,ROSSO
orologiai,Provincia di Pisa,10,0,0.0,0,0.0,ROSSO
orologiai,Città metropolitana di Cagliari,10,0,0.0,0,0.0,ROSSO
orologiai,Provincia di Vicenza,10,0,0.0,0,0.0,ROSSO
orologiai,Città metropolitana di Messina,10,0,0.0,0,0.0,ROSSO
orologiai,Provincia di Crotone,10,0,0.0,0,0.0,ROSSO
orologiai,Provincia di Brindisi,10,0,0.0,0,0.0,ROSSO
orologiai,Città metropolitana di Palermo,10,0,0.0,0,0.0,ROSSO
orologiai,Provincia di Siena,10,0,0.0,0,0.0,ROSSO
orologiai,Provincia di Biella,10,0,0.0,0,0.0,ROSSO
orologiai,Provincia di Monza e della Brianza,10,0,0.0,0,0.0,ROSSO
orologiai,Provincia di Vercelli,10,0,0.0,0,0.0,ROSSO
orologiai,Provincia di Cosenza,10,0,0.0,0,0.0,ROSSO
orologiai,Provincia di Padova,10,0,0.0,0,0.0,ROSSO
orologiai,Provincia di Foggia,10,0,0.0,0,0.0,ROSSO
orologiai,Città metropolitana di Reggio Calabria,10,0,0.0,0,0.0,ROSSO
orologiai,Provincia di Mantova,10,0,0.0,0,0.0,ROSSO
orologiai,Provincia di Belluno,10,0,0.0,0,0.0,ROSSO
orologiai,Provincia di Sondrio,10,0,0.0,0,0.0,ROSSO
orologiai,Città Metropolitana di Firenze,10,0,0.0,0,0.0,ROSSO
orologiai,Provincia di Bergamo,10,0,0.0,0,0.0,ROSSO
orologiai,Provincia di Lodi,10,0,0.0,0,0.0,ROSSO
orologiai,Provincia di Frosinone,10,0,0.0,0,0.0,ROSSO
orologiai,Provincia di Modena,10,0,0.0,0,0.0,ROSSO
orologiai,Città Metropolitana di Bologna,10,0,0.0,0,0.0,ROSSO
orologiai,Città metropolitana di Sassari,10,0,0.0,0,0.0,ROSSO
orologiai,Provincia di Reggio Emilia,10,0,0.0,0,0.0,ROSSO
orologiai,Provincia di Pavia,10,0,0.0,0,0.0,ROSSO
orologiai,Città Metropolitana di Bari,10,0,0.0,0,0.0,ROSSO
orologiai,Provincia di Campobasso,10,0,0.0,0,0.0,ROSSO
orologiai,Provincia di Caserta,10,0,0.0,0,0.0,ROSSO
orologiai,Provincia di Pordenone,10,0,0.0,0,0.0,ROSSO
orologiai,Provincia di Avellino,10,0,0.0,0,0.0,ROSSO
orologiai,Città Metropolitana di Genova,10,0,0.0,0,0.0,ROSSO
orologiai,Provincia di Como,10,0,0.0,0,0.0,ROSSO
orologiai,Provincia di Alessandria,10,0,0.0,0,0.0,ROSSO
orologiai,Provincia di Latina,10,0,0.0,0,0.0,ROSSO
orologiai,Città Metropolitana di Venezia,10,0,0.0,0,0.0,ROSSO
orologiai,Provincia di Vibo Valentia,10,0,0.0,0,0.0,ROSSO
orologiai,Provincia di Ferrara,10,0,0.0,0,0.0,ROSSO
orologiai,Provincia di Potenza,10,0,0.0,0,0.0,ROSSO
orologiai,Provincia di Viterbo,10,0,0.0,0,0.0,ROSSO
orologiai,Provincia di Parma,10,0,0.0,0,0.0,ROSSO
orologiai,Provincia di Cuneo,10,0,0.0,0,0.0,ROSSO
orologiai,Provincia di Cremona,10,0,0.0,0,0.0,ROSSO
orologiai,Provincia autonoma di Bolzano - Alto Adige,10,0,0.0,0,0.0,ROSSO
orologiai,Provincia di Nuoro,10,0,0.0,0,0.0,ROSSO
orologiai,Provincia di Novara,10,0,0.0,0,0.0,ROSSO
orologiai,Provincia di Matera,10,0,0.0,0,0.0,ROSSO
orologiai,Provincia di Arezzo,10,0,0.0,0,0.0,ROSSO
orologiai,Provincia dell'Aquila,10,0,0.0,0,0.0,ROSSO
orologiai,Città Metropolitana di Napoli,10,0,0.0,0,0.0,ROSSO
orologiai,Provincia di Chieti,10,0,0.0,0,0.0,ROSSO
orologiai,Provincia di Rovigo,10,0,0.0,0,0.0,ROSSO
orologiai,Città Metropolitana di Torino,10,0,0.0,0,0.0,ROSSO
orologiai,Provincia di Ancona,10,0,0.0,0,0.0,ROSSO
orologiai,Provincia di Lecce,10,0,0.0,0,0.0,ROSSO
orologiai,Provincia di Gorizia,10,0,0.0,0,0.0,ROSSO
orologiai,Provincia autonoma di Trento,10,0,0.0,0,0.0,ROSSO
orologiai,Provincia di Terni,10,0,0.0,0,0.0,ROSSO
orologiai,Provincia di Perugia,10,0,0.0,0,0.0,ROSSO
orologiai,Provincia di Taranto,10,0,0.0,0,0.0,ROSSO
orologiai,Provincia di Pistoia,10,0,0.0,0,0.0,ROSSO
orologiai,Provincia di Pescara,10,0,0.0,0,0.0,ROSSO
orologiai,Provincia di Rimini,10,0,0.0,0,0.0,ROSSO
orologiai,Provincia di Grosseto,10,0,0.0,0,0.0,ROSSO
orologiai,Provincia di Forlì-Cesena,10,0,0.0,0,0.0,ROSSO
orologiai,Provincia di Prato,10,0,0.0,0,0.0,ROSSO
orologiai,Provincia di Rieti,10,0,0.0,0,0.0,ROSSO
orologiai,Provincia di Lucca,10,0,0.0,0,0.0,ROSSO
orologiai,Provincia di Varese,10,0,0.0,0,0.0,ROSSO
orologiai,Provincia di Piacenza,10,0,0.0,0,0.0,ROSSO
orologiai,Provincia di Teramo,10,0,0.0,0,0.0,ROSSO
orologiai,Provincia di Brescia,10,0,0.0,0,0.0,ROSSO
orologiai,Provincia di Treviso,10,0,0.0,0,0.0,ROSSO
orologiai,Provincia della Spezia,10,0,0.0,0,0.0,ROSSO
orologiai,Provincia di Fermo,10,0,0.0,0,0.0,ROSSO
orologiai,Provincia di Barletta-Andria-Trani,10,0,0.0,0,0.0,ROSSO
orologiai,Provincia di Ascoli Piceno,10,0,0.0,0,0.0,ROSSO
orologiai,Provincia di Oristano,10,0,0.0,0,0.0,ROSSO
orologiai,Provincia di Pesaro e Urbino,10,0,0.0,0,0.0,ROSSO
orologiai,Provincia di Lecco,10,0,0.0,0,0.0,ROSSO
orologiai,Provincia di Imperia,10,0,0.0,0,0.0,ROSSO
orologiai,Provincia di Catanzaro,10,0,0.0,0,0.0,ROSSO
orologiai,Provincia di Isernia,10,0,0.0,0,0.0,ROSSO
orologiai,Provincia di Ravenna,10,0,0.0,0,0.0,ROSSO
orologiai,Provincia di Livorno,10,0,0.0,0,0.0,ROSSO
orologiai,Provincia di Verona,10,0,0.0,0,0.0,ROSSO
orologiai,Provincia di Benevento,10,0,0.0,0,0.0,ROSSO
orologiai,Provincia di Macerata,10,0,0.0,0,0.0,ROSSO
packaging,Città metropolitana di Milano,610,1.84,1.4,10,0.9,GIALLO
packaging,Città metropolitana di Roma Capitale,340,1.6,0.8,0,0.5,ROSSO
packaging,Città Metropolitana di Torino,150,1.59,0.4,0,0.2,ROSSO
packaging,Città Metropolitana di Napoli,140,1.48,0.3,0,0.2,ROSSO
packaging,Città metropolitana di Catania,90,1.33,0.2,0,0.1,ROSSO
packaging,Provincia di Monza e della Brianza,60,1.11,0.1,0,0.1,ROSSO
packaging,Città Metropolitana di Bologna,60,1.96,0.1,0,0.1,ROSSO
packaging,Città metropolitana di Palermo,60,1.61,0.1,0,0.1,ROSSO
packaging,Città Metropolitana di Bari,60,1.96,0.1,0,0.1,ROSSO
packaging,Provincia di Brescia,60,1.86,0.1,0,0.1,ROSSO
packaging,Provincia di Salerno,50,0.98,0.1,0,0.1,ROSSO
packaging,Provincia di Verona,50,2.4,0.1,0,0.1,ROSSO
packaging,Provincia di Padova,50,2.17,0.1,0,0.1,ROSSO
packaging,Provincia di Bergamo,40,1.47,0.1,0,0.1,ROSSO
packaging,Città Metropolitana di Venezia,40,1.63,0.1,0,0.1,ROSSO
packaging,Provincia di Vicenza,40,1.44,0.1,0,0.1,ROSSO
packaging,Città Metropolitana di Firenze,40,3.23,0.1,0,0.1,ROSSO
packaging,Città Metropolitana di Genova,40,1.58,0.1,0,0.1,ROSSO
packaging,Provincia di Treviso,40,6.28,0.1,0,0.1,ROSSO
packaging,Provincia di Caserta,30,1.73,0.1,0,0.0,ROSSO
packaging,Provincia di Lecce,30,1.75,0.1,0,0.0,ROSSO
packaging,Provincia di Perugia,30,1.61,0.1,0,0.0,ROSSO
packaging,Provincia di Modena,30,2.1,0.1,0,0.0,ROSSO
packaging,Provincia di Pisa,20,2.42,0.0,0,0.0,ROSSO
packaging,Provincia di Campobasso,20,1.38,0.0,0,0.0,ROSSO
packaging,Provincia di Prato,20,1.47,0.0,0,0.0,ROSSO
packaging,Provincia di Trieste,20,1.9,0.0,0,0.0,ROSSO
packaging,Provincia dell'Aquila,20,1.22,0.0,0,0.0,ROSSO
packaging,Provincia di Cosenza,20,1.11,0.0,0,0.0,ROSSO
packaging,Provincia di Lodi,20,2.01,0.0,0,0.0,ROSSO
packaging,Provincia di Ancona,20,2.67,0.0,0,0.0,ROSSO
packaging,Città metropolitana di Sassari,20,1.05,0.0,0,0.0,ROSSO
packaging,Provincia di Potenza,20,0.96,0.0,0,0.0,ROSSO
packaging,Provincia di Como,20,3.37,0.0,0,0.0,ROSSO
packaging,Provincia di Massa e Carrara,20,2.1,0.0,0,0.0,ROSSO
packaging,Provincia di Varese,20,0.77,0.0,0,0.0,ROSSO
packaging,Provincia di Cremona,20,2.17,0.0,0,0.0,ROSSO
packaging,Provincia di Foggia,20,0.74,0.0,0,0.0,ROSSO
packaging,Città metropolitana di Cagliari,20,1.53,0.0,0,0.0,ROSSO
packaging,Città metropolitana di Reggio Calabria,20,0.82,0.0,0,0.0,ROSSO
packaging,Provincia di Taranto,20,1.05,0.0,0,0.0,ROSSO
packaging,Provincia di Pescara,20,1.06,0.0,0,0.0,ROSSO
packaging,Provincia di Reggio Emilia,20,1.99,0.0,0,0.0,ROSSO
packaging,Provincia di Barletta-Andria-Trani,20,1.3,0.0,0,0.0,ROSSO
packaging,Provincia di Latina,20,0.86,0.0,0,0.0,ROSSO
packaging,Provincia di Livorno,20,0.85,0.0,0,0.0,ROSSO
packaging,Provincia di Novara,20,1.8,0.0,0,0.0,ROSSO
packaging,Provincia di Pavia,20,1.1,0.0,0,0.0,ROSSO
packaging,Provincia di Avellino,20,1.15,0.0,0,0.0,ROSSO
packaging,Provincia autonoma di Trento,20,1.22,0.0,0,0.0,ROSSO
packaging,Provincia di Belluno,10,0,0.0,0,0.0,ROSSO
packaging,Provincia di Alessandria,10,0,0.0,0,0.0,ROSSO
packaging,Provincia di Asti,10,0,0.0,0,0.0,ROSSO
packaging,Provincia di Sondrio,10,0,0.0,0,0.0,ROSSO
packaging,Provincia di Rovigo,10,0,0.0,0,0.0,ROSSO
packaging,Provincia di Chieti,10,0,0.0,0,0.0,ROSSO
packaging,Provincia di Lucca,10,0,0.0,0,0.0,ROSSO
packaging,Provincia di Rieti,10,0,0.0,0,0.0,ROSSO
packaging,Provincia di Rimini,10,0,0.0,0,0.0,ROSSO
packaging,Provincia di Frosinone,10,0,0.0,0,0.0,ROSSO
packaging,Provincia di Crotone,10,0,0.0,0,0.0,ROSSO
packaging,Provincia di Lecco,10,0,0.0,0,0.0,ROSSO
packaging,Provincia di Fermo,10,0,0.0,0,0.0,ROSSO
packaging,Provincia di Mantova,10,0,0.0,0,0.0,ROSSO
packaging,Provincia di Forlì-Cesena,10,0,0.0,0,0.0,ROSSO
packaging,Provincia di Viterbo,10,0,0.0,0,0.0,ROSSO
packaging,Provincia di Macerata,10,0,0.0,0,0.0,ROSSO
packaging,Provincia di Teramo,10,0,0.0,0,0.0,ROSSO
packaging,Provincia di Oristano,10,0,0.0,0,0.0,ROSSO
packaging,Provincia di Pordenone,10,0,0.0,0,0.0,ROSSO
packaging,Provincia di Ascoli Piceno,10,0,0.0,0,0.0,ROSSO
packaging,Provincia di Piacenza,10,0,0.0,0,0.0,ROSSO
packaging,Provincia di Terni,10,0,0.0,0,0.0,ROSSO
packaging,Provincia di Grosseto,10,0,0.0,0,0.0,ROSSO
packaging,Città metropolitana di Messina,10,0,0.0,0,0.0,ROSSO
packaging,Provincia di Ferrara,10,0,0.0,0,0.0,ROSSO
packaging,Provincia di Gorizia,10,0,0.0,0,0.0,ROSSO
packaging,Provincia di Biella,10,0,0.0,0,0.0,ROSSO
packaging,Provincia di Savona,10,0,0.0,0,0.0,ROSSO
packaging,Provincia di Pistoia,10,0,0.0,0,0.0,ROSSO
packaging,Provincia autonoma di Bolzano - Alto Adige,10,0,0.0,0,0.0,ROSSO
packaging,Provincia di Vercelli,10,0,0.0,0,0.0,ROSSO
packaging,Provincia di Nuoro,10,0,0.0,0,0.0,ROSSO
packaging,Provincia di Brindisi,10,0,0.0,0,0.0,ROSSO
packaging,Provincia di Pesaro e Urbino,10,0,0.0,0,0.0,ROSSO
packaging,Provincia di Cuneo,10,0,0.0,0,0.0,ROSSO
packaging,Provincia di Parma,10,0,0.0,0,0.0,ROSSO
packaging,Provincia di Carbonia-Iglesias,10,0,0.0,0,0.0,ROSSO
packaging,Provincia di Siena,10,0,0.0,0,0.0,ROSSO
packaging,Provincia di Imperia,10,0,0.0,0,0.0,ROSSO
packaging,Provincia della Spezia,10,0,0.0,0,0.0,ROSSO
packaging,Provincia di Isernia,10,0,0.0,0,0.0,ROSSO
packaging,Provincia di Ravenna,10,0,0.0,0,0.0,ROSSO
packaging,Provincia di Vibo Valentia,10,0,0.0,0,0.0,ROSSO
packaging,Provincia di Matera,10,0,0.0,0,0.0,ROSSO
packaging,Provincia di Arezzo,10,0,0.0,0,0.0,ROSSO
packaging,Provincia di Catanzaro,10,0,0.0,0,0.0,ROSSO
packaging,Provincia di Benevento,10,0,0.0,0,0.0,ROSSO
parquet,Città metropolitana di Milano,11180,0.84,26.1,10,15.7,VERDE
parquet,Città metropolitana di Roma Capitale,5190,0.68,12.1,10,7.3,VERDE
parquet,Città Metropolitana di Torino,1580,0.79,3.7,10,2.2,VERDE
parquet,Città Metropolitana di Napoli,1030,0.51,2.4,10,1.4,VERDE
parquet,Città Metropolitana di Bologna,1000,0.89,2.3,10,1.4,VERDE
parquet,Provincia di Bergamo,750,0.97,1.8,10,1.1,GIALLO
parquet,Provincia di Monza e della Brianza,620,1.11,1.4,10,0.9,GIALLO
parquet,Provincia di Brescia,570,0.93,1.3,10,0.8,GIALLO
parquet,Città Metropolitana di Firenze,570,0.69,1.3,10,0.8,GIALLO
parquet,Città Metropolitana di Bari,410,1.13,1.0,10,0.6,GIALLO
parquet,Provincia di Varese,400,0.97,0.9,0,0.6,ROSSO
parquet,Provincia di Padova,390,1.08,0.9,0,0.5,ROSSO
parquet,Città Metropolitana di Venezia,380,0.84,0.9,0,0.5,ROSSO
parquet,Provincia di Vicenza,320,0.81,0.7,0,0.4,ROSSO
parquet,Città Metropolitana di Genova,270,1.14,0.6,0,0.4,ROSSO
parquet,Provincia di Verona,250,0.88,0.6,0,0.4,ROSSO
parquet,Città metropolitana di Cagliari,220,0.56,0.5,0,0.3,ROSSO
parquet,Provincia di Treviso,220,0.94,0.5,0,0.3,ROSSO
parquet,Città metropolitana di Palermo,220,0.52,0.5,0,0.3,ROSSO
parquet,Provincia di Modena,210,1.1,0.5,0,0.3,ROSSO
parquet,Città metropolitana di Catania,200,1.12,0.5,0,0.3,ROSSO
parquet,Provincia di Novara,160,0.53,0.4,0,0.2,ROSSO
parquet,Provincia di Como,160,0.96,0.4,0,0.2,ROSSO
parquet,Provincia di Trieste,140,0.66,0.3,0,0.2,ROSSO
parquet,Provincia di Salerno,130,0.41,0.3,0,0.2,ROSSO
parquet,Provincia di Parma,120,1.07,0.3,0,0.2,ROSSO
parquet,Provincia di Lecco,120,0.83,0.3,0,0.2,ROSSO
parquet,Provincia di Pavia,110,1.72,0.3,0,0.2,ROSSO
parquet,Provincia di Pescara,110,0.41,0.3,0,0.2,ROSSO
parquet,Provincia di Ancona,110,0.97,0.3,0,0.2,ROSSO
parquet,Provincia di Caserta,110,1.08,0.3,0,0.2,ROSSO
parquet,Provincia di Cuneo,100,1.89,0.2,0,0.1,ROSSO
parquet,Provincia di Rimini,100,1.32,0.2,0,0.1,ROSSO
parquet,Provincia di Lucca,100,0.98,0.2,0,0.1,ROSSO
parquet,Provincia di Perugia,90,0.59,0.2,0,0.1,ROSSO
parquet,Provincia autonoma di Trento,90,1.3,0.2,0,0.1,ROSSO
parquet,Provincia di Pisa,90,0.4,0.2,0,0.1,ROSSO
parquet,Provincia di Ravenna,80,1.69,0.2,0,0.1,ROSSO
parquet,Provincia di Latina,80,0.86,0.2,0,0.1,ROSSO
parquet,Provincia di Lecce,80,0.89,0.2,0,0.1,ROSSO
parquet,Provincia di Mantova,80,0.78,0.2,0,0.1,ROSSO
parquet,Provincia di Reggio Emilia,80,1.23,0.2,0,0.1,ROSSO
parquet,Provincia di Forlì-Cesena,70,0.5,0.2,0,0.1,ROSSO
parquet,Provincia di Alessandria,70,2.8,0.2,0,0.1,ROSSO
parquet,Provincia di Cosenza,70,0.9,0.2,0,0.1,ROSSO
parquet,Provincia di Cremona,70,1.54,0.2,0,0.1,ROSSO
parquet,Provincia di Taranto,60,2.31,0.1,0,0.1,ROSSO
parquet,Provincia di Siena,60,0.55,0.1,0,0.1,ROSSO
parquet,Provincia di Foggia,60,1.15,0.1,0,0.1,ROSSO
parquet,Provincia di Pordenone,60,1.89,0.1,0,0.1,ROSSO
parquet,Provincia autonoma di Bolzano - Alto Adige,60,0.1,0.1,0,0.1,ROSSO
parquet,Provincia di Ferrara,60,0,0.1,0,0.1,ROSSO
parquet,Provincia di Pesaro e Urbino,60,1.63,0.1,0,0.1,ROSSO
parquet,Provincia di Chieti,50,0.72,0.1,0,0.1,ROSSO
parquet,Provincia di Piacenza,50,3.09,0.1,0,0.1,ROSSO
parquet,Città metropolitana di Sassari,50,1.66,0.1,0,0.1,ROSSO
parquet,Provincia di Lodi,40,1.85,0.1,0,0.1,ROSSO
parquet,Provincia di Viterbo,40,0.57,0.1,0,0.1,ROSSO
parquet,Città metropolitana di Messina,40,2.82,0.1,0,0.1,ROSSO
parquet,Provincia di Avellino,30,1.21,0.1,0,0.0,ROSSO
parquet,Provincia di Arezzo,30,0,0.1,0,0.0,ROSSO
parquet,Città metropolitana di Reggio Calabria,30,0,0.1,0,0.0,ROSSO
parquet,Provincia di Livorno,30,0,0.1,0,0.0,ROSSO
parquet,Provincia di Vercelli,30,0.54,0.1,0,0.0,ROSSO
parquet,Provincia di Brindisi,30,0.94,0.1,0,0.0,ROSSO
parquet,Provincia di Sondrio,30,2.22,0.1,0,0.0,ROSSO
parquet,Provincia di Belluno,30,1.5,0.1,0,0.0,ROSSO
parquet,Provincia di Frosinone,30,0,0.1,0,0.0,ROSSO
parquet,Provincia dell'Aquila,30,0,0.1,0,0.0,ROSSO
parquet,Provincia di Teramo,30,0,0.1,0,0.0,ROSSO
parquet,Provincia di Massa e Carrara,20,2.49,0.0,0,0.0,ROSSO
parquet,Provincia di Biella,20,0.77,0.0,0,0.0,ROSSO
parquet,Provincia di Imperia,20,0.1,0.0,0,0.0,ROSSO
parquet,Provincia della Spezia,20,4.03,0.0,0,0.0,ROSSO
parquet,Provincia di Terni,20,0.37,0.0,0,0.0,ROSSO
parquet,Provincia di Carbonia-Iglesias,20,0.86,0.0,0,0.0,ROSSO
parquet,Provincia di Campobasso,10,0,0.0,0,0.0,ROSSO
parquet,Provincia di Gorizia,10,0,0.0,0,0.0,ROSSO
parquet,Provincia di Pistoia,10,0,0.0,0,0.0,ROSSO
parquet,Provincia di Ascoli Piceno,10,0,0.0,0,0.0,ROSSO
parquet,Provincia di Savona,10,0,0.0,0,0.0,ROSSO
parquet,Provincia di Nuoro,10,0,0.0,0,0.0,ROSSO
parquet,Provincia di Matera,10,0,0.0,0,0.0,ROSSO
parquet,Provincia di Isernia,10,0,0.0,0,0.0,ROSSO
parquet,Provincia di Catanzaro,10,0,0.0,0,0.0,ROSSO
parquet,Provincia di Benevento,10,0,0.0,0,0.0,ROSSO
parquet,Provincia di Oristano,10,0,0.0,0,0.0,ROSSO
parquet,Provincia di Macerata,10,0,0.0,0,0.0,ROSSO
parquet,Provincia di Vibo Valentia,10,0,0.0,0,0.0,ROSSO
parquet,Provincia di Grosseto,10,0,0.0,0,0.0,ROSSO
parquet,Provincia di Barletta-Andria-Trani,10,0,0.0,0,0.0,ROSSO
parquet,Provincia di Asti,10,0,0.0,0,0.0,ROSSO
parquet,Provincia di Rovigo,10,0,0.0,0,0.0,ROSSO
parquet,Provincia di Crotone,10,0,0.0,0,0.0,ROSSO
parquet,Provincia di Potenza,10,0,0.0,0,0.0,ROSSO
parquet,Provincia di Fermo,10,0,0.0,0,0.0,ROSSO
parquet,Provincia di Rieti,10,0,0.0,0,0.0,ROSSO
parquet,Provincia di Prato,10,0,0.0,0,0.0,ROSSO
patenti_nautiche,Città metropolitana di Milano,12390,0.39,28.9,10,17.4,VERDE
patenti_nautiche,Città metropolitana di Roma Capitale,6020,0.43,14.0,10,8.4,VERDE
patenti_nautiche,Città Metropolitana di Napoli,2700,0.36,6.3,10,3.8,VERDE
patenti_nautiche,Città Metropolitana di Torino,1470,1.23,3.4,10,2.1,VERDE
patenti_nautiche,Città Metropolitana di Bologna,1340,0.39,3.1,10,1.9,VERDE
patenti_nautiche,Città Metropolitana di Firenze,1240,0.37,2.9,10,1.7,VERDE
patenti_nautiche,Città Metropolitana di Bari,1200,0.31,2.8,10,1.7,VERDE
patenti_nautiche,Città metropolitana di Palermo,1170,0.44,2.7,10,1.6,VERDE
patenti_nautiche,Città Metropolitana di Venezia,1070,0.35,2.5,10,1.5,VERDE
patenti_nautiche,Città metropolitana di Cagliari,960,0.41,2.2,10,1.3,VERDE
patenti_nautiche,Provincia di Padova,940,0.48,2.2,10,1.3,VERDE
patenti_nautiche,Provincia di Brescia,900,0.51,2.1,10,1.3,VERDE
patenti_nautiche,Città metropolitana di Catania,790,0.37,1.8,10,1.1,GIALLO
patenti_nautiche,Città Metropolitana di Genova,770,0.68,1.8,10,1.1,GIALLO
patenti_nautiche,Provincia di Salerno,740,0.31,1.7,10,1.0,GIALLO
patenti_nautiche,Provincia di Bergamo,690,0.63,1.6,10,1.0,GIALLO
patenti_nautiche,Provincia di Vicenza,580,0.44,1.4,10,0.8,GIALLO
patenti_nautiche,Provincia di Varese,550,0.59,1.3,10,0.8,GIALLO
patenti_nautiche,Città metropolitana di Sassari,550,0.49,1.3,10,0.8,GIALLO
patenti_nautiche,Provincia di Pescara,540,0.35,1.3,10,0.8,GIALLO
patenti_nautiche,Provincia di Treviso,540,0.63,1.3,10,0.8,GIALLO
patenti_nautiche,Provincia di Verona,540,0.46,1.3,10,0.8,GIALLO
patenti_nautiche,Provincia di Livorno,500,0.43,1.2,10,0.7,GIALLO
patenti_nautiche,Provincia di Monza e della Brianza,470,0.54,1.1,10,0.7,GIALLO
patenti_nautiche,Provincia di Caserta,430,0.38,1.0,10,0.6,GIALLO
patenti_nautiche,Provincia di Como,390,0.47,0.9,0,0.5,ROSSO
patenti_nautiche,Città metropolitana di Reggio Calabria,380,0.3,0.9,0,0.5,ROSSO
patenti_nautiche,Provincia di Ancona,370,0.46,0.9,0,0.5,ROSSO
patenti_nautiche,Provincia di Trieste,330,0.33,0.8,0,0.5,ROSSO
patenti_nautiche,Provincia di Lecce,330,0.57,0.8,0,0.5,ROSSO
patenti_nautiche,Provincia di Rimini,330,0.76,0.8,0,0.5,ROSSO
patenti_nautiche,Provincia di Novara,280,0.38,0.7,0,0.4,ROSSO
patenti_nautiche,Provincia di Lucca,280,0.63,0.7,0,0.4,ROSSO
patenti_nautiche,Provincia di Latina,270,0.51,0.6,0,0.4,ROSSO
patenti_nautiche,Provincia di Grosseto,250,0.39,0.6,0,0.4,ROSSO
patenti_nautiche,Provincia di Cuneo,240,0.6,0.6,0,0.3,ROSSO
patenti_nautiche,Città metropolitana di Messina,240,0.56,0.6,0,0.3,ROSSO
patenti_nautiche,Provincia di Cosenza,230,0.35,0.5,0,0.3,ROSSO
patenti_nautiche,Provincia di Potenza,230,0.73,0.5,0,0.3,ROSSO
patenti_nautiche,Provincia di Frosinone,220,0.4,0.5,0,0.3,ROSSO
patenti_nautiche,Provincia di Pavia,220,0.43,0.5,0,0.3,ROSSO
patenti_nautiche,Provincia di Pisa,210,0.35,0.5,0,0.3,ROSSO
patenti_nautiche,Provincia di Modena,210,0.51,0.5,0,0.3,ROSSO
patenti_nautiche,Provincia di Savona,200,0.71,0.5,0,0.3,ROSSO
patenti_nautiche,Provincia di Perugia,190,0,0.4,0,0.3,ROSSO
patenti_nautiche,Provincia di Massa e Carrara,190,0.68,0.4,0,0.3,ROSSO
patenti_nautiche,Provincia della Spezia,190,0.55,0.4,0,0.3,ROSSO
patenti_nautiche,Provincia di Avellino,180,0.33,0.4,0,0.3,ROSSO
patenti_nautiche,Provincia autonoma di Trento,180,0.53,0.4,0,0.3,ROSSO
patenti_nautiche,Provincia di Foggia,170,0.4,0.4,0,0.2,ROSSO
patenti_nautiche,Provincia di Pesaro e Urbino,170,0.43,0.4,0,0.2,ROSSO
patenti_nautiche,Provincia di Alessandria,160,0.69,0.4,0,0.2,ROSSO
patenti_nautiche,Provincia di Parma,160,0.61,0.4,0,0.2,ROSSO
patenti_nautiche,Provincia di Lecco,160,0.4,0.4,0,0.2,ROSSO
patenti_nautiche,Provincia di Reggio Emilia,150,0.52,0.4,0,0.2,ROSSO
patenti_nautiche,Provincia di Taranto,140,0.36,0.3,0,0.2,ROSSO
patenti_nautiche,Provincia di Cremona,140,0.57,0.3,0,0.2,ROSSO
patenti_nautiche,Provincia di Forlì-Cesena,130,0.61,0.3,0,0.2,ROSSO
patenti_nautiche,Provincia di Mantova,130,0.62,0.3,0,0.2,ROSSO
patenti_nautiche,Provincia di Arezzo,120,0.34,0.3,0,0.2,ROSSO
patenti_nautiche,Provincia di Ravenna,120,0.66,0.3,0,0.2,ROSSO
patenti_nautiche,Provincia di Pordenone,120,0.32,0.3,0,0.2,ROSSO
patenti_nautiche,Provincia di Chieti,120,0.42,0.3,0,0.2,ROSSO
patenti_nautiche,Provincia di Pistoia,110,0.34,0.3,0,0.2,ROSSO
patenti_nautiche,Provincia di Imperia,110,0.57,0.3,0,0.2,ROSSO
patenti_nautiche,Provincia autonoma di Bolzano - Alto Adige,110,0.28,0.3,0,0.2,ROSSO
patenti_nautiche,Provincia di Ferrara,110,0.28,0.3,0,0.2,ROSSO
patenti_nautiche,Provincia di Catanzaro,100,0,0.2,0,0.1,ROSSO
patenti_nautiche,Provincia di Siena,90,0.35,0.2,0,0.1,ROSSO
patenti_nautiche,Provincia di Lodi,90,0.4,0.2,0,0.1,ROSSO
patenti_nautiche,Provincia di Brindisi,80,0.51,0.2,0,0.1,ROSSO
patenti_nautiche,Provincia di Belluno,80,0,0.2,0,0.1,ROSSO
patenti_nautiche,Provincia di Carbonia-Iglesias,80,0,0.2,0,0.1,ROSSO
patenti_nautiche,Provincia di Piacenza,80,0.54,0.2,0,0.1,ROSSO
patenti_nautiche,Provincia di Macerata,80,0.68,0.2,0,0.1,ROSSO
patenti_nautiche,Provincia di Viterbo,80,0.42,0.2,0,0.1,ROSSO
patenti_nautiche,Provincia di Rovigo,80,0.46,0.2,0,0.1,ROSSO
patenti_nautiche,Provincia di Gorizia,70,0.21,0.2,0,0.1,ROSSO
patenti_nautiche,Provincia di Nuoro,70,0.26,0.2,0,0.1,ROSSO
patenti_nautiche,Provincia di Crotone,70,0,0.2,0,0.1,ROSSO
patenti_nautiche,Provincia di Biella,60,0.39,0.1,0,0.1,ROSSO
patenti_nautiche,Provincia di Ascoli Piceno,60,0,0.1,0,0.1,ROSSO
patenti_nautiche,Provincia di Prato,60,0.37,0.1,0,0.1,ROSSO
patenti_nautiche,Provincia di Teramo,60,0.56,0.1,0,0.1,ROSSO
patenti_nautiche,Provincia di Vibo Valentia,60,0,0.1,0,0.1,ROSSO
patenti_nautiche,Provincia di Barletta-Andria-Trani,60,0,0.1,0,0.1,ROSSO
patenti_nautiche,Provincia di Terni,60,0.44,0.1,0,0.1,ROSSO
patenti_nautiche,Provincia di Benevento,50,0.27,0.1,0,0.1,ROSSO
patenti_nautiche,Provincia dell'Aquila,50,0.49,0.1,0,0.1,ROSSO
patenti_nautiche,Provincia di Asti,40,0.61,0.1,0,0.1,ROSSO
patenti_nautiche,Provincia di Sondrio,40,0,0.1,0,0.1,ROSSO
patenti_nautiche,Provincia di Matera,30,0,0.1,0,0.0,ROSSO
patenti_nautiche,Provincia di Campobasso,30,0,0.1,0,0.0,ROSSO
patenti_nautiche,Provincia di Fermo,30,0,0.1,0,0.0,ROSSO
patenti_nautiche,Provincia di Oristano,30,0,0.1,0,0.0,ROSSO
patenti_nautiche,Provincia di Vercelli,20,0.4,0.0,0,0.0,ROSSO
patenti_nautiche,Provincia di Isernia,10,0,0.0,0,0.0,ROSSO
patenti_nautiche,Provincia di Rieti,10,0,0.0,0,0.0,ROSSO
patenti_superiori,Città metropolitana di Milano,15970,0.29,37.3,10,22.4,VERDE
patenti_superiori,Città metropolitana di Roma Capitale,5620,0.7,13.1,10,7.9,VERDE
patenti_superiori,Città Metropolitana di Torino,2580,0.39,6.0,10,3.6,VERDE
patenti_superiori,Città Metropolitana di Bologna,2070,0.23,4.8,10,2.9,VERDE
patenti_superiori,Città Metropolitana di Firenze,1820,0,4.2,0,2.5,VERDE
patenti_superiori,Città Metropolitana di Napoli,1450,0,3.4,0,2.0,VERDE
patenti_superiori,Provincia di Brescia,1270,0.36,3.0,10,1.8,VERDE
patenti_superiori,Provincia di Bergamo,1220,0.15,2.8,10,1.7,VERDE
patenti_superiori,Città Metropolitana di Bari,1060,0,2.5,0,1.5,VERDE
patenti_superiori,Provincia di Vicenza,810,0,1.9,0,1.1,GIALLO
patenti_superiori,Provincia di Verona,780,0,1.8,0,1.1,GIALLO
patenti_superiori,Provincia di Padova,760,0,1.8,0,1.1,GIALLO
patenti_superiori,Città metropolitana di Palermo,740,0,1.7,0,1.0,GIALLO
patenti_superiori,Città metropolitana di Cagliari,690,0,1.6,0,1.0,GIALLO
patenti_superiori,Città Metropolitana di Venezia,660,0,1.5,0,0.9,GIALLO
patenti_superiori,Provincia di Treviso,630,0,1.5,0,0.9,GIALLO
patenti_superiori,Provincia di Ancona,540,0,1.3,0,0.8,GIALLO
patenti_superiori,Provincia di Parma,530,0,1.2,0,0.7,GIALLO
patenti_superiori,Provincia di Caserta,500,0,1.2,0,0.7,GIALLO
patenti_superiori,Provincia di Salerno,490,0,1.1,0,0.7,GIALLO
patenti_superiori,Provincia autonoma di Bolzano - Alto Adige,480,0,1.1,0,0.7,GIALLO
patenti_superiori,Provincia di Monza e della Brianza,460,0.32,1.1,10,0.6,GIALLO
patenti_superiori,Provincia di Varese,450,0.11,1.1,10,0.6,GIALLO
patenti_superiori,Città Metropolitana di Genova,420,0.32,1.0,10,0.6,GIALLO
patenti_superiori,Città metropolitana di Catania,420,0,1.0,0,0.6,GIALLO
patenti_superiori,Provincia di Modena,420,0.24,1.0,10,0.6,GIALLO
patenti_superiori,Provincia di Cuneo,400,0,0.9,0,0.6,ROSSO
patenti_superiori,Provincia autonoma di Trento,380,0,0.9,0,0.5,ROSSO
patenti_superiori,Provincia di Como,380,0.12,0.9,0,0.5,ROSSO
patenti_superiori,Provincia di Reggio Emilia,360,0,0.8,0,0.5,ROSSO
patenti_superiori,Provincia di Macerata,350,0,0.8,0,0.5,ROSSO
patenti_superiori,Provincia di Trieste,350,0,0.8,0,0.5,ROSSO
patenti_superiori,Provincia di Pavia,330,0.11,0.8,0,0.5,ROSSO
patenti_superiori,Provincia di Pescara,320,0,0.7,0,0.4,ROSSO
patenti_superiori,Provincia di Novara,310,0.12,0.7,0,0.4,ROSSO
patenti_superiori,Provincia di Rimini,290,0,0.7,0,0.4,ROSSO
patenti_superiori,Provincia di Pisa,290,0,0.7,0,0.4,ROSSO
patenti_superiori,Provincia di Perugia,290,0,0.7,0,0.4,ROSSO
patenti_superiori,Provincia di Mantova,280,0,0.7,0,0.4,ROSSO
patenti_superiori,Provincia di Cremona,270,0,0.6,0,0.4,ROSSO
patenti_superiori,Città metropolitana di Reggio Calabria,240,0,0.6,0,0.3,ROSSO
patenti_superiori,Provincia di Prato,240,0,0.6,0,0.3,ROSSO
patenti_superiori,Provincia di Potenza,230,0,0.5,0,0.3,ROSSO
patenti_superiori,Provincia di Piacenza,220,0,0.5,0,0.3,ROSSO
patenti_superiori,Provincia di Avellino,220,0,0.5,0,0.3,ROSSO
patenti_superiori,Provincia di Pesaro e Urbino,210,0.44,0.5,0,0.3,ROSSO
patenti_superiori,Provincia di Foggia,210,0,0.5,0,0.3,ROSSO
patenti_superiori,Provincia di Ravenna,200,0,0.5,0,0.3,ROSSO
patenti_superiori,Provincia di Livorno,200,0,0.5,0,0.3,ROSSO
patenti_superiori,Provincia di Arezzo,200,0,0.5,0,0.3,ROSSO
patenti_superiori,Provincia di Forlì-Cesena,200,0,0.5,0,0.3,ROSSO
patenti_superiori,Provincia di Lecce,200,0,0.5,0,0.3,ROSSO
patenti_superiori,Provincia di Alessandria,200,0,0.5,0,0.3,ROSSO
patenti_superiori,Provincia di Lucca,200,0,0.5,0,0.3,ROSSO
patenti_superiori,Città metropolitana di Sassari,200,0,0.5,0,0.3,ROSSO
patenti_superiori,Provincia di Lecco,200,0.11,0.5,0,0.3,ROSSO
patenti_superiori,Provincia dell'Aquila,180,0,0.4,0,0.3,ROSSO
patenti_superiori,Provincia di Cosenza,180,0,0.4,0,0.3,ROSSO
patenti_superiori,Provincia di Taranto,170,0,0.4,0,0.2,ROSSO
patenti_superiori,Provincia di Pistoia,170,0,0.4,0,0.2,ROSSO
patenti_superiori,Provincia di Ferrara,170,0,0.4,0,0.2,ROSSO
patenti_superiori,Provincia di Frosinone,170,0,0.4,0,0.2,ROSSO
patenti_superiori,Provincia della Spezia,150,0,0.4,0,0.2,ROSSO
patenti_superiori,Provincia di Rovigo,150,0,0.4,0,0.2,ROSSO
patenti_superiori,Provincia di Massa e Carrara,150,0,0.4,0,0.2,ROSSO
patenti_superiori,Provincia di Fermo,150,0,0.4,0,0.2,ROSSO
patenti_superiori,Provincia di Latina,140,0,0.3,0,0.2,ROSSO
patenti_superiori,Provincia di Pordenone,140,0,0.3,0,0.2,ROSSO
patenti_superiori,Provincia di Teramo,120,0,0.3,0,0.2,ROSSO
patenti_superiori,Provincia di Catanzaro,120,0,0.3,0,0.2,ROSSO
patenti_superiori,Provincia di Lodi,120,0,0.3,0,0.2,ROSSO
patenti_superiori,Provincia di Chieti,120,0,0.3,0,0.2,ROSSO
patenti_superiori,Provincia di Siena,100,0,0.2,0,0.1,ROSSO
patenti_superiori,Provincia di Grosseto,100,0,0.2,0,0.1,ROSSO
patenti_superiori,Provincia di Ascoli Piceno,100,0,0.2,0,0.1,ROSSO
patenti_superiori,Provincia di Barletta-Andria-Trani,100,0,0.2,0,0.1,ROSSO
patenti_superiori,Città metropolitana di Messina,100,0,0.2,0,0.1,ROSSO
patenti_superiori,Provincia di Savona,100,0,0.2,0,0.1,ROSSO
patenti_superiori,Provincia di Gorizia,90,0,0.2,0,0.1,ROSSO
patenti_superiori,Provincia di Benevento,80,0,0.2,0,0.1,ROSSO
patenti_superiori,Provincia di Imperia,80,0,0.2,0,0.1,ROSSO
patenti_superiori,Provincia di Campobasso,80,0,0.2,0,0.1,ROSSO
patenti_superiori,Provincia di Brindisi,80,0,0.2,0,0.1,ROSSO
patenti_superiori,Provincia di Viterbo,80,0,0.2,0,0.1,ROSSO
patenti_superiori,Provincia di Biella,80,0,0.2,0,0.1,ROSSO
patenti_superiori,Provincia di Sondrio,80,0,0.2,0,0.1,ROSSO
patenti_superiori,Provincia di Belluno,80,0,0.2,0,0.1,ROSSO
patenti_superiori,Provincia di Vercelli,60,0,0.1,0,0.1,ROSSO
patenti_superiori,Provincia di Terni,60,0,0.1,0,0.1,ROSSO
patenti_superiori,Provincia di Rieti,60,0,0.1,0,0.1,ROSSO
patenti_superiori,Provincia di Carbonia-Iglesias,60,0,0.1,0,0.1,ROSSO
patenti_superiori,Provincia di Asti,50,0,0.1,0,0.1,ROSSO
patenti_superiori,Provincia di Oristano,40,0,0.1,0,0.1,ROSSO
patenti_superiori,Provincia di Nuoro,40,0,0.1,0,0.1,ROSSO
patenti_superiori,Provincia di Matera,40,0,0.1,0,0.1,ROSSO
patenti_superiori,Provincia di Isernia,30,0,0.1,0,0.0,ROSSO
patenti_superiori,Provincia di Vibo Valentia,30,0,0.1,0,0.0,ROSSO
patenti_superiori,Provincia di Crotone,30,0,0.1,0,0.0,ROSSO
patentini_muletto,Città metropolitana di Milano,6580,1.08,15.4,10,9.2,VERDE
patentini_muletto,Città metropolitana di Roma Capitale,1310,1.01,3.1,10,1.8,VERDE
patentini_muletto,Città Metropolitana di Torino,940,0.94,2.2,10,1.3,VERDE
patentini_muletto,Città Metropolitana di Bologna,700,1.18,1.6,10,1.0,GIALLO
patentini_muletto,Provincia di Monza e della Brianza,640,1.06,1.5,10,0.9,GIALLO
patentini_muletto,Città Metropolitana di Napoli,620,0.97,1.4,10,0.9,GIALLO
patentini_muletto,Provincia di Bergamo,620,1.03,1.4,10,0.9,GIALLO
patentini_muletto,Provincia di Verona,550,1.52,1.3,10,0.8,GIALLO
patentini_muletto,Provincia di Brescia,520,1.22,1.2,10,0.7,GIALLO
patentini_muletto,Provincia di Salerno,450,1.27,1.1,10,0.6,GIALLO
patentini_muletto,Provincia di Padova,440,1.37,1.0,10,0.6,GIALLO
patentini_muletto,Città Metropolitana di Firenze,360,1.66,0.8,0,0.5,ROSSO
patentini_muletto,Provincia di Varese,360,1.04,0.8,0,0.5,ROSSO
patentini_muletto,Provincia di Vicenza,320,1.31,0.7,0,0.4,ROSSO
patentini_muletto,Città Metropolitana di Bari,290,1.25,0.7,0,0.4,ROSSO
patentini_muletto,Provincia di Treviso,280,1.21,0.7,0,0.4,ROSSO
patentini_muletto,Provincia di Modena,280,1.27,0.7,0,0.4,ROSSO
patentini_muletto,Città Metropolitana di Venezia,280,1.49,0.7,0,0.4,ROSSO
patentini_muletto,Provincia di Pavia,250,1.27,0.6,0,0.4,ROSSO
patentini_muletto,Provincia di Novara,230,1.18,0.5,0,0.3,ROSSO
patentini_muletto,Provincia di Como,230,1.24,0.5,0,0.3,ROSSO
patentini_muletto,Provincia di Reggio Emilia,210,1.11,0.5,0,0.3,ROSSO
patentini_muletto,Città Metropolitana di Genova,210,1.33,0.5,0,0.3,ROSSO
patentini_muletto,Provincia di Parma,200,1.28,0.5,0,0.3,ROSSO
patentini_muletto,Città metropolitana di Palermo,190,0.97,0.4,0,0.3,ROSSO
patentini_muletto,Provincia di Cuneo,190,1.04,0.4,0,0.3,ROSSO
patentini_muletto,Città metropolitana di Catania,150,0.88,0.4,0,0.2,ROSSO
patentini_muletto,Provincia di Alessandria,150,1.21,0.4,0,0.2,ROSSO
patentini_muletto,Provincia di Caserta,150,1.21,0.4,0,0.2,ROSSO
patentini_muletto,Provincia di Forlì-Cesena,150,1.29,0.4,0,0.2,ROSSO
patentini_muletto,Provincia di Mantova,150,1.45,0.4,0,0.2,ROSSO
patentini_muletto,Provincia di Cremona,140,1.33,0.3,0,0.2,ROSSO
patentini_muletto,Provincia di Ravenna,130,1.25,0.3,0,0.2,ROSSO
patentini_muletto,Provincia di Lecco,130,1.46,0.3,0,0.2,ROSSO
patentini_muletto,Provincia di Lodi,130,0.89,0.3,0,0.2,ROSSO
patentini_muletto,Provincia di Pordenone,120,1.68,0.3,0,0.2,ROSSO
patentini_muletto,Città metropolitana di Cagliari,120,1.81,0.3,0,0.2,ROSSO
patentini_muletto,Provincia di Ancona,110,1.15,0.3,0,0.2,ROSSO
patentini_muletto,Provincia di Pisa,110,2.07,0.3,0,0.2,ROSSO
patentini_muletto,Provincia autonoma di Trento,100,1.46,0.2,0,0.1,ROSSO
patentini_muletto,Provincia di Lucca,100,1.35,0.2,0,0.1,ROSSO
patentini_muletto,Provincia di Latina,100,0.84,0.2,0,0.1,ROSSO
patentini_muletto,Provincia di Ferrara,100,1.3,0.2,0,0.1,ROSSO
patentini_muletto,Provincia di Rimini,100,1.48,0.2,0,0.1,ROSSO
patentini_muletto,Provincia di Perugia,90,1.29,0.2,0,0.1,ROSSO
patentini_muletto,Provincia di Taranto,90,1.47,0.2,0,0.1,ROSSO
patentini_muletto,Provincia di Pistoia,90,1.49,0.2,0,0.1,ROSSO
patentini_muletto,Provincia di Prato,80,1.95,0.2,0,0.1,ROSSO
patentini_muletto,Provincia di Pescara,80,1.05,0.2,0,0.1,ROSSO
patentini_muletto,Provincia autonoma di Bolzano - Alto Adige,70,1.16,0.2,0,0.1,ROSSO
patentini_muletto,Provincia di Frosinone,70,0.84,0.2,0,0.1,ROSSO
patentini_muletto,Provincia di Lecce,70,1.05,0.2,0,0.1,ROSSO
patentini_muletto,Provincia di Gorizia,70,1.68,0.2,0,0.1,ROSSO
patentini_muletto,Provincia di Piacenza,70,1.24,0.2,0,0.1,ROSSO
patentini_muletto,Provincia di Trieste,70,1.2,0.2,0,0.1,ROSSO
patentini_muletto,Provincia di Savona,60,1.27,0.1,0,0.1,ROSSO
patentini_muletto,Provincia di Livorno,60,1.6,0.1,0,0.1,ROSSO
patentini_muletto,Provincia di Arezzo,60,0.96,0.1,0,0.1,ROSSO
patentini_muletto,Provincia di Pesaro e Urbino,60,1.13,0.1,0,0.1,ROSSO
patentini_muletto,Città metropolitana di Reggio Calabria,60,1.31,0.1,0,0.1,ROSSO
patentini_muletto,Città metropolitana di Messina,50,1.33,0.1,0,0.1,ROSSO
patentini_muletto,Provincia di Avellino,50,1.17,0.1,0,0.1,ROSSO
patentini_muletto,Provincia di Barletta-Andria-Trani,50,1.84,0.1,0,0.1,ROSSO
patentini_muletto,Provincia di Foggia,50,1.25,0.1,0,0.1,ROSSO
patentini_muletto,Provincia di Vercelli,50,1.45,0.1,0,0.1,ROSSO
patentini_muletto,Provincia di Macerata,50,1.01,0.1,0,0.1,ROSSO
patentini_muletto,Provincia di Potenza,50,1.82,0.1,0,0.1,ROSSO
patentini_muletto,Provincia di Rovigo,50,1.04,0.1,0,0.1,ROSSO
patentini_muletto,Provincia di Cosenza,50,1.28,0.1,0,0.1,ROSSO
patentini_muletto,Provincia di Asti,50,1.1,0.1,0,0.1,ROSSO
patentini_muletto,Città metropolitana di Sassari,40,2.18,0.1,0,0.1,ROSSO
patentini_muletto,Provincia di Biella,40,0.87,0.1,0,0.1,ROSSO
patentini_muletto,Provincia di Ascoli Piceno,40,1.06,0.1,0,0.1,ROSSO
patentini_muletto,Provincia di Chieti,40,1.26,0.1,0,0.1,ROSSO
patentini_muletto,Provincia di Viterbo,40,0.93,0.1,0,0.1,ROSSO
patentini_muletto,Provincia dell'Aquila,40,0.88,0.1,0,0.1,ROSSO
patentini_muletto,Provincia della Spezia,40,1.9,0.1,0,0.1,ROSSO
patentini_muletto,Provincia di Teramo,40,1.27,0.1,0,0.1,ROSSO
patentini_muletto,Provincia di Brindisi,30,0.92,0.1,0,0.0,ROSSO
patentini_muletto,Provincia di Matera,30,1.41,0.1,0,0.0,ROSSO
patentini_muletto,Provincia di Fermo,30,0.97,0.1,0,0.0,ROSSO
patentini_muletto,Provincia di Siena,30,1.16,0.1,0,0.0,ROSSO
patentini_muletto,Provincia di Grosseto,30,0.45,0.1,0,0.0,ROSSO
patentini_muletto,Provincia di Massa e Carrara,30,0.99,0.1,0,0.0,ROSSO
patentini_muletto,Provincia di Benevento,30,0,0.1,0,0.0,ROSSO
patentini_muletto,Provincia di Belluno,30,1.05,0.1,0,0.0,ROSSO
patentini_muletto,Provincia di Sondrio,30,0,0.1,0,0.0,ROSSO
patentini_muletto,Provincia di Catanzaro,30,1.75,0.1,0,0.0,ROSSO
patentini_muletto,Provincia di Campobasso,20,1.03,0.0,0,0.0,ROSSO
patentini_muletto,Provincia di Terni,20,1.37,0.0,0,0.0,ROSSO
patentini_muletto,Provincia di Isernia,20,1.16,0.0,0,0.0,ROSSO
patentini_muletto,Provincia di Imperia,20,1.57,0.0,0,0.0,ROSSO
patentini_muletto,Provincia di Rieti,20,1.74,0.0,0,0.0,ROSSO
patentini_muletto,Provincia di Oristano,20,0.97,0.0,0,0.0,ROSSO
patentini_muletto,Provincia di Nuoro,20,1.16,0.0,0,0.0,ROSSO
patentini_muletto,Provincia di Carbonia-Iglesias,20,0.8,0.0,0,0.0,ROSSO
patentini_muletto,Provincia di Vibo Valentia,10,0,0.0,0,0.0,ROSSO
patentini_muletto,Provincia di Crotone,10,0,0.0,0,0.0,ROSSO
pavimentazioni_esterne,Città metropolitana di Milano,45430,0.53,106.0,10,63.6,VERDE
pavimentazioni_esterne,Città metropolitana di Roma Capitale,28380,0.49,66.2,10,39.7,VERDE
pavimentazioni_esterne,Città Metropolitana di Napoli,9950,0.49,23.2,10,13.9,VERDE
pavimentazioni_esterne,Città Metropolitana di Torino,7720,0.52,18.0,10,10.8,VERDE
pavimentazioni_esterne,Città Metropolitana di Bologna,5410,0.59,12.6,10,7.6,VERDE
pavimentazioni_esterne,Provincia di Brescia,4530,0.52,10.6,10,6.3,VERDE
pavimentazioni_esterne,Città Metropolitana di Bari,4320,0.62,10.1,10,6.1,VERDE
pavimentazioni_esterne,Provincia di Padova,4000,0.56,9.3,10,5.6,VERDE
pavimentazioni_esterne,Città metropolitana di Palermo,3940,0.38,9.2,10,5.5,VERDE
pavimentazioni_esterne,Città Metropolitana di Firenze,3830,0.55,8.9,10,5.4,VERDE
pavimentazioni_esterne,Provincia di Bergamo,3640,0.56,8.5,10,5.1,VERDE
pavimentazioni_esterne,Città metropolitana di Catania,3630,0.35,8.5,10,5.1,VERDE
pavimentazioni_esterne,Provincia di Verona,3130,0.5,7.3,10,4.4,VERDE
pavimentazioni_esterne,Provincia di Varese,3130,0.57,7.3,10,4.4,VERDE
pavimentazioni_esterne,Provincia di Vicenza,2920,0.54,6.8,10,4.1,VERDE
pavimentazioni_esterne,Provincia di Salerno,2690,0.5,6.3,10,3.8,VERDE
pavimentazioni_esterne,Città Metropolitana di Venezia,2630,0.56,6.1,10,3.7,VERDE
pavimentazioni_esterne,Provincia di Treviso,2450,0.54,5.7,10,3.4,VERDE
pavimentazioni_esterne,Provincia di Monza e della Brianza,2080,0.7,4.9,10,2.9,VERDE
pavimentazioni_esterne,Città metropolitana di Cagliari,2070,0.38,4.8,10,2.9,VERDE
pavimentazioni_esterne,Città Metropolitana di Genova,1880,0.43,4.4,10,2.6,VERDE
pavimentazioni_esterne,Provincia di Caserta,1800,0.47,4.2,10,2.5,VERDE
pavimentazioni_esterne,Provincia di Como,1730,0.6,4.0,10,2.4,VERDE
pavimentazioni_esterne,Provincia di Lecce,1710,0.73,4.0,10,2.4,VERDE
pavimentazioni_esterne,Provincia di Pavia,1450,0.49,3.4,10,2.0,VERDE
pavimentazioni_esterne,Provincia di Perugia,1420,0.5,3.3,10,2.0,VERDE
pavimentazioni_esterne,Provincia di Modena,1390,0.62,3.2,10,1.9,VERDE
pavimentazioni_esterne,Provincia di Pescara,1320,0.4,3.1,10,1.8,VERDE
pavimentazioni_esterne,Provincia di Cuneo,1320,0.66,3.1,10,1.8,VERDE
pavimentazioni_esterne,Provincia autonoma di Trento,1290,0.6,3.0,10,1.8,VERDE
pavimentazioni_esterne,Provincia di Novara,1240,0.56,2.9,10,1.7,VERDE
pavimentazioni_esterne,Provincia di Latina,1190,0.55,2.8,10,1.7,VERDE
pavimentazioni_esterne,Provincia di Lucca,1180,0.52,2.8,10,1.7,VERDE
pavimentazioni_esterne,Provincia di Taranto,1140,0.67,2.7,10,1.6,VERDE
pavimentazioni_esterne,Provincia di Ancona,1120,0.52,2.6,10,1.6,VERDE
pavimentazioni_esterne,Provincia di Cosenza,1110,0.45,2.6,10,1.6,VERDE
pavimentazioni_esterne,Provincia di Reggio Emilia,1090,0.7,2.5,10,1.5,VERDE
pavimentazioni_esterne,Provincia di Avellino,1040,0.42,2.4,10,1.5,VERDE
pavimentazioni_esterne,Provincia di Frosinone,1030,0.53,2.4,10,1.4,VERDE
pavimentazioni_esterne,Provincia di Rimini,1010,0.58,2.4,10,1.4,VERDE
pavimentazioni_esterne,Provincia di Pisa,1010,0.43,2.4,10,1.4,VERDE
pavimentazioni_esterne,Città metropolitana di Reggio Calabria,1010,0.44,2.4,10,1.4,VERDE
pavimentazioni_esterne,Provincia di Trieste,950,0.41,2.2,10,1.3,VERDE
pavimentazioni_esterne,Città metropolitana di Sassari,900,0.42,2.1,10,1.3,VERDE
pavimentazioni_esterne,Provincia di Mantova,900,0.64,2.1,10,1.3,VERDE
pavimentazioni_esterne,Provincia di Alessandria,890,0.55,2.1,10,1.2,VERDE
pavimentazioni_esterne,Città metropolitana di Messina,890,0.46,2.1,10,1.2,VERDE
pavimentazioni_esterne,Provincia di Cremona,850,0.59,2.0,10,1.2,VERDE
pavimentazioni_esterne,Provincia di Ravenna,830,0.64,1.9,10,1.2,GIALLO
pavimentazioni_esterne,Provincia di Parma,800,0.55,1.9,10,1.1,GIALLO
pavimentazioni_esterne,Provincia di Livorno,780,0.51,1.8,10,1.1,GIALLO
pavimentazioni_esterne,Provincia di Lecco,740,0.55,1.7,10,1.0,GIALLO
pavimentazioni_esterne,Provincia di Potenza,720,0.68,1.7,10,1.0,GIALLO
pavimentazioni_esterne,Provincia di Forlì-Cesena,710,0.59,1.7,10,1.0,GIALLO
pavimentazioni_esterne,Provincia di Chieti,630,0.42,1.5,10,0.9,GIALLO
pavimentazioni_esterne,Provincia di Brindisi,620,0.64,1.4,10,0.9,GIALLO
pavimentazioni_esterne,Provincia di Pordenone,600,0.59,1.4,10,0.8,GIALLO
pavimentazioni_esterne,Provincia di Pistoia,590,0.43,1.4,10,0.8,GIALLO
pavimentazioni_esterne,Provincia dell'Aquila,590,0.54,1.4,10,0.8,GIALLO
pavimentazioni_esterne,Provincia di Foggia,590,0.83,1.4,10,0.8,GIALLO
pavimentazioni_esterne,Provincia di Pesaro e Urbino,580,0.57,1.4,10,0.8,GIALLO
pavimentazioni_esterne,Provincia di Arezzo,530,0.47,1.2,10,0.7,GIALLO
pavimentazioni_esterne,Provincia di Viterbo,500,0.46,1.2,10,0.7,GIALLO
pavimentazioni_esterne,Provincia di Teramo,470,0.5,1.1,10,0.7,GIALLO
pavimentazioni_esterne,Provincia di Catanzaro,470,0.39,1.1,10,0.7,GIALLO
pavimentazioni_esterne,Provincia di Ferrara,460,0.41,1.1,10,0.6,GIALLO
pavimentazioni_esterne,Provincia di Rovigo,430,0.42,1.0,10,0.6,GIALLO
pavimentazioni_esterne,Provincia di Massa e Carrara,430,0.51,1.0,10,0.6,GIALLO
pavimentazioni_esterne,Provincia di Savona,430,0.43,1.0,10,0.6,GIALLO
pavimentazioni_esterne,Provincia di Siena,420,0.44,1.0,10,0.6,GIALLO
pavimentazioni_esterne,Provincia di Piacenza,410,0.7,1.0,10,0.6,GIALLO
pavimentazioni_esterne,Provincia di Macerata,400,0.41,0.9,0,0.6,ROSSO
pavimentazioni_esterne,Provincia di Lodi,390,0.49,0.9,0,0.5,ROSSO
pavimentazioni_esterne,Provincia autonoma di Bolzano - Alto Adige,370,0.51,0.9,0,0.5,ROSSO
pavimentazioni_esterne,Provincia della Spezia,360,0.57,0.8,0,0.5,ROSSO
pavimentazioni_esterne,Provincia di Belluno,360,0.71,0.8,0,0.5,ROSSO
pavimentazioni_esterne,Provincia di Benevento,340,0.39,0.8,0,0.5,ROSSO
pavimentazioni_esterne,Provincia di Imperia,320,0.6,0.7,0,0.4,ROSSO
pavimentazioni_esterne,Provincia di Prato,310,0.39,0.7,0,0.4,ROSSO
pavimentazioni_esterne,Provincia di Grosseto,310,0.57,0.7,0,0.4,ROSSO
pavimentazioni_esterne,Provincia di Asti,280,0.53,0.7,0,0.4,ROSSO
pavimentazioni_esterne,Provincia di Sondrio,270,0.83,0.6,0,0.4,ROSSO
pavimentazioni_esterne,Provincia di Biella,270,0.5,0.6,0,0.4,ROSSO
pavimentazioni_esterne,Provincia di Ascoli Piceno,260,0.53,0.6,0,0.4,ROSSO
pavimentazioni_esterne,Provincia di Barletta-Andria-Trani,250,1.22,0.6,0,0.4,ROSSO
pavimentazioni_esterne,Provincia di Terni,240,0.46,0.6,0,0.3,ROSSO
pavimentazioni_esterne,Provincia di Gorizia,240,0.48,0.6,0,0.3,ROSSO
pavimentazioni_esterne,Provincia di Matera,240,0.55,0.6,0,0.3,ROSSO
pavimentazioni_esterne,Provincia di Campobasso,240,0.32,0.6,0,0.3,ROSSO
pavimentazioni_esterne,Provincia di Nuoro,230,0.31,0.5,0,0.3,ROSSO
pavimentazioni_esterne,Provincia di Vercelli,220,0.38,0.5,0,0.3,ROSSO
pavimentazioni_esterne,Provincia di Fermo,210,0.41,0.5,0,0.3,ROSSO
pavimentazioni_esterne,Provincia di Carbonia-Iglesias,210,0.34,0.5,0,0.3,ROSSO
pavimentazioni_esterne,Provincia di Rieti,180,0.35,0.4,0,0.3,ROSSO
pavimentazioni_esterne,Provincia di Oristano,170,0.23,0.4,0,0.2,ROSSO
pavimentazioni_esterne,Provincia di Vibo Valentia,140,0.3,0.3,0,0.2,ROSSO
pavimentazioni_esterne,Provincia di Crotone,120,0.33,0.3,0,0.2,ROSSO
pavimentazioni_esterne,Provincia di Isernia,50,0.29,0.1,0,0.1,ROSSO
piscine_spa,Città metropolitana di Milano,6700,0.46,15.6,10,9.4,VERDE
piscine_spa,Città metropolitana di Roma Capitale,4250,0.37,9.9,10,6.0,VERDE
piscine_spa,Città Metropolitana di Torino,1460,0.58,3.4,10,2.0,VERDE
piscine_spa,Città Metropolitana di Napoli,1310,0.43,3.1,10,1.8,VERDE
piscine_spa,Provincia di Brescia,1010,0.75,2.4,10,1.4,VERDE
piscine_spa,Città metropolitana di Palermo,1000,0.46,2.3,10,1.4,VERDE
piscine_spa,Provincia di Bergamo,850,0.55,2.0,10,1.2,VERDE
piscine_spa,Città Metropolitana di Bologna,800,0.43,1.9,10,1.1,GIALLO
piscine_spa,Città Metropolitana di Firenze,790,0.36,1.8,10,1.1,GIALLO
piscine_spa,Città Metropolitana di Bari,770,0.3,1.8,10,1.1,GIALLO
piscine_spa,Città metropolitana di Catania,730,0.38,1.7,10,1.0,GIALLO
piscine_spa,Provincia di Padova,690,0.45,1.6,10,1.0,GIALLO
piscine_spa,Provincia di Varese,610,0.45,1.4,10,0.9,GIALLO
piscine_spa,Provincia di Verona,600,0.54,1.4,10,0.8,GIALLO
piscine_spa,Città metropolitana di Cagliari,490,0.5,1.1,10,0.7,GIALLO
piscine_spa,Provincia di Perugia,450,0.4,1.1,10,0.6,GIALLO
piscine_spa,Provincia di Como,440,0.5,1.0,10,0.6,GIALLO
piscine_spa,Provincia di Salerno,430,0.4,1.0,10,0.6,GIALLO
piscine_spa,Provincia di Monza e della Brianza,420,0.56,1.0,10,0.6,GIALLO
piscine_spa,Provincia di Treviso,420,0.31,1.0,10,0.6,GIALLO
piscine_spa,Provincia di Pavia,410,0.48,1.0,10,0.6,GIALLO
piscine_spa,Provincia di Vicenza,400,0.4,0.9,0,0.6,ROSSO
piscine_spa,Città Metropolitana di Venezia,400,0.34,0.9,0,0.6,ROSSO
piscine_spa,Provincia di Novara,390,0.56,0.9,0,0.5,ROSSO
piscine_spa,Provincia di Cuneo,380,0.54,0.9,0,0.5,ROSSO
piscine_spa,Provincia di Lucca,370,0.38,0.9,0,0.5,ROSSO
piscine_spa,Provincia di Mantova,340,0.42,0.8,0,0.5,ROSSO
piscine_spa,Città Metropolitana di Genova,340,0.56,0.8,0,0.5,ROSSO
piscine_spa,Provincia di Caserta,340,0.36,0.8,0,0.5,ROSSO
piscine_spa,Provincia di Cremona,330,0.49,0.8,0,0.5,ROSSO
piscine_spa,Città metropolitana di Sassari,310,0.53,0.7,0,0.4,ROSSO
piscine_spa,Provincia di Pescara,300,0.32,0.7,0,0.4,ROSSO
piscine_spa,Provincia di Lecce,290,0.34,0.7,0,0.4,ROSSO
piscine_spa,Provincia di Alessandria,280,0.55,0.7,0,0.4,ROSSO
piscine_spa,Provincia di Latina,250,0.36,0.6,0,0.4,ROSSO
piscine_spa,Provincia di Modena,240,0.46,0.6,0,0.3,ROSSO
piscine_spa,Provincia di Arezzo,230,0.36,0.5,0,0.3,ROSSO
piscine_spa,Provincia di Ancona,220,0.29,0.5,0,0.3,ROSSO
piscine_spa,Provincia di Avellino,210,0.27,0.5,0,0.3,ROSSO
piscine_spa,Provincia di Taranto,210,0.49,0.5,0,0.3,ROSSO
piscine_spa,Provincia di Reggio Emilia,210,0.43,0.5,0,0.3,ROSSO
piscine_spa,Provincia di Frosinone,210,0.26,0.5,0,0.3,ROSSO
piscine_spa,Provincia di Lecco,180,0.35,0.4,0,0.3,ROSSO
piscine_spa,Provincia di Rimini,180,0.34,0.4,0,0.3,ROSSO
piscine_spa,Provincia di Parma,180,0.36,0.4,0,0.3,ROSSO
piscine_spa,Città metropolitana di Reggio Calabria,170,0.31,0.4,0,0.2,ROSSO
piscine_spa,Provincia di Pisa,170,0.27,0.4,0,0.2,ROSSO
piscine_spa,Provincia di Forlì-Cesena,160,0.47,0.4,0,0.2,ROSSO
piscine_spa,Provincia di Chieti,160,0.29,0.4,0,0.2,ROSSO
piscine_spa,Provincia di Trieste,150,0.16,0.4,0,0.2,ROSSO
piscine_spa,Provincia di Benevento,150,0.26,0.4,0,0.2,ROSSO
piscine_spa,Provincia autonoma di Trento,140,0.31,0.3,0,0.2,ROSSO
piscine_spa,Provincia di Piacenza,140,0.49,0.3,0,0.2,ROSSO
piscine_spa,Provincia di Cosenza,140,0.34,0.3,0,0.2,ROSSO
piscine_spa,Provincia di Ravenna,140,0.6,0.3,0,0.2,ROSSO
piscine_spa,Provincia di Livorno,140,0.34,0.3,0,0.2,ROSSO
piscine_spa,Città metropolitana di Messina,130,0.37,0.3,0,0.2,ROSSO
piscine_spa,Provincia di Lodi,130,0.5,0.3,0,0.2,ROSSO
piscine_spa,Provincia di Pesaro e Urbino,120,0.32,0.3,0,0.2,ROSSO
piscine_spa,Provincia di Viterbo,120,0.27,0.3,0,0.2,ROSSO
piscine_spa,Provincia di Asti,120,0.57,0.3,0,0.2,ROSSO
piscine_spa,Provincia di Macerata,110,0.34,0.3,0,0.2,ROSSO
piscine_spa,Provincia di Potenza,110,0.3,0.3,0,0.2,ROSSO
piscine_spa,Provincia di Rovigo,110,0.43,0.3,0,0.2,ROSSO
piscine_spa,Provincia di Pordenone,110,0.38,0.3,0,0.2,ROSSO
piscine_spa,Provincia di Siena,110,0.29,0.3,0,0.2,ROSSO
piscine_spa,Provincia della Spezia,100,0.44,0.2,0,0.1,ROSSO
piscine_spa,Provincia di Brindisi,100,0.27,0.2,0,0.1,ROSSO
piscine_spa,Provincia di Savona,90,0.45,0.2,0,0.1,ROSSO
piscine_spa,Provincia di Catanzaro,90,0.47,0.2,0,0.1,ROSSO
piscine_spa,Provincia di Ferrara,90,0.36,0.2,0,0.1,ROSSO
piscine_spa,Provincia di Pistoia,90,0.28,0.2,0,0.1,ROSSO
piscine_spa,Provincia di Teramo,90,0.29,0.2,0,0.1,ROSSO
piscine_spa,Provincia di Imperia,90,0.62,0.2,0,0.1,ROSSO
piscine_spa,Provincia di Nuoro,90,0.36,0.2,0,0.1,ROSSO
piscine_spa,Provincia di Foggia,80,0.28,0.2,0,0.1,ROSSO
piscine_spa,Provincia di Biella,80,0.55,0.2,0,0.1,ROSSO
piscine_spa,Provincia di Terni,70,0.38,0.2,0,0.1,ROSSO
piscine_spa,Provincia dell'Aquila,70,0.27,0.2,0,0.1,ROSSO
piscine_spa,Provincia di Prato,70,0.38,0.2,0,0.1,ROSSO
piscine_spa,Provincia di Massa e Carrara,70,0.44,0.2,0,0.1,ROSSO
piscine_spa,Provincia di Vercelli,70,0.59,0.2,0,0.1,ROSSO
piscine_spa,Provincia autonoma di Bolzano - Alto Adige,60,0.23,0.1,0,0.1,ROSSO
piscine_spa,Provincia di Sondrio,60,0.36,0.1,0,0.1,ROSSO
piscine_spa,Provincia di Carbonia-Iglesias,60,0.43,0.1,0,0.1,ROSSO
piscine_spa,Provincia di Grosseto,50,0.28,0.1,0,0.1,ROSSO
piscine_spa,Provincia di Ascoli Piceno,40,0.51,0.1,0,0.1,ROSSO
piscine_spa,Provincia di Oristano,40,0.5,0.1,0,0.1,ROSSO
piscine_spa,Provincia di Rieti,40,0.6,0.1,0,0.1,ROSSO
piscine_spa,Provincia di Fermo,40,0.34,0.1,0,0.1,ROSSO
piscine_spa,Provincia di Crotone,30,0.46,0.1,0,0.0,ROSSO
piscine_spa,Provincia di Belluno,30,0.19,0.1,0,0.0,ROSSO
piscine_spa,Provincia di Matera,30,0.24,0.1,0,0.0,ROSSO
piscine_spa,Provincia di Barletta-Andria-Trani,30,0.37,0.1,0,0.0,ROSSO
piscine_spa,Provincia di Campobasso,30,0.3,0.1,0,0.0,ROSSO
piscine_spa,Provincia di Gorizia,30,0.23,0.1,0,0.0,ROSSO
piscine_spa,Provincia di Isernia,30,0.29,0.1,0,0.0,ROSSO
piscine_spa,Provincia di Vibo Valentia,20,0.31,0.0,0,0.0,ROSSO
pompe_calore,Città metropolitana di Milano,70,2.15,0.2,0,0.1,ROSSO
pompe_calore,Provincia di Brescia,40,1.66,0.1,0,0.1,ROSSO
pompe_calore,Provincia di Padova,30,1.38,0.1,0,0.0,ROSSO
pompe_calore,Città metropolitana di Roma Capitale,30,1.26,0.1,0,0.0,ROSSO
pompe_calore,Provincia di Vicenza,30,1.9,0.1,0,0.0,ROSSO
pompe_calore,Città Metropolitana di Bologna,20,1.37,0.0,0,0.0,ROSSO
pompe_calore,Provincia di Forlì-Cesena,20,1.29,0.0,0,0.0,ROSSO
pompe_calore,Provincia di Monza e della Brianza,20,1.64,0.0,0,0.0,ROSSO
pompe_calore,Città Metropolitana di Torino,20,1.39,0.0,0,0.0,ROSSO
pompe_calore,Provincia di Novara,20,2.35,0.0,0,0.0,ROSSO
pompe_calore,Città Metropolitana di Genova,20,1.32,0.0,0,0.0,ROSSO
pompe_calore,Provincia di Pisa,20,0.18,0.0,0,0.0,ROSSO
pompe_calore,Provincia di Como,20,2.03,0.0,0,0.0,ROSSO
pompe_calore,Provincia di Cuneo,20,1.52,0.0,0,0.0,ROSSO
pompe_calore,Provincia di Treviso,20,0.95,0.0,0,0.0,ROSSO
pompe_calore,Provincia di Foggia,10,0,0.0,0,0.0,ROSSO
pompe_calore,Provincia di Bergamo,10,0,0.0,0,0.0,ROSSO
pompe_calore,Città metropolitana di Messina,10,0,0.0,0,0.0,ROSSO
pompe_calore,Provincia di Sondrio,10,0,0.0,0,0.0,ROSSO
pompe_calore,Provincia di Biella,10,0,0.0,0,0.0,ROSSO
pompe_calore,Provincia di Belluno,10,0,0.0,0,0.0,ROSSO
pompe_calore,Città metropolitana di Reggio Calabria,10,0,0.0,0,0.0,ROSSO
pompe_calore,Provincia della Spezia,10,0,0.0,0,0.0,ROSSO
pompe_calore,Città metropolitana di Catania,10,0,0.0,0,0.0,ROSSO
pompe_calore,Città metropolitana di Palermo,10,0,0.0,0,0.0,ROSSO
pompe_calore,Provincia di Savona,10,0,0.0,0,0.0,ROSSO
pompe_calore,Provincia di Avellino,10,0,0.0,0,0.0,ROSSO
pompe_calore,Città Metropolitana di Firenze,10,0,0.0,0,0.0,ROSSO
pompe_calore,Provincia di Alessandria,10,0,0.0,0,0.0,ROSSO
pompe_calore,Provincia di Salerno,10,0,0.0,0,0.0,ROSSO
pompe_calore,Provincia di Trieste,10,0,0.0,0,0.0,ROSSO
pompe_calore,Provincia di Terni,10,0,0.0,0,0.0,ROSSO
pompe_calore,Provincia di Modena,10,0,0.0,0,0.0,ROSSO
pompe_calore,Provincia di Cosenza,10,0,0.0,0,0.0,ROSSO
pompe_calore,Provincia di Lecce,10,0,0.0,0,0.0,ROSSO
pompe_calore,Provincia di Benevento,10,0,0.0,0,0.0,ROSSO
pompe_calore,Provincia di Mantova,10,0,0.0,0,0.0,ROSSO
pompe_calore,Provincia di Crotone,10,0,0.0,0,0.0,ROSSO
pompe_calore,Città metropolitana di Sassari,10,0,0.0,0,0.0,ROSSO
pompe_calore,Provincia di Catanzaro,10,0,0.0,0,0.0,ROSSO
pompe_calore,Provincia di Brindisi,10,0,0.0,0,0.0,ROSSO
pompe_calore,Città Metropolitana di Bari,10,0,0.0,0,0.0,ROSSO
pompe_calore,Provincia di Potenza,10,0,0.0,0,0.0,ROSSO
pompe_calore,Provincia di Viterbo,10,0,0.0,0,0.0,ROSSO
pompe_calore,Provincia di Vercelli,10,0,0.0,0,0.0,ROSSO
pompe_calore,Provincia di Prato,10,0,0.0,0,0.0,ROSSO
pompe_calore,Provincia di Latina,10,0,0.0,0,0.0,ROSSO
pompe_calore,Provincia di Rieti,10,0,0.0,0,0.0,ROSSO
pompe_calore,Provincia di Lucca,10,0,0.0,0,0.0,ROSSO
pompe_calore,Provincia di Cremona,10,0,0.0,0,0.0,ROSSO
pompe_calore,Città Metropolitana di Venezia,10,0,0.0,0,0.0,ROSSO
pompe_calore,Provincia di Matera,10,0,0.0,0,0.0,ROSSO
pompe_calore,Provincia di Ascoli Piceno,10,0,0.0,0,0.0,ROSSO
pompe_calore,Provincia di Arezzo,10,0,0.0,0,0.0,ROSSO
pompe_calore,Provincia di Caserta,10,0,0.0,0,0.0,ROSSO
pompe_calore,Città Metropolitana di Napoli,10,0,0.0,0,0.0,ROSSO
pompe_calore,Provincia di Lecco,10,0,0.0,0,0.0,ROSSO
pompe_calore,Provincia di Massa e Carrara,10,0,0.0,0,0.0,ROSSO
pompe_calore,Provincia di Ferrara,10,0,0.0,0,0.0,ROSSO
pompe_calore,Provincia di Fermo,10,0,0.0,0,0.0,ROSSO
pompe_calore,Provincia di Gorizia,10,0,0.0,0,0.0,ROSSO
pompe_calore,Provincia di Piacenza,10,0,0.0,0,0.0,ROSSO
pompe_calore,Provincia di Pordenone,10,0,0.0,0,0.0,ROSSO
pompe_calore,Provincia di Rovigo,10,0,0.0,0,0.0,ROSSO
pompe_calore,Provincia di Siena,10,0,0.0,0,0.0,ROSSO
pompe_calore,Provincia di Pistoia,10,0,0.0,0,0.0,ROSSO
pompe_calore,Provincia di Pesaro e Urbino,10,0,0.0,0,0.0,ROSSO
pompe_calore,Provincia di Taranto,10,0,0.0,0,0.0,ROSSO
pompe_calore,Provincia di Lodi,10,0,0.0,0,0.0,ROSSO
pompe_calore,Provincia di Chieti,10,0,0.0,0,0.0,ROSSO
pompe_calore,Provincia di Pescara,10,0,0.0,0,0.0,ROSSO
pompe_calore,Provincia di Grosseto,10,0,0.0,0,0.0,ROSSO
pompe_calore,Provincia di Perugia,10,0,0.0,0,0.0,ROSSO
pompe_calore,Provincia di Asti,10,0,0.0,0,0.0,ROSSO
pompe_calore,Provincia di Pavia,10,0,0.0,0,0.0,ROSSO
pompe_calore,Provincia di Rimini,10,0,0.0,0,0.0,ROSSO
pompe_calore,Provincia di Macerata,10,0,0.0,0,0.0,ROSSO
pompe_calore,Provincia di Oristano,10,0,0.0,0,0.0,ROSSO
pompe_calore,Provincia di Barletta-Andria-Trani,10,0,0.0,0,0.0,ROSSO
pompe_calore,Provincia di Reggio Emilia,10,0,0.0,0,0.0,ROSSO
pompe_calore,Provincia di Ancona,10,0,0.0,0,0.0,ROSSO
pompe_calore,Provincia di Imperia,10,0,0.0,0,0.0,ROSSO
pompe_calore,Provincia autonoma di Trento,10,0,0.0,0,0.0,ROSSO
pompe_calore,Provincia di Teramo,10,0,0.0,0,0.0,ROSSO
pompe_calore,Provincia di Varese,10,0,0.0,0,0.0,ROSSO
pompe_calore,Provincia di Campobasso,10,0,0.0,0,0.0,ROSSO
pompe_calore,Provincia dell'Aquila,10,0,0.0,0,0.0,ROSSO
pompe_calore,Provincia di Ravenna,10,0,0.0,0,0.0,ROSSO
pompe_calore,Provincia di Isernia,10,0,0.0,0,0.0,ROSSO
pompe_calore,Provincia di Livorno,10,0,0.0,0,0.0,ROSSO
pompe_calore,Provincia di Verona,10,0,0.0,0,0.0,ROSSO
pompe_calore,Provincia di Nuoro,10,0,0.0,0,0.0,ROSSO
pompe_calore,Provincia di Carbonia-Iglesias,10,0,0.0,0,0.0,ROSSO
pompe_calore,Città metropolitana di Cagliari,10,0,0.0,0,0.0,ROSSO
pompe_calore,Provincia di Parma,10,0,0.0,0,0.0,ROSSO
pompe_calore,Provincia autonoma di Bolzano - Alto Adige,10,0,0.0,0,0.0,ROSSO
pompe_calore,Provincia di Frosinone,10,0,0.0,0,0.0,ROSSO
pompe_calore,Provincia di Vibo Valentia,0,0,0.0,0,0.0,ROSSO
pompe_calore_casa,Città metropolitana di Milano,60320,0.99,140.7,10,84.5,VERDE
pompe_calore_casa,Città metropolitana di Roma Capitale,29720,0.85,69.3,10,41.6,VERDE
pompe_calore_casa,Città Metropolitana di Torino,12310,0.77,28.7,10,17.2,VERDE
pompe_calore_casa,Città Metropolitana di Napoli,9020,0.62,21.0,10,12.6,VERDE
pompe_calore_casa,Città Metropolitana di Bologna,7730,0.72,18.0,10,10.8,VERDE
pompe_calore_casa,Provincia di Brescia,5530,1.69,12.9,10,7.7,VERDE
pompe_calore_casa,Città Metropolitana di Firenze,5510,0.66,12.9,10,7.7,VERDE
pompe_calore_casa,Provincia di Padova,5250,0.8,12.3,10,7.4,VERDE
pompe_calore_casa,Città Metropolitana di Bari,4980,0.58,11.6,10,7.0,VERDE
pompe_calore_casa,Provincia di Bergamo,4480,1.62,10.5,10,6.3,VERDE
pompe_calore_casa,Provincia di Verona,4370,1.36,10.2,10,6.1,VERDE
pompe_calore_casa,Provincia di Varese,3790,0.84,8.8,10,5.3,VERDE
pompe_calore_casa,Città metropolitana di Palermo,3720,0.56,8.7,10,5.2,VERDE
pompe_calore_casa,Provincia di Vicenza,3620,0.75,8.4,10,5.1,VERDE
pompe_calore_casa,Città Metropolitana di Venezia,3540,0.61,8.3,10,5.0,VERDE
pompe_calore_casa,Provincia di Treviso,3540,0.67,8.3,10,5.0,VERDE
pompe_calore_casa,Provincia di Monza e della Brianza,3350,1.75,7.8,10,4.7,VERDE
pompe_calore_casa,Città metropolitana di Cagliari,3120,0.49,7.3,10,4.4,VERDE
pompe_calore_casa,Città Metropolitana di Genova,2930,0.63,6.8,10,4.1,VERDE
pompe_calore_casa,Città metropolitana di Catania,2850,0.54,6.7,10,4.0,VERDE
pompe_calore_casa,Provincia di Salerno,2660,0.44,6.2,10,3.7,VERDE
pompe_calore_casa,Provincia di Modena,2370,0.85,5.5,10,3.3,VERDE
pompe_calore_casa,Provincia di Como,2240,0.78,5.2,10,3.1,VERDE
pompe_calore_casa,Provincia di Caserta,2180,0.58,5.1,10,3.1,VERDE
pompe_calore_casa,Provincia di Cuneo,2040,0.7,4.8,10,2.9,VERDE
pompe_calore_casa,Provincia di Pavia,2040,0.89,4.8,10,2.9,VERDE
pompe_calore_casa,Provincia di Perugia,1990,0.59,4.6,10,2.8,VERDE
pompe_calore_casa,Provincia di Pescara,1880,0.71,4.4,10,2.6,VERDE
pompe_calore_casa,Provincia di Novara,1870,0.78,4.4,10,2.6,VERDE
pompe_calore_casa,Provincia di Lecce,1820,0.59,4.2,10,2.5,VERDE
pompe_calore_casa,Provincia di Reggio Emilia,1800,0.78,4.2,10,2.5,VERDE
pompe_calore_casa,Provincia di Avellino,1780,0.53,4.2,10,2.5,VERDE
pompe_calore_casa,Provincia di Trieste,1780,0.56,4.2,10,2.5,VERDE
pompe_calore_casa,Provincia di Ancona,1750,0.74,4.1,10,2.5,VERDE
pompe_calore_casa,Provincia autonoma di Trento,1730,1.19,4.0,10,2.4,VERDE
pompe_calore_casa,Provincia di Parma,1460,0.78,3.4,10,2.0,VERDE
pompe_calore_casa,Provincia di Lucca,1420,0.59,3.3,10,2.0,VERDE
pompe_calore_casa,Provincia di Latina,1420,0.71,3.3,10,2.0,VERDE
pompe_calore_casa,Provincia di Taranto,1400,0.66,3.3,10,2.0,VERDE
pompe_calore_casa,Provincia di Pisa,1400,0.72,3.3,10,2.0,VERDE
pompe_calore_casa,Provincia di Mantova,1370,0.83,3.2,10,1.9,VERDE
pompe_calore_casa,Provincia di Alessandria,1350,0.61,3.2,10,1.9,VERDE
pompe_calore_casa,Provincia di Rimini,1340,0.78,3.1,10,1.9,VERDE
pompe_calore_casa,Provincia di Frosinone,1300,0.61,3.0,10,1.8,VERDE
pompe_calore_casa,Provincia di Cosenza,1300,0.72,3.0,10,1.8,VERDE
pompe_calore_casa,Provincia di Lecco,1250,0.82,2.9,10,1.8,VERDE
pompe_calore_casa,Provincia di Ravenna,1240,2.59,2.9,10,1.7,VERDE
pompe_calore_casa,Città metropolitana di Sassari,1240,0.56,2.9,10,1.7,VERDE
pompe_calore_casa,Provincia di Cremona,1220,0.77,2.8,10,1.7,VERDE
pompe_calore_casa,Provincia di Livorno,1120,0.89,2.6,10,1.6,VERDE
pompe_calore_casa,Provincia di Pordenone,1110,0.69,2.6,10,1.6,VERDE
pompe_calore_casa,Città metropolitana di Reggio Calabria,1110,0.59,2.6,10,1.6,VERDE
pompe_calore_casa,Provincia di Chieti,1090,0.6,2.5,10,1.5,VERDE
pompe_calore_casa,Provincia di Forlì-Cesena,1050,0.72,2.5,10,1.5,VERDE
pompe_calore_casa,Provincia di Pesaro e Urbino,1050,0.63,2.5,10,1.5,VERDE
pompe_calore_casa,Provincia di Potenza,950,0.54,2.2,10,1.3,VERDE
pompe_calore_casa,Provincia di Arezzo,950,0.46,2.2,10,1.3,VERDE
pompe_calore_casa,Provincia di Siena,920,0.82,2.1,10,1.3,VERDE
pompe_calore_casa,Provincia di Foggia,900,0.78,2.1,10,1.3,VERDE
pompe_calore_casa,Città metropolitana di Messina,890,0.39,2.1,10,1.2,VERDE
pompe_calore_casa,Provincia dell'Aquila,890,0.76,2.1,10,1.2,VERDE
pompe_calore_casa,Provincia di Piacenza,850,0.66,2.0,10,1.2,VERDE
pompe_calore_casa,Provincia di Pistoia,810,0.52,1.9,10,1.1,GIALLO
pompe_calore_casa,Provincia di Ferrara,810,0.54,1.9,10,1.1,GIALLO
pompe_calore_casa,Provincia di Savona,760,0.5,1.8,10,1.1,GIALLO
pompe_calore_casa,Provincia di Teramo,740,0.71,1.7,10,1.0,GIALLO
pompe_calore_casa,Provincia di Viterbo,730,0.58,1.7,10,1.0,GIALLO
pompe_calore_casa,Provincia di Benevento,700,0.53,1.6,10,1.0,GIALLO
pompe_calore_casa,Provincia autonoma di Bolzano - Alto Adige,680,0.93,1.6,10,1.0,GIALLO
pompe_calore_casa,Provincia di Catanzaro,680,0.7,1.6,10,1.0,GIALLO
pompe_calore_casa,Provincia di Belluno,650,0.66,1.5,10,0.9,GIALLO
pompe_calore_casa,Provincia di Macerata,630,0.84,1.5,10,0.9,GIALLO
pompe_calore_casa,Provincia di Rovigo,600,0.6,1.4,10,0.8,GIALLO
pompe_calore_casa,Provincia di Brindisi,600,0.67,1.4,10,0.8,GIALLO
pompe_calore_casa,Provincia di Prato,570,0.51,1.3,10,0.8,GIALLO
pompe_calore_casa,Provincia della Spezia,570,0.65,1.3,10,0.8,GIALLO
pompe_calore_casa,Provincia di Lodi,560,0.73,1.3,10,0.8,GIALLO
pompe_calore_casa,Provincia di Barletta-Andria-Trani,550,0.48,1.3,10,0.8,GIALLO
pompe_calore_casa,Provincia di Imperia,540,0.71,1.3,10,0.8,GIALLO
pompe_calore_casa,Provincia di Asti,540,1.04,1.3,10,0.8,GIALLO
pompe_calore_casa,Provincia di Grosseto,540,0.67,1.3,10,0.8,GIALLO
pompe_calore_casa,Provincia di Massa e Carrara,540,0.67,1.3,10,0.8,GIALLO
pompe_calore_casa,Provincia di Sondrio,540,0.69,1.3,10,0.8,GIALLO
pompe_calore_casa,Provincia di Gorizia,510,0.56,1.2,10,0.7,GIALLO
pompe_calore_casa,Provincia di Biella,510,0.81,1.2,10,0.7,GIALLO
pompe_calore_casa,Provincia di Ascoli Piceno,450,0.71,1.1,10,0.6,GIALLO
pompe_calore_casa,Provincia di Vercelli,450,0.65,1.1,10,0.6,GIALLO
pompe_calore_casa,Provincia di Terni,420,0.7,1.0,10,0.6,GIALLO
pompe_calore_casa,Provincia di Nuoro,420,0.3,1.0,10,0.6,GIALLO
pompe_calore_casa,Provincia di Campobasso,410,1.4,1.0,10,0.6,GIALLO
pompe_calore_casa,Provincia di Fermo,370,0.76,0.9,0,0.5,ROSSO
pompe_calore_casa,Provincia di Rieti,360,0.48,0.8,0,0.5,ROSSO
pompe_calore_casa,Provincia di Carbonia-Iglesias,330,0.86,0.8,0,0.5,ROSSO
pompe_calore_casa,Provincia di Oristano,330,0.75,0.8,0,0.5,ROSSO
pompe_calore_casa,Provincia di Matera,280,0.46,0.7,0,0.4,ROSSO
pompe_calore_casa,Provincia di Vibo Valentia,220,0.74,0.5,0,0.3,ROSSO
pompe_calore_casa,Provincia di Crotone,170,0.7,0.4,0,0.2,ROSSO
pompe_calore_casa,Provincia di Isernia,140,0.45,0.3,0,0.2,ROSSO
porte_blindate,Città metropolitana di Milano,15190,0.92,35.4,10,21.3,VERDE
porte_blindate,Città metropolitana di Roma Capitale,8170,0.99,19.1,10,11.4,VERDE
porte_blindate,Città Metropolitana di Napoli,2780,0.52,6.5,10,3.9,VERDE
porte_blindate,Città Metropolitana di Torino,2520,1.25,5.9,10,3.5,VERDE
porte_blindate,Città Metropolitana di Bologna,1580,1.37,3.7,10,2.2,VERDE
porte_blindate,Città Metropolitana di Bari,1370,0.57,3.2,10,1.9,VERDE
porte_blindate,Provincia di Brescia,1270,1.26,3.0,10,1.8,VERDE
porte_blindate,Città metropolitana di Palermo,1100,0.55,2.6,10,1.5,VERDE
porte_blindate,Città Metropolitana di Firenze,1040,1.24,2.4,10,1.5,VERDE
porte_blindate,Provincia di Padova,980,1.3,2.3,10,1.4,VERDE
porte_blindate,Provincia di Bergamo,870,1.27,2.0,10,1.2,VERDE
porte_blindate,Città metropolitana di Catania,850,0.55,2.0,10,1.2,VERDE
porte_blindate,Città metropolitana di Cagliari,840,0.61,2.0,10,1.2,VERDE
porte_blindate,Provincia di Verona,820,1.31,1.9,10,1.1,GIALLO
porte_blindate,Provincia di Varese,790,1.44,1.8,10,1.1,GIALLO
porte_blindate,Provincia di Salerno,750,0.57,1.8,10,1.1,GIALLO
porte_blindate,Provincia di Vicenza,690,1.21,1.6,10,1.0,GIALLO
porte_blindate,Città Metropolitana di Venezia,640,1.04,1.5,10,0.9,GIALLO
porte_blindate,Provincia di Monza e della Brianza,570,0.78,1.3,10,0.8,GIALLO
porte_blindate,Città Metropolitana di Genova,570,1.39,1.3,10,0.8,GIALLO
porte_blindate,Provincia di Caserta,560,0.54,1.3,10,0.8,GIALLO
porte_blindate,Provincia di Como,530,1.05,1.2,10,0.7,GIALLO
porte_blindate,Provincia di Treviso,530,1.11,1.2,10,0.7,GIALLO
porte_blindate,Provincia di Lecce,480,0.58,1.1,10,0.7,GIALLO
porte_blindate,Provincia di Pavia,410,1.21,1.0,10,0.6,GIALLO
porte_blindate,Provincia di Modena,400,1.39,0.9,0,0.6,ROSSO
porte_blindate,Provincia di Trieste,380,0.86,0.9,0,0.5,ROSSO
porte_blindate,Provincia di Novara,340,1.39,0.8,0,0.5,ROSSO
porte_blindate,Provincia di Pescara,330,0.78,0.8,0,0.5,ROSSO
porte_blindate,Provincia di Perugia,330,0.72,0.8,0,0.5,ROSSO
porte_blindate,Provincia di Ancona,330,0.48,0.8,0,0.5,ROSSO
porte_blindate,Provincia autonoma di Trento,310,0.66,0.7,0,0.4,ROSSO
porte_blindate,Provincia di Cuneo,280,0.88,0.7,0,0.4,ROSSO
porte_blindate,Provincia di Taranto,270,0.71,0.6,0,0.4,ROSSO
porte_blindate,Provincia di Avellino,260,0.72,0.6,0,0.4,ROSSO
porte_blindate,Città metropolitana di Reggio Calabria,250,0.38,0.6,0,0.4,ROSSO
porte_blindate,Provincia di Mantova,250,0.76,0.6,0,0.4,ROSSO
porte_blindate,Provincia di Lucca,240,0.74,0.6,0,0.3,ROSSO
porte_blindate,Provincia di Reggio Emilia,240,1.16,0.6,0,0.3,ROSSO
porte_blindate,Provincia di Pisa,240,0.73,0.6,0,0.3,ROSSO
porte_blindate,Provincia di Rimini,240,1.45,0.6,0,0.3,ROSSO
porte_blindate,Provincia di Latina,230,0.81,0.5,0,0.3,ROSSO
porte_blindate,Provincia di Cremona,230,0.95,0.5,0,0.3,ROSSO
porte_blindate,Provincia di Alessandria,220,0.96,0.5,0,0.3,ROSSO
porte_blindate,Città metropolitana di Messina,220,0.57,0.5,0,0.3,ROSSO
porte_blindate,Provincia di Frosinone,220,0.8,0.5,0,0.3,ROSSO
porte_blindate,Provincia di Parma,210,0.97,0.5,0,0.3,ROSSO
porte_blindate,Città metropolitana di Sassari,200,0.23,0.5,0,0.3,ROSSO
porte_blindate,Provincia di Cosenza,190,0.49,0.4,0,0.3,ROSSO
porte_blindate,Provincia di Pordenone,190,0.59,0.4,0,0.3,ROSSO
porte_blindate,Provincia di Potenza,170,0.32,0.4,0,0.2,ROSSO
porte_blindate,Provincia di Lecco,160,2.93,0.4,0,0.2,ROSSO
porte_blindate,Provincia di Chieti,150,1.31,0.4,0,0.2,ROSSO
porte_blindate,Provincia di Livorno,140,1.88,0.3,0,0.2,ROSSO
porte_blindate,Provincia di Foggia,140,0.9,0.3,0,0.2,ROSSO
porte_blindate,Provincia di Pesaro e Urbino,140,0.69,0.3,0,0.2,ROSSO
porte_blindate,Provincia di Ravenna,130,1.08,0.3,0,0.2,ROSSO
porte_blindate,Provincia di Vercelli,130,1.15,0.3,0,0.2,ROSSO
porte_blindate,Provincia di Benevento,130,0.49,0.3,0,0.2,ROSSO
porte_blindate,Provincia di Savona,120,2.32,0.3,0,0.2,ROSSO
porte_blindate,Provincia di Brindisi,120,0.79,0.3,0,0.2,ROSSO
porte_blindate,Provincia di Viterbo,120,0.87,0.3,0,0.2,ROSSO
porte_blindate,Provincia di Massa e Carrara,110,1.06,0.3,0,0.2,ROSSO
porte_blindate,Provincia di Grosseto,110,0.56,0.3,0,0.2,ROSSO
porte_blindate,Provincia di Forlì-Cesena,110,1.18,0.3,0,0.2,ROSSO
porte_blindate,Provincia di Pistoia,100,0.53,0.2,0,0.1,ROSSO
porte_blindate,Provincia autonoma di Bolzano - Alto Adige,100,0.87,0.2,0,0.1,ROSSO
porte_blindate,Provincia di Lodi,100,1.1,0.2,0,0.1,ROSSO
porte_blindate,Provincia di Carbonia-Iglesias,100,0.32,0.2,0,0.1,ROSSO
porte_blindate,Provincia di Teramo,100,1.56,0.2,0,0.1,ROSSO
porte_blindate,Provincia di Sondrio,100,0.56,0.2,0,0.1,ROSSO
porte_blindate,Provincia di Rovigo,100,1.0,0.2,0,0.1,ROSSO
porte_blindate,Provincia dell'Aquila,100,0.93,0.2,0,0.1,ROSSO
porte_blindate,Provincia di Asti,90,1.27,0.2,0,0.1,ROSSO
porte_blindate,Provincia di Catanzaro,90,0.26,0.2,0,0.1,ROSSO
porte_blindate,Provincia di Macerata,90,0.91,0.2,0,0.1,ROSSO
porte_blindate,Provincia di Belluno,90,1.48,0.2,0,0.1,ROSSO
porte_blindate,Provincia di Siena,90,0.5,0.2,0,0.1,ROSSO
porte_blindate,Provincia di Ferrara,90,1.1,0.2,0,0.1,ROSSO
porte_blindate,Provincia di Arezzo,80,0.9,0.2,0,0.1,ROSSO
porte_blindate,Provincia di Campobasso,80,0.35,0.2,0,0.1,ROSSO
porte_blindate,Provincia di Piacenza,80,0.79,0.2,0,0.1,ROSSO
porte_blindate,Provincia della Spezia,70,1.36,0.2,0,0.1,ROSSO
porte_blindate,Provincia di Terni,70,0.34,0.2,0,0.1,ROSSO
porte_blindate,Provincia di Barletta-Andria-Trani,70,1.42,0.2,0,0.1,ROSSO
porte_blindate,Provincia di Rieti,60,0.21,0.1,0,0.1,ROSSO
porte_blindate,Provincia di Imperia,60,0.83,0.1,0,0.1,ROSSO
porte_blindate,Provincia di Oristano,60,0.06,0.1,0,0.1,ROSSO
porte_blindate,Provincia di Nuoro,60,0.27,0.1,0,0.1,ROSSO
porte_blindate,Provincia di Gorizia,50,0.33,0.1,0,0.1,ROSSO
porte_blindate,Provincia di Biella,50,0.3,0.1,0,0.1,ROSSO
porte_blindate,Provincia di Prato,40,2.74,0.1,0,0.1,ROSSO
porte_blindate,Provincia di Matera,40,0.41,0.1,0,0.1,ROSSO
porte_blindate,Provincia di Ascoli Piceno,40,0.61,0.1,0,0.1,ROSSO
porte_blindate,Provincia di Fermo,30,0.95,0.1,0,0.0,ROSSO
porte_blindate,Provincia di Isernia,30,0.37,0.1,0,0.0,ROSSO
porte_blindate,Provincia di Crotone,30,0,0.1,0,0.0,ROSSO
porte_blindate,Provincia di Vibo Valentia,20,0.56,0.0,0,0.0,ROSSO
pulizie_industriali,Città metropolitana di Milano,9320,1.95,21.7,12,13.1,VERDE
pulizie_industriali,Città metropolitana di Roma Capitale,3370,1.3,7.9,10,4.7,VERDE
pulizie_industriali,Città Metropolitana di Napoli,2760,0.91,6.4,10,3.9,VERDE
pulizie_industriali,Città Metropolitana di Torino,1690,1.16,3.9,10,2.4,VERDE
pulizie_industriali,Provincia di Brescia,1650,0.96,3.9,10,2.3,VERDE
pulizie_industriali,Città Metropolitana di Bologna,1020,1.72,2.4,10,1.4,VERDE
pulizie_industriali,Provincia di Padova,830,1.45,1.9,10,1.2,GIALLO
pulizie_industriali,Provincia di Bergamo,770,1.27,1.8,10,1.1,GIALLO
pulizie_industriali,Città metropolitana di Palermo,740,0.72,1.7,10,1.0,GIALLO
pulizie_industriali,Provincia di Verona,670,1.84,1.6,10,0.9,GIALLO
pulizie_industriali,Città Metropolitana di Firenze,640,0.95,1.5,10,0.9,GIALLO
pulizie_industriali,Provincia di Monza e della Brianza,610,1.84,1.4,10,0.9,GIALLO
pulizie_industriali,Provincia di Varese,540,1.17,1.3,10,0.8,GIALLO
pulizie_industriali,Città Metropolitana di Bari,530,1.37,1.2,10,0.7,GIALLO
pulizie_industriali,Provincia di Treviso,530,1.01,1.2,10,0.7,GIALLO
pulizie_industriali,Provincia di Reggio Emilia,500,1.54,1.2,10,0.7,GIALLO
pulizie_industriali,Città Metropolitana di Venezia,480,1.47,1.1,10,0.7,GIALLO
pulizie_industriali,Provincia di Vicenza,460,1.52,1.1,10,0.6,GIALLO
pulizie_industriali,Provincia di Modena,420,0.77,1.0,10,0.6,GIALLO
pulizie_industriali,Provincia di Como,370,1.08,0.9,0,0.5,ROSSO
pulizie_industriali,Provincia di Salerno,350,0.68,0.8,0,0.5,ROSSO
pulizie_industriali,Città Metropolitana di Genova,330,1.25,0.8,0,0.5,ROSSO
pulizie_industriali,Provincia di Novara,330,1.07,0.8,0,0.5,ROSSO
pulizie_industriali,Città metropolitana di Cagliari,300,0.38,0.7,0,0.4,ROSSO
pulizie_industriali,Città metropolitana di Catania,290,0.63,0.7,0,0.4,ROSSO
pulizie_industriali,Provincia di Caserta,270,0.6,0.6,0,0.4,ROSSO
pulizie_industriali,Provincia di Pescara,230,1.55,0.5,0,0.3,ROSSO
pulizie_industriali,Provincia di Parma,220,0.98,0.5,0,0.3,ROSSO
pulizie_industriali,Provincia di Ancona,200,1.36,0.5,0,0.3,ROSSO
pulizie_industriali,Provincia di Lecce,200,1.43,0.5,0,0.3,ROSSO
pulizie_industriali,Provincia di Cuneo,190,0.66,0.4,0,0.3,ROSSO
pulizie_industriali,Provincia di Pavia,190,1.04,0.4,0,0.3,ROSSO
pulizie_industriali,Provincia di Rimini,180,0.95,0.4,0,0.3,ROSSO
pulizie_industriali,Provincia di Cremona,180,1.02,0.4,0,0.3,ROSSO
pulizie_industriali,Provincia di Lecco,170,1.43,0.4,0,0.2,ROSSO
pulizie_industriali,Provincia di Trieste,150,0.93,0.4,0,0.2,ROSSO
pulizie_industriali,Provincia autonoma di Trento,150,1.14,0.4,0,0.2,ROSSO
pulizie_industriali,Provincia di Avellino,140,0.39,0.3,0,0.2,ROSSO
pulizie_industriali,Provincia di Perugia,140,0.61,0.3,0,0.2,ROSSO
pulizie_industriali,Provincia di Pesaro e Urbino,130,0.77,0.3,0,0.2,ROSSO
pulizie_industriali,Provincia di Mantova,130,1.87,0.3,0,0.2,ROSSO
pulizie_industriali,Provincia di Taranto,130,1.1,0.3,0,0.2,ROSSO
pulizie_industriali,Provincia di Livorno,130,0.86,0.3,0,0.2,ROSSO
pulizie_industriali,Provincia di Pisa,120,0.88,0.3,0,0.2,ROSSO
pulizie_industriali,Provincia di Lucca,120,1.26,0.3,0,0.2,ROSSO
pulizie_industriali,Provincia di Forlì-Cesena,110,1.04,0.3,0,0.2,ROSSO
pulizie_industriali,Provincia di Ravenna,110,1.22,0.3,0,0.2,ROSSO
pulizie_industriali,Provincia di Lodi,100,1.5,0.2,0,0.1,ROSSO
pulizie_industriali,Provincia di Teramo,100,0.97,0.2,0,0.1,ROSSO
pulizie_industriali,Provincia di Fermo,100,0.96,0.2,0,0.1,ROSSO
pulizie_industriali,Provincia di Alessandria,100,1.22,0.2,0,0.1,ROSSO
pulizie_industriali,Provincia di Pordenone,90,1.96,0.2,0,0.1,ROSSO
pulizie_industriali,Provincia di Ferrara,90,0.78,0.2,0,0.1,ROSSO
pulizie_industriali,Città metropolitana di Reggio Calabria,90,0.59,0.2,0,0.1,ROSSO
pulizie_industriali,Provincia di Piacenza,90,1.54,0.2,0,0.1,ROSSO
pulizie_industriali,Provincia di Brindisi,80,1.26,0.2,0,0.1,ROSSO
pulizie_industriali,Provincia di Chieti,80,0.98,0.2,0,0.1,ROSSO
pulizie_industriali,Provincia di Arezzo,80,0.55,0.2,0,0.1,ROSSO
pulizie_industriali,Provincia di Macerata,80,1.02,0.2,0,0.1,ROSSO
pulizie_industriali,Provincia autonoma di Bolzano - Alto Adige,70,0.61,0.2,0,0.1,ROSSO
pulizie_industriali,Provincia di Cosenza,70,1.74,0.2,0,0.1,ROSSO
pulizie_industriali,Provincia di Siena,70,0.65,0.2,0,0.1,ROSSO
pulizie_industriali,Provincia di Potenza,70,0.49,0.2,0,0.1,ROSSO
pulizie_industriali,Provincia di Frosinone,70,1.58,0.2,0,0.1,ROSSO
pulizie_industriali,Provincia di Prato,70,0.65,0.2,0,0.1,ROSSO
pulizie_industriali,Provincia di Latina,70,0.8,0.2,0,0.1,ROSSO
pulizie_industriali,Provincia di Pistoia,70,0.84,0.2,0,0.1,ROSSO
pulizie_industriali,Città metropolitana di Messina,70,0.74,0.2,0,0.1,ROSSO
pulizie_industriali,Città metropolitana di Sassari,70,0.43,0.2,0,0.1,ROSSO
pulizie_industriali,Provincia di Imperia,70,0.56,0.2,0,0.1,ROSSO
pulizie_industriali,Provincia di Barletta-Andria-Trani,60,0.79,0.1,0,0.1,ROSSO
pulizie_industriali,Provincia di Vercelli,60,1.0,0.1,0,0.1,ROSSO
pulizie_industriali,Provincia di Ascoli Piceno,60,0.66,0.1,0,0.1,ROSSO
pulizie_industriali,Provincia di Savona,60,0.84,0.1,0,0.1,ROSSO
pulizie_industriali,Provincia di Asti,50,1.05,0.1,0,0.1,ROSSO
pulizie_industriali,Provincia di Belluno,50,0.86,0.1,0,0.1,ROSSO
pulizie_industriali,Provincia di Grosseto,50,0.86,0.1,0,0.1,ROSSO
pulizie_industriali,Provincia di Catanzaro,50,1.24,0.1,0,0.1,ROSSO
pulizie_industriali,Provincia di Foggia,50,1.31,0.1,0,0.1,ROSSO
pulizie_industriali,Provincia di Sondrio,40,0.7,0.1,0,0.1,ROSSO
pulizie_industriali,Provincia di Campobasso,40,0.59,0.1,0,0.1,ROSSO
pulizie_industriali,Provincia di Viterbo,40,0,0.1,0,0.1,ROSSO
pulizie_industriali,Provincia di Rovigo,40,1.53,0.1,0,0.1,ROSSO
pulizie_industriali,Provincia dell'Aquila,40,0.37,0.1,0,0.1,ROSSO
pulizie_industriali,Provincia della Spezia,30,0.53,0.1,0,0.0,ROSSO
pulizie_industriali,Provincia di Benevento,30,0.39,0.1,0,0.0,ROSSO
pulizie_industriali,Provincia di Terni,30,0,0.1,0,0.0,ROSSO
pulizie_industriali,Provincia di Biella,30,0.67,0.1,0,0.0,ROSSO
pulizie_industriali,Provincia di Massa e Carrara,30,0,0.1,0,0.0,ROSSO
pulizie_industriali,Provincia di Matera,20,0.7,0.0,0,0.0,ROSSO
pulizie_industriali,Provincia di Rieti,20,0.59,0.0,0,0.0,ROSSO
pulizie_industriali,Provincia di Gorizia,20,0.65,0.0,0,0.0,ROSSO
pulizie_industriali,Provincia di Vibo Valentia,20,0.49,0.0,0,0.0,ROSSO
pulizie_industriali,Provincia di Crotone,10,0,0.0,0,0.0,ROSSO
pulizie_industriali,Provincia di Nuoro,10,0,0.0,0,0.0,ROSSO
pulizie_industriali,Provincia di Carbonia-Iglesias,10,0,0.0,0,0.0,ROSSO
pulizie_industriali,Provincia di Oristano,10,0,0.0,0,0.0,ROSSO
pulizie_industriali,Provincia di Isernia,10,0,0.0,0,0.0,ROSSO
recinzioni_cancelli,Città metropolitana di Milano,29400,0.53,68.6,10,41.2,VERDE
recinzioni_cancelli,Città metropolitana di Roma Capitale,15680,0.59,36.6,10,22.0,VERDE
recinzioni_cancelli,Città Metropolitana di Napoli,4990,0.4,11.6,10,7.0,VERDE
recinzioni_cancelli,Città Metropolitana di Torino,4790,0.5,11.2,10,6.7,VERDE
recinzioni_cancelli,Città Metropolitana di Bologna,3540,0.55,8.3,10,5.0,VERDE
recinzioni_cancelli,Provincia di Padova,2780,0.53,6.5,10,3.9,VERDE
recinzioni_cancelli,Provincia di Brescia,2540,0.71,5.9,10,3.6,VERDE
recinzioni_cancelli,Provincia di Vicenza,2480,0.47,5.8,10,3.5,VERDE
recinzioni_cancelli,Provincia di Verona,2470,0.55,5.8,10,3.5,VERDE
recinzioni_cancelli,Città Metropolitana di Bari,2380,0.54,5.6,10,3.3,VERDE
recinzioni_cancelli,Provincia di Bergamo,2340,0.57,5.5,10,3.3,VERDE
recinzioni_cancelli,Città metropolitana di Palermo,2150,0.42,5.0,10,3.0,VERDE
recinzioni_cancelli,Città Metropolitana di Firenze,2140,0.66,5.0,10,3.0,VERDE
recinzioni_cancelli,Città Metropolitana di Venezia,2100,0.52,4.9,10,2.9,VERDE
recinzioni_cancelli,Provincia di Salerno,1940,0.4,4.5,10,2.7,VERDE
recinzioni_cancelli,Provincia di Treviso,1830,0.54,4.3,10,2.6,VERDE
recinzioni_cancelli,Città metropolitana di Cagliari,1830,0.4,4.3,10,2.6,VERDE
recinzioni_cancelli,Provincia di Varese,1710,0.68,4.0,10,2.4,VERDE
recinzioni_cancelli,Città metropolitana di Catania,1550,0.44,3.6,10,2.2,VERDE
recinzioni_cancelli,Provincia di Monza e della Brianza,1230,0.63,2.9,10,1.7,VERDE
recinzioni_cancelli,Provincia di Como,1150,0.55,2.7,10,1.6,VERDE
recinzioni_cancelli,Provincia di Caserta,1150,0.36,2.7,10,1.6,VERDE
recinzioni_cancelli,Provincia di Cuneo,1080,0.51,2.5,10,1.5,VERDE
recinzioni_cancelli,Provincia autonoma di Trento,1080,0.51,2.5,10,1.5,VERDE
recinzioni_cancelli,Provincia di Modena,1000,0.66,2.3,10,1.4,VERDE
recinzioni_cancelli,Provincia di Pescara,970,0.45,2.3,10,1.4,VERDE
recinzioni_cancelli,Città Metropolitana di Genova,950,0.62,2.2,10,1.3,VERDE
recinzioni_cancelli,Provincia di Pavia,950,0.5,2.2,10,1.3,VERDE
recinzioni_cancelli,Provincia di Perugia,930,0.55,2.2,10,1.3,VERDE
recinzioni_cancelli,Provincia di Latina,880,0.58,2.1,10,1.2,VERDE
recinzioni_cancelli,Provincia di Reggio Emilia,850,0.51,2.0,10,1.2,VERDE
recinzioni_cancelli,Provincia di Lucca,820,0.56,1.9,10,1.1,GIALLO
recinzioni_cancelli,Provincia di Trieste,820,0.65,1.9,10,1.1,GIALLO
recinzioni_cancelli,Provincia di Lecce,810,0.56,1.9,10,1.1,GIALLO
recinzioni_cancelli,Provincia di Ancona,810,0.59,1.9,10,1.1,GIALLO
recinzioni_cancelli,Provincia di Cosenza,770,0.43,1.8,10,1.1,GIALLO
recinzioni_cancelli,Provincia di Avellino,750,0.54,1.8,10,1.1,GIALLO
recinzioni_cancelli,Provincia di Novara,750,0.56,1.8,10,1.1,GIALLO
recinzioni_cancelli,Provincia di Pisa,710,0.47,1.7,10,1.0,GIALLO
recinzioni_cancelli,Provincia di Mantova,710,0.54,1.7,10,1.0,GIALLO
recinzioni_cancelli,Città metropolitana di Sassari,660,0.58,1.5,10,0.9,GIALLO
recinzioni_cancelli,Provincia di Frosinone,660,0.62,1.5,10,0.9,GIALLO
recinzioni_cancelli,Provincia di Cremona,620,0.55,1.4,10,0.9,GIALLO
recinzioni_cancelli,Città metropolitana di Reggio Calabria,610,0.58,1.4,10,0.9,GIALLO
recinzioni_cancelli,Provincia di Rimini,590,0.49,1.4,10,0.8,GIALLO
recinzioni_cancelli,Provincia di Parma,550,0.66,1.3,10,0.8,GIALLO
recinzioni_cancelli,Provincia di Chieti,530,0.42,1.2,10,0.7,GIALLO
recinzioni_cancelli,Provincia di Taranto,520,0.38,1.2,10,0.7,GIALLO
recinzioni_cancelli,Provincia di Livorno,510,0.52,1.2,10,0.7,GIALLO
recinzioni_cancelli,Provincia di Alessandria,510,0.54,1.2,10,0.7,GIALLO
recinzioni_cancelli,Provincia di Potenza,510,0.44,1.2,10,0.7,GIALLO
recinzioni_cancelli,Provincia di Ravenna,490,0.69,1.1,10,0.7,GIALLO
recinzioni_cancelli,Provincia di Pordenone,480,0.46,1.1,10,0.7,GIALLO
recinzioni_cancelli,Provincia di Ferrara,470,0.63,1.1,10,0.7,GIALLO
recinzioni_cancelli,Provincia di Catanzaro,440,0.42,1.0,10,0.6,GIALLO
recinzioni_cancelli,Provincia di Foggia,440,0.37,1.0,10,0.6,GIALLO
recinzioni_cancelli,Provincia di Lecco,420,0.53,1.0,10,0.6,GIALLO
recinzioni_cancelli,Città metropolitana di Messina,420,0.35,1.0,10,0.6,GIALLO
recinzioni_cancelli,Provincia di Pesaro e Urbino,410,0.53,1.0,10,0.6,GIALLO
recinzioni_cancelli,Provincia di Forlì-Cesena,380,0.51,0.9,0,0.5,ROSSO
recinzioni_cancelli,Provincia di Arezzo,360,0.57,0.8,0,0.5,ROSSO
recinzioni_cancelli,Provincia di Benevento,340,0.29,0.8,0,0.5,ROSSO
recinzioni_cancelli,Provincia di Pistoia,340,0.63,0.8,0,0.5,ROSSO
recinzioni_cancelli,Provincia di Rovigo,340,0.77,0.8,0,0.5,ROSSO
recinzioni_cancelli,Provincia di Teramo,340,0.42,0.8,0,0.5,ROSSO
recinzioni_cancelli,Provincia di Macerata,340,0.42,0.8,0,0.5,ROSSO
recinzioni_cancelli,Provincia di Viterbo,330,0.67,0.8,0,0.5,ROSSO
recinzioni_cancelli,Provincia dell'Aquila,330,0.33,0.8,0,0.5,ROSSO
recinzioni_cancelli,Provincia autonoma di Bolzano - Alto Adige,320,0.52,0.7,0,0.4,ROSSO
recinzioni_cancelli,Provincia di Brindisi,320,0.61,0.7,0,0.4,ROSSO
recinzioni_cancelli,Provincia di Piacenza,310,0.99,0.7,0,0.4,ROSSO
recinzioni_cancelli,Provincia di Savona,300,0.52,0.7,0,0.4,ROSSO
recinzioni_cancelli,Provincia di Siena,300,0.62,0.7,0,0.4,ROSSO
recinzioni_cancelli,Provincia di Massa e Carrara,290,0.57,0.7,0,0.4,ROSSO
recinzioni_cancelli,Provincia di Imperia,290,0.71,0.7,0,0.4,ROSSO
recinzioni_cancelli,Provincia della Spezia,260,0.43,0.6,0,0.4,ROSSO
recinzioni_cancelli,Provincia di Belluno,250,0.61,0.6,0,0.4,ROSSO
recinzioni_cancelli,Provincia di Carbonia-Iglesias,220,0.49,0.5,0,0.3,ROSSO
recinzioni_cancelli,Provincia di Ascoli Piceno,220,0.57,0.5,0,0.3,ROSSO
recinzioni_cancelli,Provincia di Grosseto,220,0.32,0.5,0,0.3,ROSSO
recinzioni_cancelli,Provincia di Lodi,210,0.55,0.5,0,0.3,ROSSO
recinzioni_cancelli,Provincia di Sondrio,210,0.54,0.5,0,0.3,ROSSO
recinzioni_cancelli,Provincia di Asti,190,0.42,0.4,0,0.3,ROSSO
recinzioni_cancelli,Provincia di Gorizia,190,0.41,0.4,0,0.3,ROSSO
recinzioni_cancelli,Provincia di Terni,180,0.46,0.4,0,0.3,ROSSO
recinzioni_cancelli,Provincia di Prato,180,0.64,0.4,0,0.3,ROSSO
recinzioni_cancelli,Provincia di Campobasso,160,0.36,0.4,0,0.2,ROSSO
recinzioni_cancelli,Provincia di Vercelli,150,0.59,0.4,0,0.2,ROSSO
recinzioni_cancelli,Provincia di Biella,150,0.46,0.4,0,0.2,ROSSO
recinzioni_cancelli,Provincia di Nuoro,150,0.41,0.4,0,0.2,ROSSO
recinzioni_cancelli,Provincia di Barletta-Andria-Trani,150,0.68,0.4,0,0.2,ROSSO
recinzioni_cancelli,Provincia di Matera,140,0.53,0.3,0,0.2,ROSSO
recinzioni_cancelli,Provincia di Fermo,130,0.43,0.3,0,0.2,ROSSO
recinzioni_cancelli,Provincia di Rieti,130,0.39,0.3,0,0.2,ROSSO
recinzioni_cancelli,Provincia di Vibo Valentia,110,0.94,0.3,0,0.2,ROSSO
recinzioni_cancelli,Provincia di Oristano,100,0.44,0.2,0,0.1,ROSSO
recinzioni_cancelli,Provincia di Crotone,90,0.51,0.2,0,0.1,ROSSO
recinzioni_cancelli,Provincia di Isernia,70,0.28,0.2,0,0.1,ROSSO
recupero_crediti,Città metropolitana di Milano,2120,1.9,4.9,10,3.0,VERDE
recupero_crediti,Città metropolitana di Roma Capitale,1340,2.54,3.1,10,1.9,VERDE
recupero_crediti,Città Metropolitana di Napoli,620,2.43,1.4,10,0.9,GIALLO
recupero_crediti,Città Metropolitana di Torino,400,2.48,0.9,0,0.6,ROSSO
recupero_crediti,Città metropolitana di Palermo,350,2.64,0.8,0,0.5,ROSSO
recupero_crediti,Città Metropolitana di Bari,260,2.19,0.6,0,0.4,ROSSO
recupero_crediti,Città Metropolitana di Bologna,200,3.06,0.5,0,0.3,ROSSO
recupero_crediti,Città Metropolitana di Firenze,190,2.83,0.4,0,0.3,ROSSO
recupero_crediti,Città metropolitana di Catania,190,2.2,0.4,0,0.3,ROSSO
recupero_crediti,Provincia di Cosenza,160,3.91,0.4,0,0.2,ROSSO
recupero_crediti,Provincia di Salerno,150,3.19,0.4,0,0.2,ROSSO
recupero_crediti,Provincia di Brescia,140,3.39,0.3,0,0.2,ROSSO
recupero_crediti,Provincia di Padova,140,3.43,0.3,0,0.2,ROSSO
recupero_crediti,Provincia di Bergamo,130,2.23,0.3,0,0.2,ROSSO
recupero_crediti,Città metropolitana di Cagliari,120,2.83,0.3,0,0.2,ROSSO
recupero_crediti,Provincia di Verona,120,3.35,0.3,0,0.2,ROSSO
recupero_crediti,Provincia di Caserta,110,3.48,0.3,0,0.2,ROSSO
recupero_crediti,Provincia di Varese,110,2.41,0.3,0,0.2,ROSSO
recupero_crediti,Provincia di Treviso,100,3.42,0.2,0,0.1,ROSSO
recupero_crediti,Provincia di Pescara,100,2.38,0.2,0,0.1,ROSSO
recupero_crediti,Provincia di Lecce,100,3.59,0.2,0,0.1,ROSSO
recupero_crediti,Città Metropolitana di Genova,100,2.2,0.2,0,0.1,ROSSO
recupero_crediti,Provincia di Monza e della Brianza,100,3.48,0.2,0,0.1,ROSSO
recupero_crediti,Città Metropolitana di Venezia,100,4.01,0.2,0,0.1,ROSSO
recupero_crediti,Città metropolitana di Reggio Calabria,90,2.19,0.2,0,0.1,ROSSO
recupero_crediti,Provincia di Taranto,90,2.15,0.2,0,0.1,ROSSO
recupero_crediti,Provincia di Vicenza,90,2.73,0.2,0,0.1,ROSSO
recupero_crediti,Provincia di Modena,70,3.92,0.2,0,0.1,ROSSO
recupero_crediti,Città metropolitana di Messina,70,2.93,0.2,0,0.1,ROSSO
recupero_crediti,Provincia di Ancona,70,3.55,0.2,0,0.1,ROSSO
recupero_crediti,Provincia di Pisa,60,1.97,0.1,0,0.1,ROSSO
recupero_crediti,Provincia di Como,60,4.09,0.1,0,0.1,ROSSO
recupero_crediti,Provincia di Perugia,60,2.52,0.1,0,0.1,ROSSO
recupero_crediti,Provincia di Potenza,60,1.61,0.1,0,0.1,ROSSO
recupero_crediti,Provincia di Cuneo,60,2.75,0.1,0,0.1,ROSSO
recupero_crediti,Provincia di Frosinone,60,3.7,0.1,0,0.1,ROSSO
recupero_crediti,Provincia di Pavia,60,2.52,0.1,0,0.1,ROSSO
recupero_crediti,Provincia di Lucca,50,3.02,0.1,0,0.1,ROSSO
recupero_crediti,Provincia di Ravenna,50,3.36,0.1,0,0.1,ROSSO
recupero_crediti,Provincia autonoma di Trento,50,4.77,0.1,0,0.1,ROSSO
recupero_crediti,Provincia di Lecco,50,2.08,0.1,0,0.1,ROSSO
recupero_crediti,Provincia di Latina,50,2.64,0.1,0,0.1,ROSSO
recupero_crediti,Provincia di Reggio Emilia,50,3.24,0.1,0,0.1,ROSSO
recupero_crediti,Provincia di Alessandria,50,2.3,0.1,0,0.1,ROSSO
recupero_crediti,Provincia di Foggia,50,3.67,0.1,0,0.1,ROSSO
recupero_crediti,Provincia di Avellino,50,1.61,0.1,0,0.1,ROSSO
recupero_crediti,Provincia di Cremona,50,2.14,0.1,0,0.1,ROSSO
recupero_crediti,Provincia di Forlì-Cesena,50,3.22,0.1,0,0.1,ROSSO
recupero_crediti,Provincia di Ferrara,50,3.87,0.1,0,0.1,ROSSO
recupero_crediti,Provincia di Trieste,50,2.31,0.1,0,0.1,ROSSO
recupero_crediti,Provincia di Mantova,50,1.86,0.1,0,0.1,ROSSO
recupero_crediti,Provincia di Livorno,40,5.08,0.1,0,0.1,ROSSO
recupero_crediti,Provincia di Novara,40,3.02,0.1,0,0.1,ROSSO
recupero_crediti,Provincia di Macerata,40,2.68,0.1,0,0.1,ROSSO
recupero_crediti,Provincia di Pistoia,40,3.76,0.1,0,0.1,ROSSO
recupero_crediti,Provincia di Catanzaro,40,2.89,0.1,0,0.1,ROSSO
recupero_crediti,Provincia di Benevento,40,1.13,0.1,0,0.1,ROSSO
recupero_crediti,Provincia autonoma di Bolzano - Alto Adige,40,4.07,0.1,0,0.1,ROSSO
recupero_crediti,Città metropolitana di Sassari,40,1.85,0.1,0,0.1,ROSSO
recupero_crediti,Provincia di Parma,40,3.48,0.1,0,0.1,ROSSO
recupero_crediti,Provincia di Ascoli Piceno,40,5.58,0.1,0,0.1,ROSSO
recupero_crediti,Provincia di Rimini,40,4.82,0.1,0,0.1,ROSSO
recupero_crediti,Provincia di Chieti,40,2.96,0.1,0,0.1,ROSSO
recupero_crediti,Provincia di Prato,30,2.1,0.1,0,0.0,ROSSO
recupero_crediti,Provincia di Asti,30,5.01,0.1,0,0.0,ROSSO
recupero_crediti,Provincia di Piacenza,30,2.66,0.1,0,0.0,ROSSO
recupero_crediti,Provincia di Arezzo,30,2.48,0.1,0,0.0,ROSSO
recupero_crediti,Provincia di Lodi,30,1.36,0.1,0,0.0,ROSSO
recupero_crediti,Provincia dell'Aquila,30,1.91,0.1,0,0.0,ROSSO
recupero_crediti,Provincia di Pesaro e Urbino,30,2.93,0.1,0,0.0,ROSSO
recupero_crediti,Provincia di Barletta-Andria-Trani,30,0,0.1,0,0.0,ROSSO
recupero_crediti,Provincia di Savona,30,3.5,0.1,0,0.0,ROSSO
recupero_crediti,Provincia di Viterbo,30,4.14,0.1,0,0.0,ROSSO
recupero_crediti,Provincia di Teramo,30,2.12,0.1,0,0.0,ROSSO
recupero_crediti,Provincia di Brindisi,30,2.33,0.1,0,0.0,ROSSO
recupero_crediti,Provincia di Siena,30,1.78,0.1,0,0.0,ROSSO
recupero_crediti,Provincia di Pordenone,30,1.94,0.1,0,0.0,ROSSO
recupero_crediti,Provincia di Grosseto,20,4.06,0.0,0,0.0,ROSSO
recupero_crediti,Provincia di Imperia,20,7.92,0.0,0,0.0,ROSSO
recupero_crediti,Provincia di Matera,20,3.28,0.0,0,0.0,ROSSO
recupero_crediti,Provincia di Carbonia-Iglesias,20,3.0,0.0,0,0.0,ROSSO
recupero_crediti,Provincia di Fermo,20,1.48,0.0,0,0.0,ROSSO
recupero_crediti,Provincia della Spezia,20,1.14,0.0,0,0.0,ROSSO
recupero_crediti,Provincia di Biella,20,3.87,0.0,0,0.0,ROSSO
recupero_crediti,Provincia di Massa e Carrara,20,3.99,0.0,0,0.0,ROSSO
recupero_crediti,Provincia di Belluno,20,1.33,0.0,0,0.0,ROSSO
recupero_crediti,Provincia di Sondrio,20,2.63,0.0,0,0.0,ROSSO
recupero_crediti,Provincia di Vercelli,20,1.98,0.0,0,0.0,ROSSO
recupero_crediti,Provincia di Rovigo,20,2.59,0.0,0,0.0,ROSSO
recupero_crediti,Provincia di Campobasso,20,2.86,0.0,0,0.0,ROSSO
recupero_crediti,Provincia di Rieti,10,0,0.0,0,0.0,ROSSO
recupero_crediti,Provincia di Vibo Valentia,10,0,0.0,0,0.0,ROSSO
recupero_crediti,Provincia di Isernia,10,0,0.0,0,0.0,ROSSO
recupero_crediti,Provincia di Oristano,10,0,0.0,0,0.0,ROSSO
recupero_crediti,Provincia di Gorizia,10,0,0.0,0,0.0,ROSSO
recupero_crediti,Provincia di Terni,10,0,0.0,0,0.0,ROSSO
recupero_crediti,Provincia di Nuoro,10,0,0.0,0,0.0,ROSSO
recupero_crediti,Provincia di Crotone,10,0,0.0,0,0.0,ROSSO
resine_pavimenti_ind,Città metropolitana di Milano,1540,2.05,3.6,10,2.2,VERDE
resine_pavimenti_ind,Città metropolitana di Roma Capitale,900,1.3,2.1,10,1.3,VERDE
resine_pavimenti_ind,Città Metropolitana di Napoli,300,1.04,0.7,0,0.4,ROSSO
resine_pavimenti_ind,Città Metropolitana di Bari,200,1.17,0.5,0,0.3,ROSSO
resine_pavimenti_ind,Città metropolitana di Palermo,160,0.73,0.4,0,0.2,ROSSO
resine_pavimenti_ind,Città metropolitana di Catania,150,1.05,0.4,0,0.2,ROSSO
resine_pavimenti_ind,Città Metropolitana di Torino,150,1.86,0.4,0,0.2,ROSSO
resine_pavimenti_ind,Provincia di Salerno,130,1.2,0.3,0,0.2,ROSSO
resine_pavimenti_ind,Provincia di Bergamo,120,2.62,0.3,0,0.2,ROSSO
resine_pavimenti_ind,Città Metropolitana di Bologna,120,1.67,0.3,0,0.2,ROSSO
resine_pavimenti_ind,Provincia di Padova,110,2.01,0.3,0,0.2,ROSSO
resine_pavimenti_ind,Provincia di Brescia,100,2.31,0.2,0,0.1,ROSSO
resine_pavimenti_ind,Provincia di Lecce,90,1.4,0.2,0,0.1,ROSSO
resine_pavimenti_ind,Provincia di Caserta,80,1.09,0.2,0,0.1,ROSSO
resine_pavimenti_ind,Città Metropolitana di Firenze,80,3.13,0.2,0,0.1,ROSSO
resine_pavimenti_ind,Provincia di Treviso,80,3.18,0.2,0,0.1,ROSSO
resine_pavimenti_ind,Provincia di Verona,70,4.07,0.2,0,0.1,ROSSO
resine_pavimenti_ind,Provincia autonoma di Trento,60,2.46,0.1,0,0.1,ROSSO
resine_pavimenti_ind,Città metropolitana di Cagliari,60,0.66,0.1,0,0.1,ROSSO
resine_pavimenti_ind,Provincia di Varese,50,1.83,0.1,0,0.1,ROSSO
resine_pavimenti_ind,Provincia di Perugia,50,3.5,0.1,0,0.1,ROSSO
resine_pavimenti_ind,Città Metropolitana di Venezia,40,1.71,0.1,0,0.1,ROSSO
resine_pavimenti_ind,Provincia di Monza e della Brianza,40,11.91,0.1,0,0.1,ROSSO
resine_pavimenti_ind,Città metropolitana di Reggio Calabria,40,0,0.1,0,0.1,ROSSO
resine_pavimenti_ind,Provincia di Pisa,40,0,0.1,0,0.1,ROSSO
resine_pavimenti_ind,Provincia di Pescara,40,1.53,0.1,0,0.1,ROSSO
resine_pavimenti_ind,Provincia di Barletta-Andria-Trani,40,1.62,0.1,0,0.1,ROSSO
resine_pavimenti_ind,Provincia di Como,40,1.76,0.1,0,0.1,ROSSO
resine_pavimenti_ind,Provincia di Foggia,30,1.0,0.1,0,0.0,ROSSO
resine_pavimenti_ind,Provincia di Potenza,30,0,0.1,0,0.0,ROSSO
resine_pavimenti_ind,Provincia di Pavia,30,3.92,0.1,0,0.0,ROSSO
resine_pavimenti_ind,Provincia di Modena,30,2.88,0.1,0,0.0,ROSSO
resine_pavimenti_ind,Provincia di Latina,30,1.5,0.1,0,0.0,ROSSO
resine_pavimenti_ind,Provincia di Cuneo,30,1.49,0.1,0,0.0,ROSSO
resine_pavimenti_ind,Città metropolitana di Messina,30,0,0.1,0,0.0,ROSSO
resine_pavimenti_ind,Provincia di Parma,30,3.31,0.1,0,0.0,ROSSO
resine_pavimenti_ind,Provincia di Vicenza,30,1.76,0.1,0,0.0,ROSSO
resine_pavimenti_ind,Provincia di Mantova,30,2.58,0.1,0,0.0,ROSSO
resine_pavimenti_ind,Provincia di Cosenza,30,0,0.1,0,0.0,ROSSO
resine_pavimenti_ind,Provincia autonoma di Bolzano - Alto Adige,30,2.44,0.1,0,0.0,ROSSO
resine_pavimenti_ind,Provincia di Ancona,30,1.86,0.1,0,0.0,ROSSO
resine_pavimenti_ind,Provincia di Taranto,30,0,0.1,0,0.0,ROSSO
resine_pavimenti_ind,Provincia di Forlì-Cesena,30,3.41,0.1,0,0.0,ROSSO
resine_pavimenti_ind,Provincia di Piacenza,30,2.49,0.1,0,0.0,ROSSO
resine_pavimenti_ind,Provincia di Biella,20,1.35,0.0,0,0.0,ROSSO
resine_pavimenti_ind,Provincia di Reggio Emilia,20,3.91,0.0,0,0.0,ROSSO
resine_pavimenti_ind,Provincia di Cremona,20,4.73,0.0,0,0.0,ROSSO
resine_pavimenti_ind,Provincia di Sondrio,20,1.19,0.0,0,0.0,ROSSO
resine_pavimenti_ind,Città Metropolitana di Genova,20,1.3,0.0,0,0.0,ROSSO
resine_pavimenti_ind,Città metropolitana di Sassari,20,1.18,0.0,0,0.0,ROSSO
resine_pavimenti_ind,Provincia di Avellino,20,0.77,0.0,0,0.0,ROSSO
resine_pavimenti_ind,Provincia di Arezzo,20,2.56,0.0,0,0.0,ROSSO
resine_pavimenti_ind,Provincia di Livorno,20,1.06,0.0,0,0.0,ROSSO
resine_pavimenti_ind,Provincia di Ravenna,20,1.17,0.0,0,0.0,ROSSO
resine_pavimenti_ind,Provincia di Rimini,20,2.45,0.0,0,0.0,ROSSO
resine_pavimenti_ind,Provincia di Benevento,20,1.28,0.0,0,0.0,ROSSO
resine_pavimenti_ind,Provincia di Catanzaro,20,0.55,0.0,0,0.0,ROSSO
resine_pavimenti_ind,Provincia di Pistoia,20,1.23,0.0,0,0.0,ROSSO
resine_pavimenti_ind,Provincia di Lecco,20,6.95,0.0,0,0.0,ROSSO
resine_pavimenti_ind,Provincia di Lucca,20,2.04,0.0,0,0.0,ROSSO
resine_pavimenti_ind,Provincia di Carbonia-Iglesias,10,0,0.0,0,0.0,ROSSO
resine_pavimenti_ind,Provincia di Viterbo,10,0,0.0,0,0.0,ROSSO
resine_pavimenti_ind,Provincia di Frosinone,10,0,0.0,0,0.0,ROSSO
resine_pavimenti_ind,Provincia di Savona,10,0,0.0,0,0.0,ROSSO
resine_pavimenti_ind,Provincia di Siena,10,0,0.0,0,0.0,ROSSO
resine_pavimenti_ind,Provincia di Vercelli,10,0,0.0,0,0.0,ROSSO
resine_pavimenti_ind,Provincia di Ferrara,10,0,0.0,0,0.0,ROSSO
resine_pavimenti_ind,Provincia di Brindisi,10,0,0.0,0,0.0,ROSSO
resine_pavimenti_ind,Provincia di Belluno,10,0,0.0,0,0.0,ROSSO
resine_pavimenti_ind,Provincia di Nuoro,10,0,0.0,0,0.0,ROSSO
resine_pavimenti_ind,Provincia di Alessandria,10,0,0.0,0,0.0,ROSSO
resine_pavimenti_ind,Provincia di Massa e Carrara,10,0,0.0,0,0.0,ROSSO
resine_pavimenti_ind,Provincia di Matera,10,0,0.0,0,0.0,ROSSO
resine_pavimenti_ind,Provincia di Novara,10,0,0.0,0,0.0,ROSSO
resine_pavimenti_ind,Provincia di Trieste,10,0,0.0,0,0.0,ROSSO
resine_pavimenti_ind,Provincia di Pordenone,10,0,0.0,0,0.0,ROSSO
resine_pavimenti_ind,Provincia di Vibo Valentia,10,0,0.0,0,0.0,ROSSO
resine_pavimenti_ind,Provincia di Crotone,10,0,0.0,0,0.0,ROSSO
resine_pavimenti_ind,Provincia di Imperia,10,0,0.0,0,0.0,ROSSO
resine_pavimenti_ind,Provincia di Pesaro e Urbino,10,0,0.0,0,0.0,ROSSO
resine_pavimenti_ind,Provincia di Terni,10,0,0.0,0,0.0,ROSSO
resine_pavimenti_ind,Provincia di Rovigo,10,0,0.0,0,0.0,ROSSO
resine_pavimenti_ind,Provincia di Lodi,10,0,0.0,0,0.0,ROSSO
resine_pavimenti_ind,Provincia di Chieti,10,0,0.0,0,0.0,ROSSO
resine_pavimenti_ind,Provincia di Isernia,10,0,0.0,0,0.0,ROSSO
resine_pavimenti_ind,Provincia dell'Aquila,10,0,0.0,0,0.0,ROSSO
resine_pavimenti_ind,Provincia di Asti,10,0,0.0,0,0.0,ROSSO
resine_pavimenti_ind,Provincia di Gorizia,10,0,0.0,0,0.0,ROSSO
resine_pavimenti_ind,Provincia di Ascoli Piceno,10,0,0.0,0,0.0,ROSSO
resine_pavimenti_ind,Provincia di Oristano,10,0,0.0,0,0.0,ROSSO
resine_pavimenti_ind,Provincia di Teramo,10,0,0.0,0,0.0,ROSSO
resine_pavimenti_ind,Provincia di Campobasso,10,0,0.0,0,0.0,ROSSO
resine_pavimenti_ind,Provincia di Fermo,10,0,0.0,0,0.0,ROSSO
resine_pavimenti_ind,Provincia di Macerata,10,0,0.0,0,0.0,ROSSO
resine_pavimenti_ind,Provincia della Spezia,10,0,0.0,0,0.0,ROSSO
resine_pavimenti_ind,Provincia di Grosseto,10,0,0.0,0,0.0,ROSSO
resine_pavimenti_ind,Provincia di Rieti,10,0,0.0,0,0.0,ROSSO
resine_pavimenti_ind,Provincia di Prato,10,0,0.0,0,0.0,ROSSO
restauro_mobili,Città metropolitana di Milano,2650,0.3,6.2,10,3.7,VERDE
restauro_mobili,Città metropolitana di Roma Capitale,1260,0.36,2.9,10,1.8,VERDE
restauro_mobili,Città Metropolitana di Torino,390,0.48,0.9,0,0.5,ROSSO
restauro_mobili,Città Metropolitana di Napoli,300,0.36,0.7,0,0.4,ROSSO
restauro_mobili,Città Metropolitana di Bologna,290,0.49,0.7,0,0.4,ROSSO
restauro_mobili,Città Metropolitana di Venezia,250,0.15,0.6,0,0.4,ROSSO
restauro_mobili,Provincia di Brescia,230,0.17,0.5,0,0.3,ROSSO
restauro_mobili,Città Metropolitana di Firenze,190,0.2,0.4,0,0.3,ROSSO
restauro_mobili,Città Metropolitana di Bari,180,0,0.4,0,0.3,ROSSO
restauro_mobili,Provincia di Lucca,170,0,0.4,0,0.2,ROSSO
restauro_mobili,Provincia di Padova,160,0.95,0.4,0,0.2,ROSSO
restauro_mobili,Città metropolitana di Palermo,150,0,0.4,0,0.2,ROSSO
restauro_mobili,Provincia di Trieste,130,0,0.3,0,0.2,ROSSO
restauro_mobili,Provincia di Bergamo,120,0.1,0.3,0,0.2,ROSSO
restauro_mobili,Provincia di Vicenza,120,0.66,0.3,0,0.2,ROSSO
restauro_mobili,Provincia di Varese,110,0.11,0.3,0,0.2,ROSSO
restauro_mobili,Provincia di Monza e della Brianza,110,0.13,0.3,0,0.2,ROSSO
restauro_mobili,Città metropolitana di Catania,110,0,0.3,0,0.2,ROSSO
restauro_mobili,Provincia di Verona,100,0.15,0.2,0,0.1,ROSSO
restauro_mobili,Provincia di Treviso,90,0.44,0.2,0,0.1,ROSSO
restauro_mobili,Città Metropolitana di Genova,80,0.15,0.2,0,0.1,ROSSO
restauro_mobili,Provincia di Rimini,70,0,0.2,0,0.1,ROSSO
restauro_mobili,Provincia di Cuneo,70,0.09,0.2,0,0.1,ROSSO
restauro_mobili,Città metropolitana di Cagliari,70,0.31,0.2,0,0.1,ROSSO
restauro_mobili,Provincia di Reggio Emilia,60,0,0.1,0,0.1,ROSSO
restauro_mobili,Provincia di Novara,60,0.13,0.1,0,0.1,ROSSO
restauro_mobili,Provincia di Pavia,60,0,0.1,0,0.1,ROSSO
restauro_mobili,Provincia della Spezia,50,0.14,0.1,0,0.1,ROSSO
restauro_mobili,Provincia di Salerno,40,0,0.1,0,0.1,ROSSO
restauro_mobili,Provincia di Caserta,40,0,0.1,0,0.1,ROSSO
restauro_mobili,Provincia di Perugia,40,0.08,0.1,0,0.1,ROSSO
restauro_mobili,Città metropolitana di Messina,40,0.31,0.1,0,0.1,ROSSO
restauro_mobili,Provincia di Pisa,40,0.1,0.1,0,0.1,ROSSO
restauro_mobili,Provincia autonoma di Trento,40,0,0.1,0,0.1,ROSSO
restauro_mobili,Provincia di Sondrio,30,0,0.1,0,0.0,ROSSO
restauro_mobili,Provincia di Rieti,30,0,0.1,0,0.0,ROSSO
restauro_mobili,Provincia di Cremona,30,0.47,0.1,0,0.0,ROSSO
restauro_mobili,Provincia di Lecce,30,0,0.1,0,0.0,ROSSO
restauro_mobili,Provincia di Grosseto,30,0,0.1,0,0.0,ROSSO
restauro_mobili,Provincia di Ancona,30,0,0.1,0,0.0,ROSSO
restauro_mobili,Provincia di Macerata,30,0,0.1,0,0.0,ROSSO
restauro_mobili,Provincia di Como,30,0,0.1,0,0.0,ROSSO
restauro_mobili,Città metropolitana di Sassari,30,0,0.1,0,0.0,ROSSO
restauro_mobili,Provincia di Forlì-Cesena,30,0,0.1,0,0.0,ROSSO
restauro_mobili,Provincia di Livorno,30,0,0.1,0,0.0,ROSSO
restauro_mobili,Provincia di Modena,30,0,0.1,0,0.0,ROSSO
restauro_mobili,Provincia di Fermo,10,0,0.0,0,0.0,ROSSO
restauro_mobili,Provincia di Lecco,10,0,0.0,0,0.0,ROSSO
restauro_mobili,Provincia dell'Aquila,10,0,0.0,0,0.0,ROSSO
restauro_mobili,Provincia di Teramo,10,0,0.0,0,0.0,ROSSO
restauro_mobili,Provincia di Belluno,10,0,0.0,0,0.0,ROSSO
restauro_mobili,Provincia di Cosenza,10,0,0.0,0,0.0,ROSSO
restauro_mobili,Provincia di Mantova,10,0,0.0,0,0.0,ROSSO
restauro_mobili,Provincia di Crotone,10,0,0.0,0,0.0,ROSSO
restauro_mobili,Provincia di Prato,10,0,0.0,0,0.0,ROSSO
restauro_mobili,Provincia di Piacenza,10,0,0.0,0,0.0,ROSSO
restauro_mobili,Provincia di Catanzaro,10,0,0.0,0,0.0,ROSSO
restauro_mobili,Provincia di Benevento,10,0,0.0,0,0.0,ROSSO
restauro_mobili,Provincia di Chieti,10,0,0.0,0,0.0,ROSSO
restauro_mobili,Provincia di Terni,10,0,0.0,0,0.0,ROSSO
restauro_mobili,Provincia di Rovigo,10,0,0.0,0,0.0,ROSSO
restauro_mobili,Provincia di Potenza,10,0,0.0,0,0.0,ROSSO
restauro_mobili,Provincia di Vibo Valentia,10,0,0.0,0,0.0,ROSSO
restauro_mobili,Provincia di Massa e Carrara,10,0,0.0,0,0.0,ROSSO
restauro_mobili,Provincia di Viterbo,10,0,0.0,0,0.0,ROSSO
restauro_mobili,Provincia di Ferrara,10,0,0.0,0,0.0,ROSSO
restauro_mobili,Provincia di Barletta-Andria-Trani,10,0,0.0,0,0.0,ROSSO
restauro_mobili,Provincia di Oristano,10,0,0.0,0,0.0,ROSSO
restauro_mobili,Provincia di Taranto,10,0,0.0,0,0.0,ROSSO
restauro_mobili,Provincia di Brindisi,10,0,0.0,0,0.0,ROSSO
restauro_mobili,Provincia di Frosinone,10,0,0.0,0,0.0,ROSSO
restauro_mobili,Provincia di Pistoia,10,0,0.0,0,0.0,ROSSO
restauro_mobili,Provincia di Pescara,10,0,0.0,0,0.0,ROSSO
restauro_mobili,Provincia di Vercelli,10,0,0.0,0,0.0,ROSSO
restauro_mobili,Provincia di Latina,10,0,0.0,0,0.0,ROSSO
restauro_mobili,Provincia di Parma,10,0,0.0,0,0.0,ROSSO
restauro_mobili,Provincia di Gorizia,10,0,0.0,0,0.0,ROSSO
restauro_mobili,Provincia autonoma di Bolzano - Alto Adige,10,0,0.0,0,0.0,ROSSO
restauro_mobili,Provincia di Nuoro,10,0,0.0,0,0.0,ROSSO
restauro_mobili,Provincia di Pesaro e Urbino,10,0,0.0,0,0.0,ROSSO
restauro_mobili,Provincia di Matera,10,0,0.0,0,0.0,ROSSO
restauro_mobili,Provincia di Arezzo,10,0,0.0,0,0.0,ROSSO
restauro_mobili,Provincia di Savona,10,0,0.0,0,0.0,ROSSO
restauro_mobili,Provincia di Ravenna,10,0,0.0,0,0.0,ROSSO
restauro_mobili,Provincia di Isernia,10,0,0.0,0,0.0,ROSSO
restauro_mobili,Provincia di Biella,10,0,0.0,0,0.0,ROSSO
restauro_mobili,Provincia di Imperia,10,0,0.0,0,0.0,ROSSO
restauro_mobili,Provincia di Avellino,10,0,0.0,0,0.0,ROSSO
restauro_mobili,Provincia di Asti,10,0,0.0,0,0.0,ROSSO
restauro_mobili,Provincia di Foggia,10,0,0.0,0,0.0,ROSSO
restauro_mobili,Provincia di Ascoli Piceno,10,0,0.0,0,0.0,ROSSO
restauro_mobili,Provincia di Lodi,10,0,0.0,0,0.0,ROSSO
restauro_mobili,Provincia di Siena,10,0,0.0,0,0.0,ROSSO
restauro_mobili,Città metropolitana di Reggio Calabria,10,0,0.0,0,0.0,ROSSO
restauro_mobili,Provincia di Carbonia-Iglesias,10,0,0.0,0,0.0,ROSSO
restauro_mobili,Provincia di Campobasso,10,0,0.0,0,0.0,ROSSO
restauro_mobili,Provincia di Pordenone,10,0,0.0,0,0.0,ROSSO
restauro_mobili,Provincia di Alessandria,10,0,0.0,0,0.0,ROSSO
restauro_strumenti,Città metropolitana di Milano,200,0.41,0.5,0,0.3,ROSSO
restauro_strumenti,Città metropolitana di Roma Capitale,60,0,0.1,0,0.1,ROSSO
restauro_strumenti,Città Metropolitana di Torino,30,0,0.1,0,0.0,ROSSO
restauro_strumenti,Provincia di Isernia,10,0,0.0,0,0.0,ROSSO
restauro_strumenti,Provincia di Ravenna,10,0,0.0,0,0.0,ROSSO
restauro_strumenti,Provincia di Vibo Valentia,10,0,0.0,0,0.0,ROSSO
restauro_strumenti,Provincia di Livorno,10,0,0.0,0,0.0,ROSSO
restauro_strumenti,Provincia di Chieti,10,0,0.0,0,0.0,ROSSO
restauro_strumenti,Provincia della Spezia,10,0,0.0,0,0.0,ROSSO
restauro_strumenti,Provincia di Fermo,10,0,0.0,0,0.0,ROSSO
restauro_strumenti,Provincia di Avellino,10,0,0.0,0,0.0,ROSSO
restauro_strumenti,Provincia di Rovigo,10,0,0.0,0,0.0,ROSSO
restauro_strumenti,Provincia di Lecco,10,0,0.0,0,0.0,ROSSO
restauro_strumenti,Provincia di Imperia,10,0,0.0,0,0.0,ROSSO
restauro_strumenti,Provincia di Catanzaro,10,0,0.0,0,0.0,ROSSO
restauro_strumenti,Provincia di Brescia,10,0,0.0,0,0.0,ROSSO
restauro_strumenti,Provincia di Treviso,10,0,0.0,0,0.0,ROSSO
restauro_strumenti,Provincia di Benevento,10,0,0.0,0,0.0,ROSSO
restauro_strumenti,Provincia di Ancona,10,0,0.0,0,0.0,ROSSO
restauro_strumenti,Provincia di Monza e della Brianza,10,0,0.0,0,0.0,ROSSO
restauro_strumenti,Città Metropolitana di Venezia,10,0,0.0,0,0.0,ROSSO
restauro_strumenti,Provincia di Rimini,10,0,0.0,0,0.0,ROSSO
restauro_strumenti,Provincia di Lucca,10,0,0.0,0,0.0,ROSSO
restauro_strumenti,Provincia di Rieti,10,0,0.0,0,0.0,ROSSO
restauro_strumenti,Provincia di Prato,10,0,0.0,0,0.0,ROSSO
restauro_strumenti,Provincia di Perugia,10,0,0.0,0,0.0,ROSSO
restauro_strumenti,Provincia di Terni,10,0,0.0,0,0.0,ROSSO
restauro_strumenti,Provincia di Varese,10,0,0.0,0,0.0,ROSSO
restauro_strumenti,Provincia di Vercelli,10,0,0.0,0,0.0,ROSSO
restauro_strumenti,Provincia autonoma di Bolzano - Alto Adige,10,0,0.0,0,0.0,ROSSO
restauro_strumenti,Provincia di Pistoia,10,0,0.0,0,0.0,ROSSO
restauro_strumenti,Provincia di Taranto,10,0,0.0,0,0.0,ROSSO
restauro_strumenti,Città Metropolitana di Firenze,10,0,0.0,0,0.0,ROSSO
restauro_strumenti,Provincia di Pescara,10,0,0.0,0,0.0,ROSSO
restauro_strumenti,Provincia di Brindisi,10,0,0.0,0,0.0,ROSSO
restauro_strumenti,Città metropolitana di Sassari,10,0,0.0,0,0.0,ROSSO
restauro_strumenti,Città Metropolitana di Bologna,10,0,0.0,0,0.0,ROSSO
restauro_strumenti,Provincia di Massa e Carrara,10,0,0.0,0,0.0,ROSSO
restauro_strumenti,Provincia di Lecce,10,0,0.0,0,0.0,ROSSO
restauro_strumenti,Provincia di Gorizia,10,0,0.0,0,0.0,ROSSO
restauro_strumenti,Provincia di Teramo,10,0,0.0,0,0.0,ROSSO
restauro_strumenti,Città Metropolitana di Bari,10,0,0.0,0,0.0,ROSSO
restauro_strumenti,Provincia di Reggio Emilia,10,0,0.0,0,0.0,ROSSO
restauro_strumenti,Provincia di Campobasso,10,0,0.0,0,0.0,ROSSO
restauro_strumenti,Città metropolitana di Messina,10,0,0.0,0,0.0,ROSSO
restauro_strumenti,Città metropolitana di Reggio Calabria,10,0,0.0,0,0.0,ROSSO
restauro_strumenti,Città metropolitana di Cagliari,10,0,0.0,0,0.0,ROSSO
restauro_strumenti,Città metropolitana di Palermo,10,0,0.0,0,0.0,ROSSO
restauro_strumenti,Provincia di Verona,10,0,0.0,0,0.0,ROSSO
restauro_strumenti,Città Metropolitana di Napoli,10,0,0.0,0,0.0,ROSSO
restauro_strumenti,Città metropolitana di Catania,10,0,0.0,0,0.0,ROSSO
restauro_strumenti,Provincia di Cremona,10,0,0.0,0,0.0,ROSSO
restauro_strumenti,Provincia di Alessandria,10,0,0.0,0,0.0,ROSSO
restauro_strumenti,Provincia di Nuoro,10,0,0.0,0,0.0,ROSSO
restauro_strumenti,Provincia di Como,10,0,0.0,0,0.0,ROSSO
restauro_strumenti,Provincia di Savona,10,0,0.0,0,0.0,ROSSO
restauro_strumenti,Provincia di Piacenza,10,0,0.0,0,0.0,ROSSO
restauro_strumenti,Provincia di Potenza,10,0,0.0,0,0.0,ROSSO
restauro_strumenti,Provincia di Padova,10,0,0.0,0,0.0,ROSSO
restauro_strumenti,Provincia di Viterbo,10,0,0.0,0,0.0,ROSSO
restauro_strumenti,Provincia di Foggia,10,0,0.0,0,0.0,ROSSO
restauro_strumenti,Provincia di Biella,10,0,0.0,0,0.0,ROSSO
restauro_strumenti,Provincia di Cuneo,10,0,0.0,0,0.0,ROSSO
restauro_strumenti,Provincia di Pordenone,10,0,0.0,0,0.0,ROSSO
restauro_strumenti,Provincia di Parma,10,0,0.0,0,0.0,ROSSO
restauro_strumenti,Provincia di Grosseto,10,0,0.0,0,0.0,ROSSO
restauro_strumenti,Provincia di Forlì-Cesena,10,0,0.0,0,0.0,ROSSO
restauro_strumenti,Provincia di Macerata,10,0,0.0,0,0.0,ROSSO
restauro_strumenti,Provincia di Ferrara,10,0,0.0,0,0.0,ROSSO
restauro_strumenti,Provincia di Caserta,10,0,0.0,0,0.0,ROSSO
restauro_strumenti,Città Metropolitana di Genova,10,0,0.0,0,0.0,ROSSO
restauro_strumenti,Provincia di Oristano,10,0,0.0,0,0.0,ROSSO
restauro_strumenti,Provincia di Ascoli Piceno,10,0,0.0,0,0.0,ROSSO
restauro_strumenti,Provincia di Modena,10,0,0.0,0,0.0,ROSSO
restauro_strumenti,Provincia di Pesaro e Urbino,10,0,0.0,0,0.0,ROSSO
restauro_strumenti,Provincia di Asti,10,0,0.0,0,0.0,ROSSO
restauro_strumenti,Provincia di Barletta-Andria-Trani,10,0,0.0,0,0.0,ROSSO
restauro_strumenti,Provincia di Latina,10,0,0.0,0,0.0,ROSSO
restauro_strumenti,Provincia di Pisa,10,0,0.0,0,0.0,ROSSO
restauro_strumenti,Provincia di Pavia,10,0,0.0,0,0.0,ROSSO
restauro_strumenti,Provincia di Belluno,10,0,0.0,0,0.0,ROSSO
restauro_strumenti,Provincia di Bergamo,10,0,0.0,0,0.0,ROSSO
restauro_strumenti,Provincia dell'Aquila,10,0,0.0,0,0.0,ROSSO
restauro_strumenti,Provincia di Sondrio,10,0,0.0,0,0.0,ROSSO
restauro_strumenti,Provincia di Siena,10,0,0.0,0,0.0,ROSSO
restauro_strumenti,Provincia di Crotone,10,0,0.0,0,0.0,ROSSO
restauro_strumenti,Provincia di Frosinone,10,0,0.0,0,0.0,ROSSO
restauro_strumenti,Provincia di Cosenza,10,0,0.0,0,0.0,ROSSO
restauro_strumenti,Provincia autonoma di Trento,10,0,0.0,0,0.0,ROSSO
restauro_strumenti,Provincia di Mantova,10,0,0.0,0,0.0,ROSSO
restauro_strumenti,Provincia di Trieste,10,0,0.0,0,0.0,ROSSO
restauro_strumenti,Provincia di Salerno,10,0,0.0,0,0.0,ROSSO
restauro_strumenti,Provincia di Lodi,10,0,0.0,0,0.0,ROSSO
restauro_strumenti,Provincia di Arezzo,10,0,0.0,0,0.0,ROSSO
restauro_strumenti,Provincia di Matera,10,0,0.0,0,0.0,ROSSO
restauro_strumenti,Provincia di Novara,10,0,0.0,0,0.0,ROSSO
restauro_strumenti,Provincia di Carbonia-Iglesias,10,0,0.0,0,0.0,ROSSO
restauro_strumenti,Provincia di Vicenza,10,0,0.0,0,0.0,ROSSO
rimessaggio,Città metropolitana di Roma Capitale,500,0.3,1.2,10,0.7,GIALLO
rimessaggio,Città metropolitana di Milano,430,0.4,1.0,10,0.6,GIALLO
rimessaggio,Città Metropolitana di Napoli,210,0.3,0.5,0,0.3,ROSSO
rimessaggio,Città Metropolitana di Venezia,90,0.32,0.2,0,0.1,ROSSO
rimessaggio,Città metropolitana di Palermo,70,0.25,0.2,0,0.1,ROSSO
rimessaggio,Provincia di Salerno,60,0.19,0.1,0,0.1,ROSSO
rimessaggio,Città metropolitana di Cagliari,60,0.27,0.1,0,0.1,ROSSO
rimessaggio,Città Metropolitana di Bari,50,0.39,0.1,0,0.1,ROSSO
rimessaggio,Città Metropolitana di Firenze,50,0.29,0.1,0,0.1,ROSSO
rimessaggio,Città metropolitana di Sassari,50,0.37,0.1,0,0.1,ROSSO
rimessaggio,Città Metropolitana di Bologna,50,0.41,0.1,0,0.1,ROSSO
rimessaggio,Provincia di Chieti,40,0.44,0.1,0,0.1,ROSSO
rimessaggio,Città metropolitana di Catania,40,0.31,0.1,0,0.1,ROSSO
rimessaggio,Provincia di Padova,30,0.24,0.1,0,0.0,ROSSO
rimessaggio,Provincia di Como,30,0,0.1,0,0.0,ROSSO
rimessaggio,Città metropolitana di Reggio Calabria,30,0.23,0.1,0,0.0,ROSSO
rimessaggio,Provincia di Livorno,30,0.49,0.1,0,0.0,ROSSO
rimessaggio,Provincia di Lecce,30,0.34,0.1,0,0.0,ROSSO
rimessaggio,Città Metropolitana di Genova,30,0.27,0.1,0,0.0,ROSSO
rimessaggio,Provincia di Treviso,30,0.39,0.1,0,0.0,ROSSO
rimessaggio,Provincia di Massa e Carrara,20,0.42,0.0,0,0.0,ROSSO
rimessaggio,Provincia di Bergamo,20,0.4,0.0,0,0.0,ROSSO
rimessaggio,Provincia di Nuoro,20,0.4,0.0,0,0.0,ROSSO
rimessaggio,Provincia di Cosenza,20,0.2,0.0,0,0.0,ROSSO
rimessaggio,Provincia di Trieste,20,0.28,0.0,0,0.0,ROSSO
rimessaggio,Città Metropolitana di Torino,20,0.17,0.0,0,0.0,ROSSO
rimessaggio,Provincia di Pordenone,20,0.33,0.0,0,0.0,ROSSO
rimessaggio,Provincia di Vicenza,20,0.2,0.0,0,0.0,ROSSO
rimessaggio,Provincia di Cremona,20,0.48,0.0,0,0.0,ROSSO
rimessaggio,Provincia di Ferrara,20,0.38,0.0,0,0.0,ROSSO
rimessaggio,Provincia di Ancona,20,0.28,0.0,0,0.0,ROSSO
rimessaggio,Provincia di Rimini,20,0.24,0.0,0,0.0,ROSSO
rimessaggio,Provincia di Gorizia,20,0.21,0.0,0,0.0,ROSSO
rimessaggio,Provincia di Lucca,20,0.51,0.0,0,0.0,ROSSO
rimessaggio,Provincia dell'Aquila,20,0.23,0.0,0,0.0,ROSSO
rimessaggio,Provincia di Imperia,20,0.52,0.0,0,0.0,ROSSO
rimessaggio,Provincia di Pisa,20,0.45,0.0,0,0.0,ROSSO
rimessaggio,Città metropolitana di Messina,20,0.21,0.0,0,0.0,ROSSO
rimessaggio,Provincia di Avellino,10,0,0.0,0,0.0,ROSSO
rimessaggio,Provincia di Monza e della Brianza,10,0,0.0,0,0.0,ROSSO
rimessaggio,Provincia di Ascoli Piceno,10,0,0.0,0,0.0,ROSSO
rimessaggio,Provincia di Parma,10,0,0.0,0,0.0,ROSSO
rimessaggio,Provincia di Cuneo,10,0,0.0,0,0.0,ROSSO
rimessaggio,Provincia autonoma di Bolzano - Alto Adige,10,0,0.0,0,0.0,ROSSO
rimessaggio,Provincia di Belluno,10,0,0.0,0,0.0,ROSSO
rimessaggio,Provincia di Modena,10,0,0.0,0,0.0,ROSSO
rimessaggio,Provincia di Sondrio,10,0,0.0,0,0.0,ROSSO
rimessaggio,Provincia di Crotone,10,0,0.0,0,0.0,ROSSO
rimessaggio,Provincia di Savona,10,0,0.0,0,0.0,ROSSO
rimessaggio,Provincia di Mantova,10,0,0.0,0,0.0,ROSSO
rimessaggio,Provincia di Forlì-Cesena,10,0,0.0,0,0.0,ROSSO
rimessaggio,Provincia di Foggia,10,0,0.0,0,0.0,ROSSO
rimessaggio,Provincia di Biella,10,0,0.0,0,0.0,ROSSO
rimessaggio,Provincia di Frosinone,10,0,0.0,0,0.0,ROSSO
rimessaggio,Provincia di Novara,10,0,0.0,0,0.0,ROSSO
rimessaggio,Provincia di Matera,10,0,0.0,0,0.0,ROSSO
rimessaggio,Provincia di Arezzo,10,0,0.0,0,0.0,ROSSO
rimessaggio,Provincia di Potenza,10,0,0.0,0,0.0,ROSSO
rimessaggio,Provincia di Vercelli,10,0,0.0,0,0.0,ROSSO
rimessaggio,Provincia di Viterbo,10,0,0.0,0,0.0,ROSSO
rimessaggio,Provincia di Pavia,10,0,0.0,0,0.0,ROSSO
rimessaggio,Provincia di Brindisi,10,0,0.0,0,0.0,ROSSO
rimessaggio,Provincia di Latina,10,0,0.0,0,0.0,ROSSO
rimessaggio,Provincia di Siena,10,0,0.0,0,0.0,ROSSO
rimessaggio,Provincia di Caserta,10,0,0.0,0,0.0,ROSSO
rimessaggio,Provincia di Catanzaro,10,0,0.0,0,0.0,ROSSO
rimessaggio,Provincia di Fermo,10,0,0.0,0,0.0,ROSSO
rimessaggio,Provincia di Perugia,10,0,0.0,0,0.0,ROSSO
rimessaggio,Provincia di Benevento,10,0,0.0,0,0.0,ROSSO
rimessaggio,Provincia di Taranto,10,0,0.0,0,0.0,ROSSO
rimessaggio,Provincia di Pistoia,10,0,0.0,0,0.0,ROSSO
rimessaggio,Provincia di Grosseto,10,0,0.0,0,0.0,ROSSO
rimessaggio,Provincia di Pescara,10,0,0.0,0,0.0,ROSSO
rimessaggio,Provincia di Lecco,10,0,0.0,0,0.0,ROSSO
rimessaggio,Provincia di Campobasso,10,0,0.0,0,0.0,ROSSO
rimessaggio,Provincia di Carbonia-Iglesias,10,0,0.0,0,0.0,ROSSO
rimessaggio,Provincia di Piacenza,10,0,0.0,0,0.0,ROSSO
rimessaggio,Provincia della Spezia,10,0,0.0,0,0.0,ROSSO
rimessaggio,Provincia autonoma di Trento,10,0,0.0,0,0.0,ROSSO
rimessaggio,Provincia di Oristano,10,0,0.0,0,0.0,ROSSO
rimessaggio,Provincia di Prato,10,0,0.0,0,0.0,ROSSO
rimessaggio,Provincia di Rieti,10,0,0.0,0,0.0,ROSSO
rimessaggio,Provincia di Macerata,10,0,0.0,0,0.0,ROSSO
rimessaggio,Provincia di Vibo Valentia,10,0,0.0,0,0.0,ROSSO
rimessaggio,Provincia di Rovigo,10,0,0.0,0,0.0,ROSSO
rimessaggio,Provincia di Isernia,10,0,0.0,0,0.0,ROSSO
rimessaggio,Provincia di Ravenna,10,0,0.0,0,0.0,ROSSO
rimessaggio,Provincia di Terni,10,0,0.0,0,0.0,ROSSO
rimessaggio,Provincia di Verona,10,0,0.0,0,0.0,ROSSO
rimessaggio,Provincia di Reggio Emilia,10,0,0.0,0,0.0,ROSSO
rimessaggio,Provincia di Lodi,10,0,0.0,0,0.0,ROSSO
rimessaggio,Provincia di Varese,10,0,0.0,0,0.0,ROSSO
rimessaggio,Provincia di Alessandria,10,0,0.0,0,0.0,ROSSO
rimessaggio,Provincia di Brescia,10,0,0.0,0,0.0,ROSSO
rimessaggio,Provincia di Asti,10,0,0.0,0,0.0,ROSSO
rimessaggio,Provincia di Barletta-Andria-Trani,10,0,0.0,0,0.0,ROSSO
rimessaggio,Provincia di Teramo,10,0,0.0,0,0.0,ROSSO
rimessaggio,Provincia di Pesaro e Urbino,10,0,0.0,0,0.0,ROSSO
ristrutturazione_bagno,Città metropolitana di Milano,3710,1.62,8.7,10,5.2,VERDE
ristrutturazione_bagno,Città metropolitana di Roma Capitale,1900,1.42,4.4,10,2.7,VERDE
ristrutturazione_bagno,Città Metropolitana di Torino,970,1.82,2.3,10,1.4,VERDE
ristrutturazione_bagno,Città Metropolitana di Bologna,540,1.86,1.3,10,0.8,GIALLO
ristrutturazione_bagno,Città Metropolitana di Napoli,530,1.82,1.2,10,0.7,GIALLO
ristrutturazione_bagno,Provincia di Brescia,420,1.56,1.0,10,0.6,GIALLO
ristrutturazione_bagno,Provincia di Bergamo,390,1.53,0.9,0,0.5,ROSSO
ristrutturazione_bagno,Provincia di Monza e della Brianza,370,1.87,0.9,0,0.5,ROSSO
ristrutturazione_bagno,Città Metropolitana di Firenze,360,1.67,0.8,0,0.5,ROSSO
ristrutturazione_bagno,Provincia di Padova,350,2.45,0.8,0,0.5,ROSSO
ristrutturazione_bagno,Provincia di Varese,320,2.17,0.7,0,0.4,ROSSO
ristrutturazione_bagno,Provincia di Vicenza,290,1.51,0.7,0,0.4,ROSSO
ristrutturazione_bagno,Città Metropolitana di Bari,280,1.49,0.7,0,0.4,ROSSO
ristrutturazione_bagno,Provincia di Verona,280,1.75,0.7,0,0.4,ROSSO
ristrutturazione_bagno,Città metropolitana di Palermo,250,2.05,0.6,0,0.4,ROSSO
ristrutturazione_bagno,Città Metropolitana di Genova,240,1.21,0.6,0,0.3,ROSSO
ristrutturazione_bagno,Città Metropolitana di Venezia,240,1.18,0.6,0,0.3,ROSSO
ristrutturazione_bagno,Provincia di Como,210,1.71,0.5,0,0.3,ROSSO
ristrutturazione_bagno,Città metropolitana di Cagliari,210,2.05,0.5,0,0.3,ROSSO
ristrutturazione_bagno,Provincia di Modena,210,1.41,0.5,0,0.3,ROSSO
ristrutturazione_bagno,Provincia di Treviso,190,1.22,0.4,0,0.3,ROSSO
ristrutturazione_bagno,Città metropolitana di Catania,180,1.26,0.4,0,0.3,ROSSO
ristrutturazione_bagno,Provincia di Cuneo,150,1.33,0.4,0,0.2,ROSSO
ristrutturazione_bagno,Provincia di Pavia,150,1.41,0.4,0,0.2,ROSSO
ristrutturazione_bagno,Provincia di Reggio Emilia,150,1.63,0.4,0,0.2,ROSSO
ristrutturazione_bagno,Provincia di Novara,140,1.48,0.3,0,0.2,ROSSO
ristrutturazione_bagno,Provincia di Salerno,140,1.32,0.3,0,0.2,ROSSO
ristrutturazione_bagno,Provincia di Parma,130,1.62,0.3,0,0.2,ROSSO
ristrutturazione_bagno,Provincia di Cremona,130,1.5,0.3,0,0.2,ROSSO
ristrutturazione_bagno,Provincia autonoma di Trento,130,1.24,0.3,0,0.2,ROSSO
ristrutturazione_bagno,Provincia di Perugia,120,1.01,0.3,0,0.2,ROSSO
ristrutturazione_bagno,Provincia di Pescara,120,2.26,0.3,0,0.2,ROSSO
ristrutturazione_bagno,Provincia di Lecco,120,1.48,0.3,0,0.2,ROSSO
ristrutturazione_bagno,Provincia di Ancona,120,1.49,0.3,0,0.2,ROSSO
ristrutturazione_bagno,Provincia di Mantova,110,1.55,0.3,0,0.2,ROSSO
ristrutturazione_bagno,Provincia di Trieste,110,1.58,0.3,0,0.2,ROSSO
ristrutturazione_bagno,Provincia di Caserta,110,1.22,0.3,0,0.2,ROSSO
ristrutturazione_bagno,Provincia di Alessandria,90,1.23,0.2,0,0.1,ROSSO
ristrutturazione_bagno,Provincia di Ravenna,90,1.44,0.2,0,0.1,ROSSO
ristrutturazione_bagno,Provincia di Pisa,90,1.85,0.2,0,0.1,ROSSO
ristrutturazione_bagno,Provincia di Lecce,90,1.56,0.2,0,0.1,ROSSO
ristrutturazione_bagno,Provincia di Rimini,90,1.35,0.2,0,0.1,ROSSO
ristrutturazione_bagno,Provincia di Ferrara,90,1.36,0.2,0,0.1,ROSSO
ristrutturazione_bagno,Provincia di Taranto,80,1.21,0.2,0,0.1,ROSSO
ristrutturazione_bagno,Provincia di Latina,80,0.97,0.2,0,0.1,ROSSO
ristrutturazione_bagno,Provincia della Spezia,80,1.73,0.2,0,0.1,ROSSO
ristrutturazione_bagno,Provincia di Foggia,80,1.46,0.2,0,0.1,ROSSO
ristrutturazione_bagno,Provincia di Pesaro e Urbino,80,1.67,0.2,0,0.1,ROSSO
ristrutturazione_bagno,Provincia di Arezzo,70,1.08,0.2,0,0.1,ROSSO
ristrutturazione_bagno,Provincia di Lodi,70,1.58,0.2,0,0.1,ROSSO
ristrutturazione_bagno,Provincia di Livorno,70,1.15,0.2,0,0.1,ROSSO
ristrutturazione_bagno,Provincia di Piacenza,70,1.33,0.2,0,0.1,ROSSO
ristrutturazione_bagno,Provincia di Siena,70,1.46,0.2,0,0.1,ROSSO
ristrutturazione_bagno,Provincia di Barletta-Andria-Trani,70,1.35,0.2,0,0.1,ROSSO
ristrutturazione_bagno,Città metropolitana di Sassari,70,1.12,0.2,0,0.1,ROSSO
ristrutturazione_bagno,Provincia di Forlì-Cesena,70,1.1,0.2,0,0.1,ROSSO
ristrutturazione_bagno,Provincia di Sondrio,70,1.18,0.2,0,0.1,ROSSO
ristrutturazione_bagno,Provincia di Pordenone,70,1.45,0.2,0,0.1,ROSSO
ristrutturazione_bagno,Provincia di Cosenza,70,1.26,0.2,0,0.1,ROSSO
ristrutturazione_bagno,Provincia di Prato,70,1.44,0.2,0,0.1,ROSSO
ristrutturazione_bagno,Provincia di Lucca,70,1.4,0.2,0,0.1,ROSSO
ristrutturazione_bagno,Provincia di Avellino,70,1.31,0.2,0,0.1,ROSSO
ristrutturazione_bagno,Provincia di Grosseto,60,1.76,0.1,0,0.1,ROSSO
ristrutturazione_bagno,Provincia di Savona,60,2.07,0.1,0,0.1,ROSSO
ristrutturazione_bagno,Provincia autonoma di Bolzano - Alto Adige,60,1.8,0.1,0,0.1,ROSSO
ristrutturazione_bagno,Provincia di Massa e Carrara,60,1.36,0.1,0,0.1,ROSSO
ristrutturazione_bagno,Provincia di Belluno,60,1.83,0.1,0,0.1,ROSSO
ristrutturazione_bagno,Città metropolitana di Messina,60,0.81,0.1,0,0.1,ROSSO
ristrutturazione_bagno,Provincia di Terni,60,1.09,0.1,0,0.1,ROSSO
ristrutturazione_bagno,Provincia di Potenza,60,1.21,0.1,0,0.1,ROSSO
ristrutturazione_bagno,Provincia di Frosinone,60,1.04,0.1,0,0.1,ROSSO
ristrutturazione_bagno,Provincia di Chieti,60,1.43,0.1,0,0.1,ROSSO
ristrutturazione_bagno,Provincia dell'Aquila,50,1.04,0.1,0,0.1,ROSSO
ristrutturazione_bagno,Provincia di Imperia,50,1.29,0.1,0,0.1,ROSSO
ristrutturazione_bagno,Provincia di Asti,50,1.3,0.1,0,0.1,ROSSO
ristrutturazione_bagno,Provincia di Teramo,50,1.26,0.1,0,0.1,ROSSO
ristrutturazione_bagno,Provincia di Vercelli,50,1.45,0.1,0,0.1,ROSSO
ristrutturazione_bagno,Provincia di Brindisi,50,1.34,0.1,0,0.1,ROSSO
ristrutturazione_bagno,Provincia di Pistoia,40,1.21,0.1,0,0.1,ROSSO
ristrutturazione_bagno,Provincia di Biella,40,1.32,0.1,0,0.1,ROSSO
ristrutturazione_bagno,Provincia di Fermo,40,1.13,0.1,0,0.1,ROSSO
ristrutturazione_bagno,Città metropolitana di Reggio Calabria,40,0.97,0.1,0,0.1,ROSSO
ristrutturazione_bagno,Provincia di Campobasso,40,1.31,0.1,0,0.1,ROSSO
ristrutturazione_bagno,Provincia di Rieti,40,1.16,0.1,0,0.1,ROSSO
ristrutturazione_bagno,Provincia di Ascoli Piceno,40,1.58,0.1,0,0.1,ROSSO
ristrutturazione_bagno,Provincia di Rovigo,40,1.39,0.1,0,0.1,ROSSO
ristrutturazione_bagno,Provincia di Viterbo,40,1.03,0.1,0,0.1,ROSSO
ristrutturazione_bagno,Provincia di Benevento,30,1.31,0.1,0,0.0,ROSSO
ristrutturazione_bagno,Provincia di Catanzaro,30,1.97,0.1,0,0.0,ROSSO
ristrutturazione_bagno,Provincia di Gorizia,30,0.64,0.1,0,0.0,ROSSO
ristrutturazione_bagno,Provincia di Nuoro,30,0.85,0.1,0,0.0,ROSSO
ristrutturazione_bagno,Provincia di Macerata,30,0.83,0.1,0,0.0,ROSSO
ristrutturazione_bagno,Provincia di Oristano,20,1.19,0.0,0,0.0,ROSSO
ristrutturazione_bagno,Provincia di Carbonia-Iglesias,20,1.17,0.0,0,0.0,ROSSO
ristrutturazione_bagno,Provincia di Vibo Valentia,10,0,0.0,0,0.0,ROSSO
ristrutturazione_bagno,Provincia di Matera,10,0,0.0,0,0.0,ROSSO
ristrutturazione_bagno,Provincia di Isernia,10,0,0.0,0,0.0,ROSSO
ristrutturazione_bagno,Provincia di Crotone,10,0,0.0,0,0.0,ROSSO
sartoria,Città metropolitana di Milano,1960,0.93,4.6,10,2.7,VERDE
sartoria,Città metropolitana di Roma Capitale,1810,0.62,4.2,10,2.5,VERDE
sartoria,Città Metropolitana di Napoli,960,0.69,2.2,10,1.3,VERDE
sartoria,Città Metropolitana di Torino,380,0.52,0.9,0,0.5,ROSSO
sartoria,Città Metropolitana di Bologna,130,0.56,0.3,0,0.2,ROSSO
sartoria,Città Metropolitana di Firenze,130,0.78,0.3,0,0.2,ROSSO
sartoria,Città Metropolitana di Bari,110,0.72,0.3,0,0.2,ROSSO
sartoria,Provincia di Caserta,100,1.09,0.2,0,0.1,ROSSO
sartoria,Provincia di Salerno,100,0.53,0.2,0,0.1,ROSSO
sartoria,Provincia di Brescia,80,0.84,0.2,0,0.1,ROSSO
sartoria,Città metropolitana di Palermo,70,0.47,0.2,0,0.1,ROSSO
sartoria,Provincia di Bergamo,70,0.81,0.2,0,0.1,ROSSO
sartoria,Provincia di Modena,60,0.92,0.1,0,0.1,ROSSO
sartoria,Città metropolitana di Catania,60,0.53,0.1,0,0.1,ROSSO
sartoria,Provincia di Varese,60,0.85,0.1,0,0.1,ROSSO
sartoria,Provincia di Verona,60,0.9,0.1,0,0.1,ROSSO
sartoria,Provincia di Avellino,50,0.31,0.1,0,0.1,ROSSO
sartoria,Provincia di Padova,40,0.88,0.1,0,0.1,ROSSO
sartoria,Città Metropolitana di Venezia,40,0.67,0.1,0,0.1,ROSSO
sartoria,Provincia di Monza e della Brianza,40,0.93,0.1,0,0.1,ROSSO
sartoria,Provincia di Pavia,30,0,0.1,0,0.0,ROSSO
sartoria,Provincia di Como,30,1.07,0.1,0,0.0,ROSSO
sartoria,Provincia di Barletta-Andria-Trani,30,0,0.1,0,0.0,ROSSO
sartoria,Città Metropolitana di Genova,30,0.99,0.1,0,0.0,ROSSO
sartoria,Provincia di Frosinone,30,0,0.1,0,0.0,ROSSO
sartoria,Città metropolitana di Cagliari,20,0.78,0.0,0,0.0,ROSSO
sartoria,Città metropolitana di Sassari,20,0.39,0.0,0,0.0,ROSSO
sartoria,Provincia della Spezia,20,0.92,0.0,0,0.0,ROSSO
sartoria,Provincia di Forlì-Cesena,20,0.61,0.0,0,0.0,ROSSO
sartoria,Provincia di Parma,20,0.61,0.0,0,0.0,ROSSO
sartoria,Provincia autonoma di Trento,20,0.64,0.0,0,0.0,ROSSO
sartoria,Provincia di Lodi,20,0.93,0.0,0,0.0,ROSSO
sartoria,Provincia di Cosenza,20,0.48,0.0,0,0.0,ROSSO
sartoria,Provincia di Mantova,20,8.45,0.0,0,0.0,ROSSO
sartoria,Provincia di Trieste,20,0.86,0.0,0,0.0,ROSSO
sartoria,Provincia di Vicenza,20,0.32,0.0,0,0.0,ROSSO
sartoria,Provincia di Rimini,20,0.65,0.0,0,0.0,ROSSO
sartoria,Provincia di Reggio Emilia,20,0.65,0.0,0,0.0,ROSSO
sartoria,Provincia di Pesaro e Urbino,10,0,0.0,0,0.0,ROSSO
sartoria,Provincia di Cremona,10,0,0.0,0,0.0,ROSSO
sartoria,Provincia di Foggia,10,0,0.0,0,0.0,ROSSO
sartoria,Provincia di Biella,10,0,0.0,0,0.0,ROSSO
sartoria,Provincia di Grosseto,10,0,0.0,0,0.0,ROSSO
sartoria,Provincia di Ascoli Piceno,10,0,0.0,0,0.0,ROSSO
sartoria,Provincia di Potenza,10,0,0.0,0,0.0,ROSSO
sartoria,Provincia di Viterbo,10,0,0.0,0,0.0,ROSSO
sartoria,Provincia di Savona,10,0,0.0,0,0.0,ROSSO
sartoria,Provincia di Piacenza,10,0,0.0,0,0.0,ROSSO
sartoria,Provincia di Catanzaro,10,0,0.0,0,0.0,ROSSO
sartoria,Provincia di Oristano,10,0,0.0,0,0.0,ROSSO
sartoria,Provincia di Siena,10,0,0.0,0,0.0,ROSSO
sartoria,Provincia di Benevento,10,0,0.0,0,0.0,ROSSO
sartoria,Provincia di Ferrara,10,0,0.0,0,0.0,ROSSO
sartoria,Provincia di Macerata,10,0,0.0,0,0.0,ROSSO
sartoria,Provincia di Carbonia-Iglesias,10,0,0.0,0,0.0,ROSSO
sartoria,Città metropolitana di Messina,10,0,0.0,0,0.0,ROSSO
sartoria,Provincia di Nuoro,10,0,0.0,0,0.0,ROSSO
sartoria,Provincia dell'Aquila,10,0,0.0,0,0.0,ROSSO
sartoria,Provincia di Cuneo,10,0,0.0,0,0.0,ROSSO
sartoria,Provincia di Latina,10,0,0.0,0,0.0,ROSSO
sartoria,Provincia di Belluno,10,0,0.0,0,0.0,ROSSO
sartoria,Provincia di Asti,10,0,0.0,0,0.0,ROSSO
sartoria,Provincia di Pisa,10,0,0.0,0,0.0,ROSSO
sartoria,Provincia di Sondrio,10,0,0.0,0,0.0,ROSSO
sartoria,Provincia di Arezzo,10,0,0.0,0,0.0,ROSSO
sartoria,Provincia di Matera,10,0,0.0,0,0.0,ROSSO
sartoria,Provincia di Crotone,10,0,0.0,0,0.0,ROSSO
sartoria,Provincia di Novara,10,0,0.0,0,0.0,ROSSO
sartoria,Provincia di Isernia,10,0,0.0,0,0.0,ROSSO
sartoria,Provincia di Ravenna,10,0,0.0,0,0.0,ROSSO
sartoria,Provincia autonoma di Bolzano - Alto Adige,10,0,0.0,0,0.0,ROSSO
sartoria,Provincia di Livorno,10,0,0.0,0,0.0,ROSSO
sartoria,Provincia di Alessandria,10,0,0.0,0,0.0,ROSSO
sartoria,Città metropolitana di Reggio Calabria,10,0,0.0,0,0.0,ROSSO
sartoria,Provincia di Rovigo,10,0,0.0,0,0.0,ROSSO
sartoria,Provincia di Terni,10,0,0.0,0,0.0,ROSSO
sartoria,Provincia di Lecce,10,0,0.0,0,0.0,ROSSO
sartoria,Provincia di Chieti,10,0,0.0,0,0.0,ROSSO
sartoria,Provincia di Pordenone,10,0,0.0,0,0.0,ROSSO
sartoria,Provincia di Imperia,10,0,0.0,0,0.0,ROSSO
sartoria,Provincia di Treviso,10,0,0.0,0,0.0,ROSSO
sartoria,Provincia di Vibo Valentia,10,0,0.0,0,0.0,ROSSO
sartoria,Provincia di Ancona,10,0,0.0,0,0.0,ROSSO
sartoria,Provincia di Perugia,10,0,0.0,0,0.0,ROSSO
sartoria,Provincia di Pistoia,10,0,0.0,0,0.0,ROSSO
sartoria,Provincia di Taranto,10,0,0.0,0,0.0,ROSSO
sartoria,Provincia di Teramo,10,0,0.0,0,0.0,ROSSO
sartoria,Provincia di Pescara,10,0,0.0,0,0.0,ROSSO
sartoria,Provincia di Lecco,10,0,0.0,0,0.0,ROSSO
sartoria,Provincia di Campobasso,10,0,0.0,0,0.0,ROSSO
sartoria,Provincia di Vercelli,10,0,0.0,0,0.0,ROSSO
sartoria,Provincia di Fermo,10,0,0.0,0,0.0,ROSSO
sartoria,Provincia di Gorizia,10,0,0.0,0,0.0,ROSSO
sartoria,Provincia di Brindisi,10,0,0.0,0,0.0,ROSSO
sartoria,Provincia di Massa e Carrara,10,0,0.0,0,0.0,ROSSO
sartoria,Provincia di Prato,10,0,0.0,0,0.0,ROSSO
sartoria,Provincia di Rieti,10,0,0.0,0,0.0,ROSSO
sartoria,Provincia di Lucca,10,0,0.0,0,0.0,ROSSO
saune_wellness,Città metropolitana di Milano,2940,0.95,6.9,10,4.1,VERDE
saune_wellness,Città metropolitana di Roma Capitale,1120,0.74,2.6,10,1.6,VERDE
saune_wellness,Provincia di Verona,550,1.06,1.3,10,0.8,GIALLO
saune_wellness,Città Metropolitana di Torino,470,1.29,1.1,10,0.7,GIALLO
saune_wellness,Città Metropolitana di Bologna,400,0.7,0.9,0,0.6,ROSSO
saune_wellness,Provincia di Brescia,370,1.03,0.9,0,0.5,ROSSO
saune_wellness,Città Metropolitana di Napoli,330,1.81,0.8,0,0.5,ROSSO
saune_wellness,Provincia di Bergamo,320,0.86,0.7,0,0.4,ROSSO
saune_wellness,Provincia autonoma di Trento,290,1.0,0.7,0,0.4,ROSSO
saune_wellness,Provincia di Vicenza,250,0.88,0.6,0,0.4,ROSSO
saune_wellness,Città Metropolitana di Firenze,250,0.92,0.6,0,0.4,ROSSO
saune_wellness,Provincia di Treviso,230,0.87,0.5,0,0.3,ROSSO
saune_wellness,Provincia di Padova,220,1.03,0.5,0,0.3,ROSSO
saune_wellness,Città Metropolitana di Venezia,200,1.05,0.5,0,0.3,ROSSO
saune_wellness,Provincia autonoma di Bolzano - Alto Adige,190,1.4,0.4,0,0.3,ROSSO
saune_wellness,Provincia di Varese,190,0.9,0.4,0,0.3,ROSSO
saune_wellness,Città Metropolitana di Bari,160,0.62,0.4,0,0.2,ROSSO
saune_wellness,Provincia di Cuneo,140,0.94,0.3,0,0.2,ROSSO
saune_wellness,Provincia di Monza e della Brianza,130,0.8,0.3,0,0.2,ROSSO
saune_wellness,Città metropolitana di Palermo,130,0.55,0.3,0,0.2,ROSSO
saune_wellness,Città Metropolitana di Genova,110,0.85,0.3,0,0.2,ROSSO
saune_wellness,Provincia di Novara,110,1.39,0.3,0,0.2,ROSSO
saune_wellness,Città metropolitana di Catania,110,0.63,0.3,0,0.2,ROSSO
saune_wellness,Provincia di Modena,110,0.57,0.3,0,0.2,ROSSO
saune_wellness,Provincia di Salerno,100,0.67,0.2,0,0.1,ROSSO
saune_wellness,Provincia di Trieste,100,0.99,0.2,0,0.1,ROSSO
saune_wellness,Provincia di Sondrio,80,0.73,0.2,0,0.1,ROSSO
saune_wellness,Provincia di Como,80,1.06,0.2,0,0.1,ROSSO
saune_wellness,Provincia di Ancona,70,0.61,0.2,0,0.1,ROSSO
saune_wellness,Città metropolitana di Cagliari,70,0.65,0.2,0,0.1,ROSSO
saune_wellness,Provincia di Lecco,70,1.1,0.2,0,0.1,ROSSO
saune_wellness,Provincia di Lucca,70,0.9,0.2,0,0.1,ROSSO
saune_wellness,Provincia di Reggio Emilia,70,1.45,0.2,0,0.1,ROSSO
saune_wellness,Provincia di Perugia,70,0.79,0.2,0,0.1,ROSSO
saune_wellness,Provincia di Pescara,70,0.32,0.2,0,0.1,ROSSO
saune_wellness,Provincia di Parma,60,2.49,0.1,0,0.1,ROSSO
saune_wellness,Provincia di Caserta,60,0.4,0.1,0,0.1,ROSSO
saune_wellness,Provincia di Pordenone,60,0.83,0.1,0,0.1,ROSSO
saune_wellness,Provincia di Piacenza,50,1.33,0.1,0,0.1,ROSSO
saune_wellness,Provincia di Mantova,50,1.85,0.1,0,0.1,ROSSO
saune_wellness,Provincia di Belluno,50,1.12,0.1,0,0.1,ROSSO
saune_wellness,Provincia di Rimini,50,0.69,0.1,0,0.1,ROSSO
saune_wellness,Provincia di Pavia,50,0.93,0.1,0,0.1,ROSSO
saune_wellness,Provincia di Alessandria,50,1.54,0.1,0,0.1,ROSSO
saune_wellness,Provincia di Macerata,40,0.6,0.1,0,0.1,ROSSO
saune_wellness,Provincia di Pesaro e Urbino,40,0.55,0.1,0,0.1,ROSSO
saune_wellness,Provincia di Forlì-Cesena,40,1.38,0.1,0,0.1,ROSSO
saune_wellness,Provincia della Spezia,40,0.96,0.1,0,0.1,ROSSO
saune_wellness,Provincia di Siena,40,1.85,0.1,0,0.1,ROSSO
saune_wellness,Provincia di Arezzo,40,0.66,0.1,0,0.1,ROSSO
saune_wellness,Provincia di Gorizia,40,1.56,0.1,0,0.1,ROSSO
saune_wellness,Provincia di Lodi,40,0.7,0.1,0,0.1,ROSSO
saune_wellness,Provincia di Latina,40,0.68,0.1,0,0.1,ROSSO
saune_wellness,Provincia di Lecce,40,0.47,0.1,0,0.1,ROSSO
saune_wellness,Provincia di Livorno,40,0.82,0.1,0,0.1,ROSSO
saune_wellness,Provincia di Ravenna,40,1.28,0.1,0,0.1,ROSSO
saune_wellness,Provincia di Viterbo,30,0.56,0.1,0,0.0,ROSSO
saune_wellness,Provincia di Potenza,30,0,0.1,0,0.0,ROSSO
saune_wellness,Provincia di Ascoli Piceno,30,0.57,0.1,0,0.0,ROSSO
saune_wellness,Provincia di Cremona,30,3.03,0.1,0,0.0,ROSSO
saune_wellness,Provincia di Chieti,30,0.67,0.1,0,0.0,ROSSO
saune_wellness,Provincia di Frosinone,30,0.6,0.1,0,0.0,ROSSO
saune_wellness,Provincia di Pisa,30,0.57,0.1,0,0.0,ROSSO
saune_wellness,Provincia di Rieti,30,0.49,0.1,0,0.0,ROSSO
saune_wellness,Città metropolitana di Sassari,30,0.75,0.1,0,0.0,ROSSO
saune_wellness,Provincia di Brindisi,30,0.47,0.1,0,0.0,ROSSO
saune_wellness,Provincia di Savona,30,0.45,0.1,0,0.0,ROSSO
saune_wellness,Provincia di Grosseto,20,0.68,0.0,0,0.0,ROSSO
saune_wellness,Provincia di Teramo,20,0.62,0.0,0,0.0,ROSSO
saune_wellness,Città metropolitana di Reggio Calabria,20,1.04,0.0,0,0.0,ROSSO
saune_wellness,Provincia dell'Aquila,20,0.7,0.0,0,0.0,ROSSO
saune_wellness,Provincia di Ferrara,20,1.36,0.0,0,0.0,ROSSO
saune_wellness,Provincia di Asti,20,1.26,0.0,0,0.0,ROSSO
saune_wellness,Provincia di Prato,20,1.66,0.0,0,0.0,ROSSO
saune_wellness,Provincia di Pistoia,20,0.78,0.0,0,0.0,ROSSO
saune_wellness,Provincia di Vercelli,20,0.93,0.0,0,0.0,ROSSO
saune_wellness,Provincia di Biella,20,0.48,0.0,0,0.0,ROSSO
saune_wellness,Provincia di Isernia,20,0.57,0.0,0,0.0,ROSSO
saune_wellness,Provincia di Crotone,10,0,0.0,0,0.0,ROSSO
saune_wellness,Provincia di Nuoro,10,0,0.0,0,0.0,ROSSO
saune_wellness,Provincia di Cosenza,10,0,0.0,0,0.0,ROSSO
saune_wellness,Provincia di Oristano,10,0,0.0,0,0.0,ROSSO
saune_wellness,Provincia di Carbonia-Iglesias,10,0,0.0,0,0.0,ROSSO
saune_wellness,Provincia di Catanzaro,10,0,0.0,0,0.0,ROSSO
saune_wellness,Provincia di Benevento,10,0,0.0,0,0.0,ROSSO
saune_wellness,Provincia di Rovigo,10,0,0.0,0,0.0,ROSSO
saune_wellness,Provincia di Barletta-Andria-Trani,10,0,0.0,0,0.0,ROSSO
saune_wellness,Provincia di Fermo,10,0,0.0,0,0.0,ROSSO
saune_wellness,Provincia di Matera,10,0,0.0,0,0.0,ROSSO
saune_wellness,Città metropolitana di Messina,10,0,0.0,0,0.0,ROSSO
saune_wellness,Provincia di Avellino,10,0,0.0,0,0.0,ROSSO
saune_wellness,Provincia di Taranto,10,0,0.0,0,0.0,ROSSO
saune_wellness,Provincia di Campobasso,10,0,0.0,0,0.0,ROSSO
saune_wellness,Provincia di Vibo Valentia,10,0,0.0,0,0.0,ROSSO
saune_wellness,Provincia di Massa e Carrara,10,0,0.0,0,0.0,ROSSO
saune_wellness,Provincia di Terni,10,0,0.0,0,0.0,ROSSO
saune_wellness,Provincia di Imperia,10,0,0.0,0,0.0,ROSSO
saune_wellness,Provincia di Foggia,10,0,0.0,0,0.0,ROSSO
scale_soppalchi,Città metropolitana di Milano,770,0.94,1.8,10,1.1,GIALLO
scale_soppalchi,Città metropolitana di Roma Capitale,330,0.6,0.8,0,0.5,ROSSO
scale_soppalchi,Città Metropolitana di Napoli,150,0.41,0.4,0,0.2,ROSSO
scale_soppalchi,Città Metropolitana di Torino,90,2.74,0.2,0,0.1,ROSSO
scale_soppalchi,Provincia di Brescia,90,0.8,0.2,0,0.1,ROSSO
scale_soppalchi,Città Metropolitana di Bologna,80,0.55,0.2,0,0.1,ROSSO
scale_soppalchi,Città Metropolitana di Bari,80,0,0.2,0,0.1,ROSSO
scale_soppalchi,Provincia di Padova,60,2.26,0.1,0,0.1,ROSSO
scale_soppalchi,Città Metropolitana di Firenze,60,1.29,0.1,0,0.1,ROSSO
scale_soppalchi,Provincia di Como,50,0.08,0.1,0,0.1,ROSSO
scale_soppalchi,Provincia di Piacenza,50,0.01,0.1,0,0.1,ROSSO
scale_soppalchi,Provincia di Bergamo,50,0.49,0.1,0,0.1,ROSSO
scale_soppalchi,Città Metropolitana di Venezia,50,2.1,0.1,0,0.1,ROSSO
scale_soppalchi,Città metropolitana di Palermo,50,0,0.1,0,0.1,ROSSO
scale_soppalchi,Città metropolitana di Catania,50,0,0.1,0,0.1,ROSSO
scale_soppalchi,Provincia di Monza e della Brianza,40,1.25,0.1,0,0.1,ROSSO
scale_soppalchi,Provincia di Varese,40,0.67,0.1,0,0.1,ROSSO
scale_soppalchi,Città metropolitana di Cagliari,40,0.56,0.1,0,0.1,ROSSO
scale_soppalchi,Provincia di Vicenza,40,0,0.1,0,0.1,ROSSO
scale_soppalchi,Provincia di Salerno,40,0,0.1,0,0.1,ROSSO
scale_soppalchi,Provincia di Verona,40,1.91,0.1,0,0.1,ROSSO
scale_soppalchi,Provincia di Caserta,40,0,0.1,0,0.1,ROSSO
scale_soppalchi,Provincia di Pescara,30,0,0.1,0,0.0,ROSSO
scale_soppalchi,Provincia di Cuneo,30,0,0.1,0,0.0,ROSSO
scale_soppalchi,Provincia autonoma di Trento,30,0,0.1,0,0.0,ROSSO
scale_soppalchi,Provincia di Treviso,30,0,0.1,0,0.0,ROSSO
scale_soppalchi,Provincia di Modena,30,0,0.1,0,0.0,ROSSO
scale_soppalchi,Provincia di Grosseto,30,0,0.1,0,0.0,ROSSO
scale_soppalchi,Provincia di Lecce,30,1.51,0.1,0,0.0,ROSSO
scale_soppalchi,Provincia di Ancona,30,0,0.1,0,0.0,ROSSO
scale_soppalchi,Provincia di Rimini,30,0.75,0.1,0,0.0,ROSSO
scale_soppalchi,Provincia di Belluno,20,0.11,0.0,0,0.0,ROSSO
scale_soppalchi,Città Metropolitana di Genova,20,1.29,0.0,0,0.0,ROSSO
scale_soppalchi,Provincia di Pistoia,10,0,0.0,0,0.0,ROSSO
scale_soppalchi,Provincia di Taranto,10,0,0.0,0,0.0,ROSSO
scale_soppalchi,Provincia di Ascoli Piceno,10,0,0.0,0,0.0,ROSSO
scale_soppalchi,Provincia di Latina,10,0,0.0,0,0.0,ROSSO
scale_soppalchi,Provincia di Perugia,10,0,0.0,0,0.0,ROSSO
scale_soppalchi,Provincia di Pordenone,10,0,0.0,0,0.0,ROSSO
scale_soppalchi,Provincia di Pesaro e Urbino,10,0,0.0,0,0.0,ROSSO
scale_soppalchi,Provincia di Parma,10,0,0.0,0,0.0,ROSSO
scale_soppalchi,Provincia di Asti,10,0,0.0,0,0.0,ROSSO
scale_soppalchi,Provincia di Gorizia,10,0,0.0,0,0.0,ROSSO
scale_soppalchi,Provincia di Avellino,10,0,0.0,0,0.0,ROSSO
scale_soppalchi,Provincia di Pisa,10,0,0.0,0,0.0,ROSSO
scale_soppalchi,Provincia di Nuoro,10,0,0.0,0,0.0,ROSSO
scale_soppalchi,Provincia di Lodi,10,0,0.0,0,0.0,ROSSO
scale_soppalchi,Provincia di Forlì-Cesena,10,0,0.0,0,0.0,ROSSO
scale_soppalchi,Provincia di Arezzo,10,0,0.0,0,0.0,ROSSO
scale_soppalchi,Provincia di Novara,10,0,0.0,0,0.0,ROSSO
scale_soppalchi,Provincia di Matera,10,0,0.0,0,0.0,ROSSO
scale_soppalchi,Provincia di Savona,10,0,0.0,0,0.0,ROSSO
scale_soppalchi,Provincia di Vercelli,10,0,0.0,0,0.0,ROSSO
scale_soppalchi,Provincia di Ravenna,10,0,0.0,0,0.0,ROSSO
scale_soppalchi,Provincia di Isernia,10,0,0.0,0,0.0,ROSSO
scale_soppalchi,Provincia di Brindisi,10,0,0.0,0,0.0,ROSSO
scale_soppalchi,Provincia di Livorno,10,0,0.0,0,0.0,ROSSO
scale_soppalchi,Provincia di Campobasso,10,0,0.0,0,0.0,ROSSO
scale_soppalchi,Provincia di Biella,10,0,0.0,0,0.0,ROSSO
scale_soppalchi,Provincia di Imperia,10,0,0.0,0,0.0,ROSSO
scale_soppalchi,Provincia di Pavia,10,0,0.0,0,0.0,ROSSO
scale_soppalchi,Provincia di Foggia,10,0,0.0,0,0.0,ROSSO
scale_soppalchi,Provincia autonoma di Bolzano - Alto Adige,10,0,0.0,0,0.0,ROSSO
scale_soppalchi,Città metropolitana di Reggio Calabria,10,0,0.0,0,0.0,ROSSO
scale_soppalchi,Provincia di Frosinone,10,0,0.0,0,0.0,ROSSO
scale_soppalchi,Provincia di Siena,10,0,0.0,0,0.0,ROSSO
scale_soppalchi,Provincia di Fermo,10,0,0.0,0,0.0,ROSSO
scale_soppalchi,Provincia di Lecco,10,0,0.0,0,0.0,ROSSO
scale_soppalchi,Provincia di Teramo,10,0,0.0,0,0.0,ROSSO
scale_soppalchi,Provincia di Barletta-Andria-Trani,10,0,0.0,0,0.0,ROSSO
scale_soppalchi,Provincia di Sondrio,10,0,0.0,0,0.0,ROSSO
scale_soppalchi,Provincia della Spezia,10,0,0.0,0,0.0,ROSSO
scale_soppalchi,Provincia di Cosenza,10,0,0.0,0,0.0,ROSSO
scale_soppalchi,Provincia di Macerata,10,0,0.0,0,0.0,ROSSO
scale_soppalchi,Provincia di Mantova,10,0,0.0,0,0.0,ROSSO
scale_soppalchi,Provincia di Carbonia-Iglesias,10,0,0.0,0,0.0,ROSSO
scale_soppalchi,Provincia di Crotone,10,0,0.0,0,0.0,ROSSO
scale_soppalchi,Provincia di Lucca,10,0,0.0,0,0.0,ROSSO
scale_soppalchi,Provincia di Prato,10,0,0.0,0,0.0,ROSSO
scale_soppalchi,Provincia di Rieti,10,0,0.0,0,0.0,ROSSO
scale_soppalchi,Provincia di Catanzaro,10,0,0.0,0,0.0,ROSSO
scale_soppalchi,Provincia di Vibo Valentia,10,0,0.0,0,0.0,ROSSO
scale_soppalchi,Provincia di Trieste,10,0,0.0,0,0.0,ROSSO
scale_soppalchi,Provincia di Oristano,10,0,0.0,0,0.0,ROSSO
scale_soppalchi,Provincia di Benevento,10,0,0.0,0,0.0,ROSSO
scale_soppalchi,Città metropolitana di Sassari,10,0,0.0,0,0.0,ROSSO
scale_soppalchi,Provincia di Chieti,10,0,0.0,0,0.0,ROSSO
scale_soppalchi,Provincia di Cremona,10,0,0.0,0,0.0,ROSSO
scale_soppalchi,Provincia di Terni,10,0,0.0,0,0.0,ROSSO
scale_soppalchi,Provincia di Alessandria,10,0,0.0,0,0.0,ROSSO
scale_soppalchi,Provincia di Rovigo,10,0,0.0,0,0.0,ROSSO
scale_soppalchi,Provincia di Reggio Emilia,10,0,0.0,0,0.0,ROSSO
scale_soppalchi,Provincia di Potenza,10,0,0.0,0,0.0,ROSSO
scale_soppalchi,Provincia di Viterbo,10,0,0.0,0,0.0,ROSSO
scale_soppalchi,Provincia dell'Aquila,10,0,0.0,0,0.0,ROSSO
scale_soppalchi,Provincia di Ferrara,10,0,0.0,0,0.0,ROSSO
scale_soppalchi,Provincia di Massa e Carrara,10,0,0.0,0,0.0,ROSSO
scale_soppalchi,Città metropolitana di Messina,10,0,0.0,0,0.0,ROSSO
scarichi_sportivi,Città metropolitana di Milano,1070,0.25,2.5,10,1.5,VERDE
scarichi_sportivi,Città metropolitana di Roma Capitale,450,0.09,1.1,10,0.6,GIALLO
scarichi_sportivi,Città Metropolitana di Torino,130,0,0.3,0,0.2,ROSSO
scarichi_sportivi,Città Metropolitana di Bologna,100,0,0.2,0,0.1,ROSSO
scarichi_sportivi,Provincia di Brescia,90,0,0.2,0,0.1,ROSSO
scarichi_sportivi,Città Metropolitana di Napoli,80,0.46,0.2,0,0.1,ROSSO
scarichi_sportivi,Provincia di Lecco,70,0,0.2,0,0.1,ROSSO
scarichi_sportivi,Provincia di Cuneo,50,0.39,0.1,0,0.1,ROSSO
scarichi_sportivi,Provincia autonoma di Trento,50,0.12,0.1,0,0.1,ROSSO
scarichi_sportivi,Provincia di Verona,50,0,0.1,0,0.1,ROSSO
scarichi_sportivi,Provincia di Mantova,50,0,0.1,0,0.1,ROSSO
scarichi_sportivi,Provincia di Monza e della Brianza,40,0,0.1,0,0.1,ROSSO
scarichi_sportivi,Provincia di Frosinone,40,0,0.1,0,0.1,ROSSO
scarichi_sportivi,Provincia di Bergamo,40,0,0.1,0,0.1,ROSSO
scarichi_sportivi,Città metropolitana di Palermo,40,0.15,0.1,0,0.1,ROSSO
scarichi_sportivi,Città Metropolitana di Bari,30,0,0.1,0,0.0,ROSSO
scarichi_sportivi,Provincia di Novara,30,0,0.1,0,0.0,ROSSO
scarichi_sportivi,Provincia di Padova,30,0,0.1,0,0.0,ROSSO
scarichi_sportivi,Città metropolitana di Reggio Calabria,30,0,0.1,0,0.0,ROSSO
scarichi_sportivi,Provincia di Varese,30,0,0.1,0,0.0,ROSSO
scarichi_sportivi,Città Metropolitana di Venezia,30,0,0.1,0,0.0,ROSSO
scarichi_sportivi,Città Metropolitana di Firenze,30,0,0.1,0,0.0,ROSSO
scarichi_sportivi,Provincia di Vicenza,30,0,0.1,0,0.0,ROSSO
scarichi_sportivi,Provincia di Como,20,0.44,0.0,0,0.0,ROSSO
scarichi_sportivi,Provincia della Spezia,20,1.08,0.0,0,0.0,ROSSO
scarichi_sportivi,Provincia di Modena,20,0.14,0.0,0,0.0,ROSSO
scarichi_sportivi,Provincia di Pesaro e Urbino,20,0.27,0.0,0,0.0,ROSSO
scarichi_sportivi,Provincia di Latina,10,0,0.0,0,0.0,ROSSO
scarichi_sportivi,Provincia dell'Aquila,10,0,0.0,0,0.0,ROSSO
scarichi_sportivi,Provincia di Ascoli Piceno,10,0,0.0,0,0.0,ROSSO
scarichi_sportivi,Provincia di Treviso,10,0,0.0,0,0.0,ROSSO
scarichi_sportivi,Provincia di Catanzaro,10,0,0.0,0,0.0,ROSSO
scarichi_sportivi,Provincia di Benevento,10,0,0.0,0,0.0,ROSSO
scarichi_sportivi,Provincia di Imperia,10,0,0.0,0,0.0,ROSSO
scarichi_sportivi,Provincia di Parma,10,0,0.0,0,0.0,ROSSO
scarichi_sportivi,Provincia di Massa e Carrara,10,0,0.0,0,0.0,ROSSO
scarichi_sportivi,Provincia di Forlì-Cesena,10,0,0.0,0,0.0,ROSSO
scarichi_sportivi,Provincia di Livorno,10,0,0.0,0,0.0,ROSSO
scarichi_sportivi,Provincia di Arezzo,10,0,0.0,0,0.0,ROSSO
scarichi_sportivi,Provincia di Isernia,10,0,0.0,0,0.0,ROSSO
scarichi_sportivi,Provincia di Ravenna,10,0,0.0,0,0.0,ROSSO
scarichi_sportivi,Provincia di Matera,10,0,0.0,0,0.0,ROSSO
scarichi_sportivi,Provincia di Nuoro,10,0,0.0,0,0.0,ROSSO
scarichi_sportivi,Provincia di Barletta-Andria-Trani,10,0,0.0,0,0.0,ROSSO
scarichi_sportivi,Provincia di Grosseto,10,0,0.0,0,0.0,ROSSO
scarichi_sportivi,Provincia di Savona,10,0,0.0,0,0.0,ROSSO
scarichi_sportivi,Provincia di Siena,10,0,0.0,0,0.0,ROSSO
scarichi_sportivi,Provincia di Lodi,10,0,0.0,0,0.0,ROSSO
scarichi_sportivi,Provincia di Foggia,10,0,0.0,0,0.0,ROSSO
scarichi_sportivi,Provincia di Biella,10,0,0.0,0,0.0,ROSSO
scarichi_sportivi,Provincia di Piacenza,10,0,0.0,0,0.0,ROSSO
scarichi_sportivi,Città metropolitana di Cagliari,10,0,0.0,0,0.0,ROSSO
scarichi_sportivi,Provincia di Asti,10,0,0.0,0,0.0,ROSSO
scarichi_sportivi,Provincia di Gorizia,10,0,0.0,0,0.0,ROSSO
scarichi_sportivi,Provincia di Pisa,10,0,0.0,0,0.0,ROSSO
scarichi_sportivi,Provincia di Oristano,10,0,0.0,0,0.0,ROSSO
scarichi_sportivi,Provincia di Perugia,10,0,0.0,0,0.0,ROSSO
scarichi_sportivi,Provincia autonoma di Bolzano - Alto Adige,10,0,0.0,0,0.0,ROSSO
scarichi_sportivi,Provincia di Macerata,10,0,0.0,0,0.0,ROSSO
scarichi_sportivi,Provincia di Pescara,10,0,0.0,0,0.0,ROSSO
scarichi_sportivi,Provincia di Pavia,10,0,0.0,0,0.0,ROSSO
scarichi_sportivi,Provincia di Taranto,10,0,0.0,0,0.0,ROSSO
scarichi_sportivi,Provincia di Pistoia,10,0,0.0,0,0.0,ROSSO
scarichi_sportivi,Provincia di Caserta,10,0,0.0,0,0.0,ROSSO
scarichi_sportivi,Provincia di Lucca,10,0,0.0,0,0.0,ROSSO
scarichi_sportivi,Provincia di Prato,10,0,0.0,0,0.0,ROSSO
scarichi_sportivi,Provincia di Rieti,10,0,0.0,0,0.0,ROSSO
scarichi_sportivi,Provincia di Vercelli,10,0,0.0,0,0.0,ROSSO
scarichi_sportivi,Provincia di Ferrara,10,0,0.0,0,0.0,ROSSO
scarichi_sportivi,Provincia di Brindisi,10,0,0.0,0,0.0,ROSSO
scarichi_sportivi,Provincia di Teramo,10,0,0.0,0,0.0,ROSSO
scarichi_sportivi,Provincia di Fermo,10,0,0.0,0,0.0,ROSSO
scarichi_sportivi,Provincia di Viterbo,10,0,0.0,0,0.0,ROSSO
scarichi_sportivi,Provincia di Potenza,10,0,0.0,0,0.0,ROSSO
scarichi_sportivi,Provincia di Carbonia-Iglesias,10,0,0.0,0,0.0,ROSSO
scarichi_sportivi,Provincia di Pordenone,10,0,0.0,0,0.0,ROSSO
scarichi_sportivi,Provincia di Cremona,10,0,0.0,0,0.0,ROSSO
scarichi_sportivi,Provincia di Vibo Valentia,10,0,0.0,0,0.0,ROSSO
scarichi_sportivi,Provincia di Avellino,10,0,0.0,0,0.0,ROSSO
scarichi_sportivi,Provincia di Alessandria,10,0,0.0,0,0.0,ROSSO
scarichi_sportivi,Provincia di Campobasso,10,0,0.0,0,0.0,ROSSO
scarichi_sportivi,Provincia di Chieti,10,0,0.0,0,0.0,ROSSO
scarichi_sportivi,Provincia di Trieste,10,0,0.0,0,0.0,ROSSO
scarichi_sportivi,Provincia di Salerno,10,0,0.0,0,0.0,ROSSO
scarichi_sportivi,Provincia di Crotone,10,0,0.0,0,0.0,ROSSO
scarichi_sportivi,Provincia di Reggio Emilia,10,0,0.0,0,0.0,ROSSO
scarichi_sportivi,Provincia di Rovigo,10,0,0.0,0,0.0,ROSSO
scarichi_sportivi,Città metropolitana di Sassari,10,0,0.0,0,0.0,ROSSO
scarichi_sportivi,Provincia di Cosenza,10,0,0.0,0,0.0,ROSSO
scarichi_sportivi,Provincia di Belluno,10,0,0.0,0,0.0,ROSSO
scarichi_sportivi,Città metropolitana di Messina,10,0,0.0,0,0.0,ROSSO
scarichi_sportivi,Città Metropolitana di Genova,10,0,0.0,0,0.0,ROSSO
scarichi_sportivi,Provincia di Sondrio,10,0,0.0,0,0.0,ROSSO
scarichi_sportivi,Provincia di Ancona,10,0,0.0,0,0.0,ROSSO
scarichi_sportivi,Provincia di Lecce,10,0,0.0,0,0.0,ROSSO
scarichi_sportivi,Città metropolitana di Catania,10,0,0.0,0,0.0,ROSSO
scarichi_sportivi,Provincia di Rimini,10,0,0.0,0,0.0,ROSSO
scarichi_sportivi,Provincia di Terni,10,0,0.0,0,0.0,ROSSO
scuole_musica_danza,Città metropolitana di Milano,25720,0.46,60.0,10,36.0,VERDE
scuole_musica_danza,Città metropolitana di Roma Capitale,13570,0.38,31.7,10,19.0,VERDE
scuole_musica_danza,Città Metropolitana di Napoli,6560,0.31,15.3,10,9.2,VERDE
scuole_musica_danza,Città Metropolitana di Torino,4030,0.94,9.4,10,5.6,VERDE
scuole_musica_danza,Città metropolitana di Palermo,3210,0.17,7.5,10,4.5,VERDE
scuole_musica_danza,Città Metropolitana di Bari,2310,0.15,5.4,10,3.2,VERDE
scuole_musica_danza,Città Metropolitana di Bologna,2150,0.26,5.0,10,3.0,VERDE
scuole_musica_danza,Città metropolitana di Catania,1800,0.15,4.2,10,2.5,VERDE
scuole_musica_danza,Città Metropolitana di Firenze,1710,0.3,4.0,10,2.4,VERDE
scuole_musica_danza,Provincia di Bergamo,1360,0.67,3.2,10,1.9,VERDE
scuole_musica_danza,Provincia di Padova,1320,0.51,3.1,10,1.8,VERDE
scuole_musica_danza,Provincia di Brescia,1290,0.28,3.0,10,1.8,VERDE
scuole_musica_danza,Provincia di Salerno,1240,0.23,2.9,10,1.7,VERDE
scuole_musica_danza,Provincia di Caserta,990,0.18,2.3,10,1.4,VERDE
scuole_musica_danza,Provincia di Verona,990,0.57,2.3,10,1.4,VERDE
scuole_musica_danza,Provincia di Monza e della Brianza,910,0.64,2.1,10,1.3,VERDE
scuole_musica_danza,Provincia di Varese,840,0.16,2.0,10,1.2,VERDE
scuole_musica_danza,Provincia di Treviso,790,0.73,1.8,10,1.1,GIALLO
scuole_musica_danza,Città metropolitana di Cagliari,740,0.15,1.7,10,1.0,GIALLO
scuole_musica_danza,Provincia di Vicenza,710,0.57,1.7,10,1.0,GIALLO
scuole_musica_danza,Città Metropolitana di Genova,700,0.15,1.6,10,1.0,GIALLO
scuole_musica_danza,Città Metropolitana di Venezia,650,0.6,1.5,10,0.9,GIALLO
scuole_musica_danza,Città metropolitana di Reggio Calabria,500,0.1,1.2,10,0.7,GIALLO
scuole_musica_danza,Provincia di Lecce,470,0.14,1.1,10,0.7,GIALLO
scuole_musica_danza,Provincia di Como,450,0.48,1.1,10,0.6,GIALLO
scuole_musica_danza,Provincia di Taranto,420,0,1.0,0,0.6,GIALLO
scuole_musica_danza,Provincia di Ancona,410,0.54,1.0,10,0.6,GIALLO
scuole_musica_danza,Provincia di Pescara,400,0.21,0.9,0,0.6,ROSSO
scuole_musica_danza,Città metropolitana di Messina,400,0.15,0.9,0,0.6,ROSSO
scuole_musica_danza,Provincia di Cosenza,380,0,0.9,0,0.5,ROSSO
scuole_musica_danza,Provincia di Foggia,360,0.1,0.8,0,0.5,ROSSO
scuole_musica_danza,Provincia di Avellino,340,0.2,0.8,0,0.5,ROSSO
scuole_musica_danza,Provincia di Rimini,340,0.26,0.8,0,0.5,ROSSO
scuole_musica_danza,Provincia di Perugia,310,0,0.7,0,0.4,ROSSO
scuole_musica_danza,Provincia di Lucca,310,0,0.7,0,0.4,ROSSO
scuole_musica_danza,Provincia di Trieste,310,0,0.7,0,0.4,ROSSO
scuole_musica_danza,Provincia autonoma di Trento,290,0.13,0.7,0,0.4,ROSSO
scuole_musica_danza,Provincia di Modena,280,0,0.7,0,0.4,ROSSO
scuole_musica_danza,Provincia di Latina,280,0,0.7,0,0.4,ROSSO
scuole_musica_danza,Provincia di Livorno,280,0,0.7,0,0.4,ROSSO
scuole_musica_danza,Provincia di Pavia,270,0,0.6,0,0.4,ROSSO
scuole_musica_danza,Provincia di Pisa,260,0,0.6,0,0.4,ROSSO
scuole_musica_danza,Provincia di Potenza,240,0,0.6,0,0.3,ROSSO
scuole_musica_danza,Provincia di Brindisi,220,0,0.5,0,0.3,ROSSO
scuole_musica_danza,Provincia di Mantova,220,0,0.5,0,0.3,ROSSO
scuole_musica_danza,Provincia di Reggio Emilia,220,0,0.5,0,0.3,ROSSO
scuole_musica_danza,Provincia di Frosinone,220,0,0.5,0,0.3,ROSSO
scuole_musica_danza,Provincia di Pesaro e Urbino,220,0,0.5,0,0.3,ROSSO
scuole_musica_danza,Provincia di Parma,220,0,0.5,0,0.3,ROSSO
scuole_musica_danza,Provincia di Cremona,200,0.09,0.5,0,0.3,ROSSO
scuole_musica_danza,Provincia di Novara,190,0.08,0.4,0,0.3,ROSSO
scuole_musica_danza,Provincia di Cuneo,190,0,0.4,0,0.3,ROSSO
scuole_musica_danza,Provincia autonoma di Bolzano - Alto Adige,170,0,0.4,0,0.2,ROSSO
scuole_musica_danza,Provincia di Teramo,160,0.38,0.4,0,0.2,ROSSO
scuole_musica_danza,Provincia di Barletta-Andria-Trani,150,0,0.4,0,0.2,ROSSO
scuole_musica_danza,Provincia di Lecco,150,0,0.4,0,0.2,ROSSO
scuole_musica_danza,Provincia di Forlì-Cesena,150,0,0.4,0,0.2,ROSSO
scuole_musica_danza,Provincia di Ravenna,150,0,0.4,0,0.2,ROSSO
scuole_musica_danza,Provincia di Macerata,150,0.6,0.4,0,0.2,ROSSO
scuole_musica_danza,Provincia di Alessandria,130,0.13,0.3,0,0.2,ROSSO
scuole_musica_danza,Provincia di Catanzaro,130,0,0.3,0,0.2,ROSSO
scuole_musica_danza,Provincia di Benevento,130,0,0.3,0,0.2,ROSSO
scuole_musica_danza,Città metropolitana di Sassari,120,0,0.3,0,0.2,ROSSO
scuole_musica_danza,Provincia di Chieti,110,0,0.3,0,0.2,ROSSO
scuole_musica_danza,Provincia di Pistoia,100,0,0.2,0,0.1,ROSSO
scuole_musica_danza,Provincia di Prato,100,0,0.2,0,0.1,ROSSO
scuole_musica_danza,Provincia di Arezzo,100,0,0.2,0,0.1,ROSSO
scuole_musica_danza,Provincia di Fermo,100,0.74,0.2,0,0.1,ROSSO
scuole_musica_danza,Provincia di Siena,100,0,0.2,0,0.1,ROSSO
scuole_musica_danza,Provincia dell'Aquila,100,0.33,0.2,0,0.1,ROSSO
scuole_musica_danza,Provincia di Ferrara,100,0,0.2,0,0.1,ROSSO
scuole_musica_danza,Provincia di Piacenza,100,0,0.2,0,0.1,ROSSO
scuole_musica_danza,Provincia di Viterbo,100,0,0.2,0,0.1,ROSSO
scuole_musica_danza,Provincia di Ascoli Piceno,90,0.86,0.2,0,0.1,ROSSO
scuole_musica_danza,Provincia di Pordenone,90,0.14,0.2,0,0.1,ROSSO
scuole_musica_danza,Provincia di Massa e Carrara,80,0.09,0.2,0,0.1,ROSSO
scuole_musica_danza,Provincia di Savona,60,0,0.1,0,0.1,ROSSO
scuole_musica_danza,Provincia di Terni,60,0,0.1,0,0.1,ROSSO
scuole_musica_danza,Provincia della Spezia,60,0,0.1,0,0.1,ROSSO
scuole_musica_danza,Provincia di Matera,60,0,0.1,0,0.1,ROSSO
scuole_musica_danza,Provincia di Rovigo,60,0,0.1,0,0.1,ROSSO
scuole_musica_danza,Provincia di Lodi,60,0,0.1,0,0.1,ROSSO
scuole_musica_danza,Provincia di Grosseto,60,0,0.1,0,0.1,ROSSO
scuole_musica_danza,Provincia di Crotone,40,0,0.1,0,0.1,ROSSO
scuole_musica_danza,Provincia di Biella,30,0,0.1,0,0.0,ROSSO
scuole_musica_danza,Provincia di Gorizia,30,0,0.1,0,0.0,ROSSO
scuole_musica_danza,Provincia di Vercelli,30,0,0.1,0,0.0,ROSSO
scuole_musica_danza,Provincia di Rieti,30,0,0.1,0,0.0,ROSSO
scuole_musica_danza,Provincia di Imperia,30,0,0.1,0,0.0,ROSSO
scuole_musica_danza,Provincia di Carbonia-Iglesias,30,0,0.1,0,0.0,ROSSO
scuole_musica_danza,Provincia di Asti,30,0,0.1,0,0.0,ROSSO
scuole_musica_danza,Provincia di Sondrio,30,0,0.1,0,0.0,ROSSO
scuole_musica_danza,Provincia di Belluno,30,0,0.1,0,0.0,ROSSO
scuole_musica_danza,Provincia di Oristano,30,0,0.1,0,0.0,ROSSO
scuole_musica_danza,Provincia di Campobasso,30,0,0.1,0,0.0,ROSSO
scuole_musica_danza,Provincia di Vibo Valentia,30,0,0.1,0,0.0,ROSSO
scuole_musica_danza,Provincia di Nuoro,30,0,0.1,0,0.0,ROSSO
scuole_musica_danza,Provincia di Isernia,10,0,0.0,0,0.0,ROSSO
serramenti,Città metropolitana di Milano,23550,1.01,55.0,10,33.0,VERDE
serramenti,Città metropolitana di Roma Capitale,14740,0.99,34.4,10,20.6,VERDE
serramenti,Città Metropolitana di Napoli,7920,0.63,18.5,10,11.1,VERDE
serramenti,Città metropolitana di Palermo,3840,0.79,9.0,10,5.4,VERDE
serramenti,Città Metropolitana di Torino,3110,1.52,7.3,10,4.4,VERDE
serramenti,Città metropolitana di Catania,3060,0.68,7.1,10,4.3,VERDE
serramenti,Città Metropolitana di Bari,2590,0.66,6.0,10,3.6,VERDE
serramenti,Città Metropolitana di Firenze,2450,0.92,5.7,10,3.4,VERDE
serramenti,Città Metropolitana di Bologna,2440,1.12,5.7,10,3.4,VERDE
serramenti,Città metropolitana di Cagliari,2370,1.0,5.5,10,3.3,VERDE
serramenti,Provincia di Salerno,2000,0.57,4.7,10,2.8,VERDE
serramenti,Provincia di Brescia,1690,1.19,3.9,10,2.4,VERDE
serramenti,Provincia di Padova,1690,1.13,3.9,10,2.4,VERDE
serramenti,Provincia di Verona,1400,1.12,3.3,10,2.0,VERDE
serramenti,Provincia di Caserta,1330,0.57,3.1,10,1.9,VERDE
serramenti,Provincia di Bergamo,1270,0.99,3.0,10,1.8,VERDE
serramenti,Provincia di Lecce,1200,0.71,2.8,10,1.7,VERDE
serramenti,Provincia di Vicenza,1190,1.23,2.8,10,1.7,VERDE
serramenti,Città Metropolitana di Venezia,1150,0.9,2.7,10,1.6,VERDE
serramenti,Città metropolitana di Reggio Calabria,1130,0.73,2.6,10,1.6,VERDE
serramenti,Provincia di Treviso,1060,1.05,2.5,10,1.5,VERDE
serramenti,Città Metropolitana di Genova,1040,1.27,2.4,10,1.5,VERDE
serramenti,Provincia di Varese,960,1.28,2.2,10,1.3,VERDE
serramenti,Provincia di Monza e della Brianza,960,1.32,2.2,10,1.3,VERDE
serramenti,Provincia di Cosenza,830,0.67,1.9,10,1.2,GIALLO
serramenti,Provincia di Livorno,820,0.94,1.9,10,1.1,GIALLO
serramenti,Città metropolitana di Messina,780,0.62,1.8,10,1.1,GIALLO
serramenti,Provincia di Perugia,770,0.85,1.8,10,1.1,GIALLO
serramenti,Provincia di Avellino,760,0.5,1.8,10,1.1,GIALLO
serramenti,Provincia di Como,750,1.15,1.8,10,1.1,GIALLO
serramenti,Città metropolitana di Sassari,750,1.03,1.8,10,1.1,GIALLO
serramenti,Provincia di Pescara,750,0.92,1.8,10,1.1,GIALLO
serramenti,Provincia di Ancona,740,0.66,1.7,10,1.0,GIALLO
serramenti,Provincia di Modena,720,1.16,1.7,10,1.0,GIALLO
serramenti,Provincia di Frosinone,690,0.75,1.6,10,1.0,GIALLO
serramenti,Provincia di Pisa,660,0.81,1.5,10,0.9,GIALLO
serramenti,Provincia di Lucca,580,0.69,1.4,10,0.8,GIALLO
serramenti,Provincia di Pavia,580,1.24,1.4,10,0.8,GIALLO
serramenti,Provincia di Taranto,580,0.74,1.4,10,0.8,GIALLO
serramenti,Provincia di Trieste,570,0.71,1.3,10,0.8,GIALLO
serramenti,Provincia di Cuneo,540,1.16,1.3,10,0.8,GIALLO
serramenti,Provincia di Reggio Emilia,480,1.24,1.1,10,0.7,GIALLO
serramenti,Provincia di Latina,470,0.73,1.1,10,0.7,GIALLO
serramenti,Provincia di Chieti,460,0.89,1.1,10,0.6,GIALLO
serramenti,Provincia di Mantova,450,1.29,1.1,10,0.6,GIALLO
serramenti,Provincia autonoma di Trento,450,1.16,1.1,10,0.6,GIALLO
serramenti,Provincia di Cremona,440,1.31,1.0,10,0.6,GIALLO
serramenti,Provincia di Parma,440,3.23,1.0,10,0.6,GIALLO
serramenti,Provincia di Catanzaro,430,0.61,1.0,10,0.6,GIALLO
serramenti,Provincia di Potenza,430,0.69,1.0,10,0.6,GIALLO
serramenti,Provincia di Rimini,410,0.76,1.0,10,0.6,GIALLO
serramenti,Provincia di Benevento,400,0.52,0.9,0,0.6,ROSSO
serramenti,Provincia di Arezzo,400,0.9,0.9,0,0.6,ROSSO
serramenti,Provincia di Foggia,390,0.53,0.9,0,0.5,ROSSO
serramenti,Provincia di Pistoia,380,0.97,0.9,0,0.5,ROSSO
serramenti,Provincia di Ferrara,370,1.07,0.9,0,0.5,ROSSO
serramenti,Provincia di Novara,360,1.28,0.8,0,0.5,ROSSO
serramenti,Provincia di Alessandria,340,1.7,0.8,0,0.5,ROSSO
serramenti,Provincia di Ravenna,340,1.15,0.8,0,0.5,ROSSO
serramenti,Provincia di Forlì-Cesena,330,0.68,0.8,0,0.5,ROSSO
serramenti,Provincia dell'Aquila,320,1.12,0.7,0,0.4,ROSSO
serramenti,Provincia di Siena,310,0.86,0.7,0,0.4,ROSSO
serramenti,Provincia di Pordenone,310,0.76,0.7,0,0.4,ROSSO
serramenti,Provincia di Lecco,300,0.89,0.7,0,0.4,ROSSO
serramenti,Provincia di Prato,300,1.21,0.7,0,0.4,ROSSO
serramenti,Provincia di Brindisi,290,0.62,0.7,0,0.4,ROSSO
serramenti,Provincia di Savona,270,0.84,0.6,0,0.4,ROSSO
serramenti,Provincia di Lodi,260,1.63,0.6,0,0.4,ROSSO
serramenti,Provincia di Pesaro e Urbino,260,1.18,0.6,0,0.4,ROSSO
serramenti,Provincia di Piacenza,240,1.04,0.6,0,0.3,ROSSO
serramenti,Provincia di Grosseto,240,0.94,0.6,0,0.3,ROSSO
serramenti,Provincia di Teramo,240,1.03,0.6,0,0.3,ROSSO
serramenti,Provincia di Massa e Carrara,240,0.77,0.6,0,0.3,ROSSO
serramenti,Provincia di Viterbo,230,1.36,0.5,0,0.3,ROSSO
serramenti,Provincia di Terni,220,1.13,0.5,0,0.3,ROSSO
serramenti,Provincia di Macerata,220,0.77,0.5,0,0.3,ROSSO
serramenti,Provincia della Spezia,210,0.98,0.5,0,0.3,ROSSO
serramenti,Provincia di Nuoro,200,1.12,0.5,0,0.3,ROSSO
serramenti,Provincia di Imperia,190,1.01,0.4,0,0.3,ROSSO
serramenti,Provincia di Carbonia-Iglesias,190,0.85,0.4,0,0.3,ROSSO
serramenti,Provincia di Oristano,180,0.75,0.4,0,0.3,ROSSO
serramenti,Provincia di Rovigo,180,0.93,0.4,0,0.3,ROSSO
serramenti,Provincia di Vercelli,160,2.14,0.4,0,0.2,ROSSO
serramenti,Provincia di Ascoli Piceno,150,0.74,0.4,0,0.2,ROSSO
serramenti,Provincia di Rieti,150,1.16,0.4,0,0.2,ROSSO
serramenti,Provincia di Barletta-Andria-Trani,130,0.57,0.3,0,0.2,ROSSO
serramenti,Provincia di Biella,120,1.11,0.3,0,0.2,ROSSO
serramenti,Provincia di Fermo,110,0.64,0.3,0,0.2,ROSSO
serramenti,Provincia di Asti,110,1.36,0.3,0,0.2,ROSSO
serramenti,Provincia di Campobasso,110,0.74,0.3,0,0.2,ROSSO
serramenti,Provincia di Belluno,100,1.22,0.2,0,0.1,ROSSO
serramenti,Provincia autonoma di Bolzano - Alto Adige,100,1.21,0.2,0,0.1,ROSSO
serramenti,Provincia di Crotone,90,0.52,0.2,0,0.1,ROSSO
serramenti,Provincia di Sondrio,80,0.97,0.2,0,0.1,ROSSO
serramenti,Provincia di Gorizia,80,0.55,0.2,0,0.1,ROSSO
serramenti,Provincia di Matera,70,0.47,0.2,0,0.1,ROSSO
serramenti,Provincia di Vibo Valentia,60,0.75,0.1,0,0.1,ROSSO
serramenti,Provincia di Isernia,40,0.88,0.1,0,0.1,ROSSO
sgomberi,Città metropolitana di Milano,4520,2.85,10.5,17,6.3,VERDE
sgomberi,Provincia di Brescia,2450,1.18,5.7,10,3.4,VERDE
sgomberi,Città metropolitana di Roma Capitale,2390,1.8,5.6,10,3.3,VERDE
sgomberi,Città Metropolitana di Torino,990,1.64,2.3,10,1.4,VERDE
sgomberi,Città Metropolitana di Firenze,830,1.27,1.9,10,1.2,GIALLO
sgomberi,Città Metropolitana di Napoli,710,0.96,1.7,10,1.0,GIALLO
sgomberi,Città Metropolitana di Bologna,490,1.1,1.1,10,0.7,GIALLO
sgomberi,Provincia di Padova,350,1.18,0.8,0,0.5,ROSSO
sgomberi,Provincia di Bergamo,330,1.29,0.8,0,0.5,ROSSO
sgomberi,Provincia di Monza e della Brianza,300,1.63,0.7,0,0.4,ROSSO
sgomberi,Provincia di Varese,280,1.76,0.7,0,0.4,ROSSO
sgomberi,Provincia di Pavia,260,1.52,0.6,0,0.4,ROSSO
sgomberi,Provincia di Verona,220,1.41,0.5,0,0.3,ROSSO
sgomberi,Città Metropolitana di Bari,220,4.31,0.5,0,0.3,ROSSO
sgomberi,Città Metropolitana di Genova,190,2.78,0.4,0,0.3,ROSSO
sgomberi,Città Metropolitana di Venezia,180,0.85,0.4,0,0.3,ROSSO
sgomberi,Provincia di Treviso,170,1.14,0.4,0,0.2,ROSSO
sgomberi,Città metropolitana di Catania,170,1.14,0.4,0,0.2,ROSSO
sgomberi,Provincia di Modena,150,1.1,0.4,0,0.2,ROSSO
sgomberi,Provincia di Trieste,150,0.52,0.4,0,0.2,ROSSO
sgomberi,Provincia di Vicenza,120,1.1,0.3,0,0.2,ROSSO
sgomberi,Provincia di Perugia,110,1.3,0.3,0,0.2,ROSSO
sgomberi,Provincia di Prato,100,1.33,0.2,0,0.1,ROSSO
sgomberi,Provincia di Como,90,1.59,0.2,0,0.1,ROSSO
sgomberi,Provincia di Caserta,90,0.74,0.2,0,0.1,ROSSO
sgomberi,Provincia di Ancona,80,0.89,0.2,0,0.1,ROSSO
sgomberi,Provincia di Reggio Emilia,80,0.94,0.2,0,0.1,ROSSO
sgomberi,Provincia di Novara,80,1.54,0.2,0,0.1,ROSSO
sgomberi,Città metropolitana di Cagliari,80,0,0.2,0,0.1,ROSSO
sgomberi,Provincia di Pistoia,70,1.56,0.2,0,0.1,ROSSO
sgomberi,Provincia di Rimini,70,0.85,0.2,0,0.1,ROSSO
sgomberi,Provincia di Pisa,70,0.77,0.2,0,0.1,ROSSO
sgomberi,Città metropolitana di Palermo,70,0.78,0.2,0,0.1,ROSSO
sgomberi,Provincia di Cuneo,70,1.2,0.2,0,0.1,ROSSO
sgomberi,Provincia di Livorno,60,0.75,0.1,0,0.1,ROSSO
sgomberi,Provincia di Pordenone,60,1.29,0.1,0,0.1,ROSSO
sgomberi,Provincia di Salerno,60,0,0.1,0,0.1,ROSSO
sgomberi,Provincia di Mantova,60,1.16,0.1,0,0.1,ROSSO
sgomberi,Provincia di Parma,60,0.97,0.1,0,0.1,ROSSO
sgomberi,Provincia di Pescara,50,1.18,0.1,0,0.1,ROSSO
sgomberi,Provincia autonoma di Trento,50,1.1,0.1,0,0.1,ROSSO
sgomberi,Provincia di Ravenna,50,0.55,0.1,0,0.1,ROSSO
sgomberi,Provincia di Lucca,50,1.22,0.1,0,0.1,ROSSO
sgomberi,Provincia di Arezzo,50,1.06,0.1,0,0.1,ROSSO
sgomberi,Città metropolitana di Reggio Calabria,40,0,0.1,0,0.1,ROSSO
sgomberi,Provincia di Chieti,40,0,0.1,0,0.1,ROSSO
sgomberi,Provincia di Macerata,40,0.47,0.1,0,0.1,ROSSO
sgomberi,Provincia di Lecce,40,1.29,0.1,0,0.1,ROSSO
sgomberi,Provincia di Pesaro e Urbino,40,0.98,0.1,0,0.1,ROSSO
sgomberi,Provincia di Forlì-Cesena,40,1.13,0.1,0,0.1,ROSSO
sgomberi,Provincia di Alessandria,40,1.26,0.1,0,0.1,ROSSO
sgomberi,Provincia di Savona,40,0.88,0.1,0,0.1,ROSSO
sgomberi,Provincia di Cremona,40,1.7,0.1,0,0.1,ROSSO
sgomberi,Provincia di Latina,40,0.16,0.1,0,0.1,ROSSO
sgomberi,Provincia di Barletta-Andria-Trani,30,0,0.1,0,0.0,ROSSO
sgomberi,Provincia di Taranto,30,0,0.1,0,0.0,ROSSO
sgomberi,Provincia di Carbonia-Iglesias,30,0,0.1,0,0.0,ROSSO
sgomberi,Provincia di Lecco,30,1.91,0.1,0,0.0,ROSSO
sgomberi,Provincia di Siena,30,0.79,0.1,0,0.0,ROSSO
sgomberi,Provincia autonoma di Bolzano - Alto Adige,30,0,0.1,0,0.0,ROSSO
sgomberi,Provincia di Foggia,30,0,0.1,0,0.0,ROSSO
sgomberi,Provincia di Potenza,30,0.28,0.1,0,0.0,ROSSO
sgomberi,Città metropolitana di Sassari,30,0,0.1,0,0.0,ROSSO
sgomberi,Provincia di Grosseto,20,1.18,0.0,0,0.0,ROSSO
sgomberi,Provincia di Piacenza,20,1.36,0.0,0,0.0,ROSSO
sgomberi,Provincia di Terni,20,1.71,0.0,0,0.0,ROSSO
sgomberi,Provincia di Fermo,20,0.89,0.0,0,0.0,ROSSO
sgomberi,Provincia di Teramo,20,1.53,0.0,0,0.0,ROSSO
sgomberi,Provincia di Avellino,20,1.19,0.0,0,0.0,ROSSO
sgomberi,Provincia di Massa e Carrara,20,0.77,0.0,0,0.0,ROSSO
sgomberi,Provincia di Lodi,20,0.84,0.0,0,0.0,ROSSO
sgomberi,Provincia di Biella,20,1.24,0.0,0,0.0,ROSSO
sgomberi,Provincia della Spezia,20,0.18,0.0,0,0.0,ROSSO
sgomberi,Provincia di Ferrara,20,1.17,0.0,0,0.0,ROSSO
sgomberi,Provincia di Gorizia,10,0,0.0,0,0.0,ROSSO
sgomberi,Provincia di Vibo Valentia,10,0,0.0,0,0.0,ROSSO
sgomberi,Provincia di Frosinone,10,0,0.0,0,0.0,ROSSO
sgomberi,Provincia di Oristano,10,0,0.0,0,0.0,ROSSO
sgomberi,Provincia di Rovigo,10,0,0.0,0,0.0,ROSSO
sgomberi,Provincia di Imperia,10,0,0.0,0,0.0,ROSSO
sgomberi,Provincia dell'Aquila,10,0,0.0,0,0.0,ROSSO
sgomberi,Provincia di Isernia,10,0,0.0,0,0.0,ROSSO
sgomberi,Provincia di Rieti,10,0,0.0,0,0.0,ROSSO
sgomberi,Provincia di Campobasso,10,0,0.0,0,0.0,ROSSO
sgomberi,Provincia di Belluno,10,0,0.0,0,0.0,ROSSO
sgomberi,Provincia di Sondrio,10,0,0.0,0,0.0,ROSSO
sgomberi,Provincia di Asti,10,0,0.0,0,0.0,ROSSO
sgomberi,Provincia di Ascoli Piceno,10,0,0.0,0,0.0,ROSSO
sgomberi,Provincia di Crotone,10,0,0.0,0,0.0,ROSSO
sgomberi,Provincia di Cosenza,10,0,0.0,0,0.0,ROSSO
sgomberi,Provincia di Viterbo,10,0,0.0,0,0.0,ROSSO
sgomberi,Provincia di Benevento,10,0,0.0,0,0.0,ROSSO
sgomberi,Città metropolitana di Messina,10,0,0.0,0,0.0,ROSSO
sgomberi,Provincia di Vercelli,10,0,0.0,0,0.0,ROSSO
sgomberi,Provincia di Catanzaro,10,0,0.0,0,0.0,ROSSO
sgomberi,Provincia di Matera,10,0,0.0,0,0.0,ROSSO
sgomberi,Provincia di Brindisi,10,0,0.0,0,0.0,ROSSO
sgomberi,Provincia di Nuoro,10,0,0.0,0,0.0,ROSSO
sicurezza_informatica,Città metropolitana di Milano,1270,4.91,3.0,15,1.8,VERDE
sicurezza_informatica,Città metropolitana di Roma Capitale,610,3.21,1.4,10,0.9,GIALLO
sicurezza_informatica,Città Metropolitana di Napoli,400,1.85,0.9,0,0.6,ROSSO
sicurezza_informatica,Città metropolitana di Palermo,200,0.37,0.5,0,0.3,ROSSO
sicurezza_informatica,Città Metropolitana di Torino,190,0.41,0.4,0,0.3,ROSSO
sicurezza_informatica,Città Metropolitana di Bologna,150,0.73,0.4,0,0.2,ROSSO
sicurezza_informatica,Città Metropolitana di Bari,150,0.3,0.4,0,0.2,ROSSO
sicurezza_informatica,Città metropolitana di Catania,130,0.57,0.3,0,0.2,ROSSO
sicurezza_informatica,Città Metropolitana di Firenze,100,0.53,0.2,0,0.1,ROSSO
sicurezza_informatica,Provincia di Brescia,80,0,0.2,0,0.1,ROSSO
sicurezza_informatica,Città metropolitana di Cagliari,80,3.09,0.2,0,0.1,ROSSO
sicurezza_informatica,Provincia di Bergamo,80,2.15,0.2,0,0.1,ROSSO
sicurezza_informatica,Provincia di Salerno,60,0.34,0.1,0,0.1,ROSSO
sicurezza_informatica,Provincia di Padova,50,0,0.1,0,0.1,ROSSO
sicurezza_informatica,Provincia di Caserta,50,0,0.1,0,0.1,ROSSO
sicurezza_informatica,Città metropolitana di Reggio Calabria,50,0.28,0.1,0,0.1,ROSSO
sicurezza_informatica,Città metropolitana di Sassari,40,4.57,0.1,0,0.1,ROSSO
sicurezza_informatica,Città Metropolitana di Venezia,40,4.81,0.1,0,0.1,ROSSO
sicurezza_informatica,Provincia di Pescara,40,0,0.1,0,0.1,ROSSO
sicurezza_informatica,Provincia di Verona,40,0.38,0.1,0,0.1,ROSSO
sicurezza_informatica,Provincia di Trieste,40,0.5,0.1,0,0.1,ROSSO
sicurezza_informatica,Provincia di Lecce,40,0,0.1,0,0.1,ROSSO
sicurezza_informatica,Provincia di Monza e della Brianza,30,0,0.1,0,0.0,ROSSO
sicurezza_informatica,Città metropolitana di Messina,30,0,0.1,0,0.0,ROSSO
sicurezza_informatica,Provincia di Livorno,30,0,0.1,0,0.0,ROSSO
sicurezza_informatica,Provincia di Avellino,30,0,0.1,0,0.0,ROSSO
sicurezza_informatica,Provincia di Pavia,30,0.27,0.1,0,0.0,ROSSO
sicurezza_informatica,Provincia di Foggia,30,0,0.1,0,0.0,ROSSO
sicurezza_informatica,Provincia di Perugia,30,0,0.1,0,0.0,ROSSO
sicurezza_informatica,Provincia di Taranto,30,0,0.1,0,0.0,ROSSO
sicurezza_informatica,Provincia di Potenza,30,0,0.1,0,0.0,ROSSO
sicurezza_informatica,Provincia di Lucca,30,0,0.1,0,0.0,ROSSO
sicurezza_informatica,Provincia di Varese,30,0.74,0.1,0,0.0,ROSSO
sicurezza_informatica,Città Metropolitana di Genova,30,4.42,0.1,0,0.0,ROSSO
sicurezza_informatica,Provincia di Rimini,30,0,0.1,0,0.0,ROSSO
sicurezza_informatica,Provincia di Vicenza,30,0,0.1,0,0.0,ROSSO
sicurezza_informatica,Provincia di Cosenza,30,0,0.1,0,0.0,ROSSO
sicurezza_informatica,Provincia di Ancona,30,0.36,0.1,0,0.0,ROSSO
sicurezza_informatica,Provincia di Forlì-Cesena,30,0,0.1,0,0.0,ROSSO
sicurezza_informatica,Provincia di Treviso,20,3.04,0.0,0,0.0,ROSSO
sicurezza_informatica,Provincia di Latina,20,0.17,0.0,0,0.0,ROSSO
sicurezza_informatica,Provincia di Pesaro e Urbino,20,0.28,0.0,0,0.0,ROSSO
sicurezza_informatica,Provincia di Savona,20,0.39,0.0,0,0.0,ROSSO
sicurezza_informatica,Provincia di Prato,20,17.03,0.0,0,0.0,ROSSO
sicurezza_informatica,Provincia di Teramo,20,0.22,0.0,0,0.0,ROSSO
sicurezza_informatica,Provincia di Parma,10,0,0.0,0,0.0,ROSSO
sicurezza_informatica,Provincia di Arezzo,10,0,0.0,0,0.0,ROSSO
sicurezza_informatica,Provincia di Matera,10,0,0.0,0,0.0,ROSSO
sicurezza_informatica,Provincia di Cuneo,10,0,0.0,0,0.0,ROSSO
sicurezza_informatica,Provincia di Novara,10,0,0.0,0,0.0,ROSSO
sicurezza_informatica,Provincia di Pordenone,10,0,0.0,0,0.0,ROSSO
sicurezza_informatica,Provincia di Lodi,10,0,0.0,0,0.0,ROSSO
sicurezza_informatica,Provincia di Nuoro,10,0,0.0,0,0.0,ROSSO
sicurezza_informatica,Provincia autonoma di Trento,10,0,0.0,0,0.0,ROSSO
sicurezza_informatica,Provincia di Reggio Emilia,10,0,0.0,0,0.0,ROSSO
sicurezza_informatica,Provincia di Asti,10,0,0.0,0,0.0,ROSSO
sicurezza_informatica,Provincia di Pisa,10,0,0.0,0,0.0,ROSSO
sicurezza_informatica,Provincia di Imperia,10,0,0.0,0,0.0,ROSSO
sicurezza_informatica,Provincia di Isernia,10,0,0.0,0,0.0,ROSSO
sicurezza_informatica,Provincia di Ravenna,10,0,0.0,0,0.0,ROSSO
sicurezza_informatica,Provincia di Modena,10,0,0.0,0,0.0,ROSSO
sicurezza_informatica,Provincia autonoma di Bolzano - Alto Adige,10,0,0.0,0,0.0,ROSSO
sicurezza_informatica,Provincia di Brindisi,10,0,0.0,0,0.0,ROSSO
sicurezza_informatica,Provincia di Alessandria,10,0,0.0,0,0.0,ROSSO
sicurezza_informatica,Provincia di Biella,10,0,0.0,0,0.0,ROSSO
sicurezza_informatica,Provincia di Vercelli,10,0,0.0,0,0.0,ROSSO
sicurezza_informatica,Provincia di Como,10,0,0.0,0,0.0,ROSSO
sicurezza_informatica,Provincia di Gorizia,10,0,0.0,0,0.0,ROSSO
sicurezza_informatica,Provincia di Frosinone,10,0,0.0,0,0.0,ROSSO
sicurezza_informatica,Provincia di Pistoia,10,0,0.0,0,0.0,ROSSO
sicurezza_informatica,Provincia di Vibo Valentia,10,0,0.0,0,0.0,ROSSO
sicurezza_informatica,Provincia di Siena,10,0,0.0,0,0.0,ROSSO
sicurezza_informatica,Provincia di Lecco,10,0,0.0,0,0.0,ROSSO
sicurezza_informatica,Provincia di Carbonia-Iglesias,10,0,0.0,0,0.0,ROSSO
sicurezza_informatica,Provincia di Macerata,10,0,0.0,0,0.0,ROSSO
sicurezza_informatica,Provincia di Fermo,10,0,0.0,0,0.0,ROSSO
sicurezza_informatica,Provincia di Oristano,10,0,0.0,0,0.0,ROSSO
sicurezza_informatica,Provincia di Campobasso,10,0,0.0,0,0.0,ROSSO
sicurezza_informatica,Provincia della Spezia,10,0,0.0,0,0.0,ROSSO
sicurezza_informatica,Provincia di Ferrara,10,0,0.0,0,0.0,ROSSO
sicurezza_informatica,Provincia di Piacenza,10,0,0.0,0,0.0,ROSSO
sicurezza_informatica,Provincia di Rieti,10,0,0.0,0,0.0,ROSSO
sicurezza_informatica,Provincia di Viterbo,10,0,0.0,0,0.0,ROSSO
sicurezza_informatica,Provincia di Massa e Carrara,10,0,0.0,0,0.0,ROSSO
sicurezza_informatica,Provincia di Catanzaro,10,0,0.0,0,0.0,ROSSO
sicurezza_informatica,Provincia di Cremona,10,0,0.0,0,0.0,ROSSO
sicurezza_informatica,Provincia di Grosseto,10,0,0.0,0,0.0,ROSSO
sicurezza_informatica,Provincia di Benevento,10,0,0.0,0,0.0,ROSSO
sicurezza_informatica,Provincia di Ascoli Piceno,10,0,0.0,0,0.0,ROSSO
sicurezza_informatica,Provincia di Crotone,10,0,0.0,0,0.0,ROSSO
sicurezza_informatica,Provincia di Terni,10,0,0.0,0,0.0,ROSSO
sicurezza_informatica,Provincia di Mantova,10,0,0.0,0,0.0,ROSSO
sicurezza_informatica,Provincia di Belluno,10,0,0.0,0,0.0,ROSSO
sicurezza_informatica,Provincia di Rovigo,10,0,0.0,0,0.0,ROSSO
sicurezza_informatica,Provincia di Barletta-Andria-Trani,10,0,0.0,0,0.0,ROSSO
sicurezza_informatica,Provincia di Sondrio,10,0,0.0,0,0.0,ROSSO
sicurezza_informatica,Provincia dell'Aquila,10,0,0.0,0,0.0,ROSSO
sicurezza_informatica,Provincia di Chieti,10,0,0.0,0,0.0,ROSSO
sicurezza_lavoro,Città metropolitana di Milano,34930,1.66,81.5,10,48.9,VERDE
sicurezza_lavoro,Città metropolitana di Roma Capitale,19390,1.44,45.2,10,27.2,VERDE
sicurezza_lavoro,Città Metropolitana di Torino,6910,1.68,16.1,10,9.7,VERDE
sicurezza_lavoro,Città Metropolitana di Napoli,6580,1.16,15.4,10,9.2,VERDE
sicurezza_lavoro,Città Metropolitana di Bologna,5170,1.81,12.1,11,7.2,VERDE
sicurezza_lavoro,Città Metropolitana di Firenze,3780,1.72,8.8,10,5.3,VERDE
sicurezza_lavoro,Provincia di Brescia,3590,2.06,8.4,12,5.0,VERDE
sicurezza_lavoro,Città metropolitana di Palermo,3370,1.21,7.9,10,4.7,VERDE
sicurezza_lavoro,Provincia di Bergamo,3350,2.21,7.8,13,4.7,VERDE
sicurezza_lavoro,Provincia di Padova,3320,2.24,7.7,13,4.6,VERDE
sicurezza_lavoro,Città Metropolitana di Bari,3230,1.27,7.5,10,4.5,VERDE
sicurezza_lavoro,Provincia di Verona,2820,1.83,6.6,11,3.9,VERDE
sicurezza_lavoro,Provincia di Treviso,2410,2.01,5.6,11,3.4,VERDE
sicurezza_lavoro,Città metropolitana di Catania,2370,1.18,5.5,10,3.3,VERDE
sicurezza_lavoro,Provincia di Vicenza,2360,2.16,5.5,12,3.3,VERDE
sicurezza_lavoro,Città Metropolitana di Venezia,2360,2.09,5.5,11,3.3,VERDE
sicurezza_lavoro,Città metropolitana di Cagliari,2140,1.89,5.0,10,3.0,VERDE
sicurezza_lavoro,Provincia di Monza e della Brianza,1970,1.92,4.6,10,2.8,VERDE
sicurezza_lavoro,Città Metropolitana di Genova,1960,1.75,4.6,10,2.7,VERDE
sicurezza_lavoro,Provincia di Salerno,1890,1.14,4.4,10,2.6,VERDE
sicurezza_lavoro,Provincia di Varese,1850,1.97,4.3,10,2.6,VERDE
sicurezza_lavoro,Provincia di Modena,1640,1.69,3.8,10,2.3,VERDE
sicurezza_lavoro,Provincia di Perugia,1400,1.63,3.3,10,2.0,VERDE
sicurezza_lavoro,Provincia di Caserta,1390,1.25,3.2,10,1.9,VERDE
sicurezza_lavoro,Provincia autonoma di Trento,1270,2.02,3.0,10,1.8,VERDE
sicurezza_lavoro,Provincia di Como,1170,2.01,2.7,10,1.6,VERDE
sicurezza_lavoro,Provincia di Cuneo,1140,2.13,2.7,10,1.6,VERDE
sicurezza_lavoro,Provincia di Ancona,1130,1.63,2.6,10,1.6,VERDE
sicurezza_lavoro,Provincia di Pescara,1090,1.29,2.5,10,1.5,VERDE
sicurezza_lavoro,Provincia di Pavia,1070,1.92,2.5,10,1.5,VERDE
sicurezza_lavoro,Provincia di Parma,1060,1.86,2.5,10,1.5,VERDE
sicurezza_lavoro,Provincia di Lecce,1020,1.53,2.4,10,1.4,VERDE
sicurezza_lavoro,Provincia di Rimini,990,1.74,2.3,10,1.4,VERDE
sicurezza_lavoro,Provincia di Reggio Emilia,990,2.27,2.3,10,1.4,VERDE
sicurezza_lavoro,Provincia di Mantova,980,2.03,2.3,10,1.4,VERDE
sicurezza_lavoro,Provincia di Cosenza,960,1.14,2.2,10,1.3,VERDE
sicurezza_lavoro,Provincia di Lucca,930,2.21,2.2,10,1.3,VERDE
sicurezza_lavoro,Città metropolitana di Sassari,900,1.66,2.1,10,1.3,VERDE
sicurezza_lavoro,Provincia di Trieste,890,1.57,2.1,10,1.2,VERDE
sicurezza_lavoro,Provincia di Pisa,870,1.65,2.0,10,1.2,VERDE
sicurezza_lavoro,Provincia di Latina,870,1.55,2.0,10,1.2,VERDE
sicurezza_lavoro,Provincia di Cremona,800,1.96,1.9,10,1.1,GIALLO
sicurezza_lavoro,Città metropolitana di Messina,790,1.05,1.8,10,1.1,GIALLO
sicurezza_lavoro,Provincia di Novara,790,1.7,1.8,10,1.1,GIALLO
sicurezza_lavoro,Provincia di Forlì-Cesena,780,1.71,1.8,10,1.1,GIALLO
sicurezza_lavoro,Città metropolitana di Reggio Calabria,780,1.33,1.8,10,1.1,GIALLO
sicurezza_lavoro,Provincia di Livorno,770,1.79,1.8,10,1.1,GIALLO
sicurezza_lavoro,Provincia di Ravenna,770,2.12,1.8,10,1.1,GIALLO
sicurezza_lavoro,Provincia di Taranto,720,1.27,1.7,10,1.0,GIALLO
sicurezza_lavoro,Provincia di Alessandria,710,2.35,1.7,10,1.0,GIALLO
sicurezza_lavoro,Provincia di Pordenone,690,2.07,1.6,10,1.0,GIALLO
sicurezza_lavoro,Provincia di Ferrara,670,1.95,1.6,10,0.9,GIALLO
sicurezza_lavoro,Provincia di Foggia,640,1.34,1.5,10,0.9,GIALLO
sicurezza_lavoro,Provincia di Lecco,630,2.14,1.5,10,0.9,GIALLO
sicurezza_lavoro,Provincia di Chieti,620,1.6,1.4,10,0.9,GIALLO
sicurezza_lavoro,Provincia di Pesaro e Urbino,610,1.89,1.4,10,0.9,GIALLO
sicurezza_lavoro,Provincia di Frosinone,600,1.61,1.4,10,0.8,GIALLO
sicurezza_lavoro,Provincia di Piacenza,600,1.6,1.4,10,0.8,GIALLO
sicurezza_lavoro,Provincia di Potenza,580,1.28,1.4,10,0.8,GIALLO
sicurezza_lavoro,Provincia autonoma di Bolzano - Alto Adige,580,1.89,1.4,10,0.8,GIALLO
sicurezza_lavoro,Provincia di Avellino,540,1.17,1.3,10,0.8,GIALLO
sicurezza_lavoro,Provincia di Arezzo,540,1.52,1.3,10,0.8,GIALLO
sicurezza_lavoro,Provincia di Siena,530,1.63,1.2,10,0.7,GIALLO
sicurezza_lavoro,Provincia dell'Aquila,510,1.62,1.2,10,0.7,GIALLO
sicurezza_lavoro,Provincia di Teramo,470,1.29,1.1,10,0.7,GIALLO
sicurezza_lavoro,Provincia di Macerata,470,1.97,1.1,10,0.7,GIALLO
sicurezza_lavoro,Provincia di Pistoia,470,1.34,1.1,10,0.7,GIALLO
sicurezza_lavoro,Provincia di Prato,460,2.11,1.1,10,0.6,GIALLO
sicurezza_lavoro,Provincia di Catanzaro,450,0.88,1.1,10,0.6,GIALLO
sicurezza_lavoro,Provincia di Lodi,450,2.0,1.1,10,0.6,GIALLO
sicurezza_lavoro,Provincia di Viterbo,420,1.69,1.0,10,0.6,GIALLO
sicurezza_lavoro,Provincia di Brindisi,390,1.28,0.9,0,0.5,ROSSO
sicurezza_lavoro,Provincia della Spezia,380,2.17,0.9,0,0.5,ROSSO
sicurezza_lavoro,Provincia di Massa e Carrara,360,1.9,0.8,0,0.5,ROSSO
sicurezza_lavoro,Provincia di Rovigo,360,1.88,0.8,0,0.5,ROSSO
sicurezza_lavoro,Provincia di Benevento,350,1.06,0.8,0,0.5,ROSSO
sicurezza_lavoro,Provincia di Savona,340,1.61,0.8,0,0.5,ROSSO
sicurezza_lavoro,Provincia di Terni,330,1.34,0.8,0,0.5,ROSSO
sicurezza_lavoro,Provincia di Belluno,320,1.88,0.7,0,0.4,ROSSO
sicurezza_lavoro,Provincia di Sondrio,310,2.12,0.7,0,0.4,ROSSO
sicurezza_lavoro,Provincia di Barletta-Andria-Trani,300,1.28,0.7,0,0.4,ROSSO
sicurezza_lavoro,Provincia di Ascoli Piceno,290,1.72,0.7,0,0.4,ROSSO
sicurezza_lavoro,Provincia di Campobasso,280,1.3,0.7,0,0.4,ROSSO
sicurezza_lavoro,Provincia di Fermo,270,1.76,0.6,0,0.4,ROSSO
sicurezza_lavoro,Provincia di Grosseto,260,2.23,0.6,0,0.4,ROSSO
sicurezza_lavoro,Provincia di Asti,250,1.77,0.6,0,0.4,ROSSO
sicurezza_lavoro,Provincia di Gorizia,230,1.93,0.5,0,0.3,ROSSO
sicurezza_lavoro,Provincia di Biella,220,2.0,0.5,0,0.3,ROSSO
sicurezza_lavoro,Provincia di Vercelli,210,1.94,0.5,0,0.3,ROSSO
sicurezza_lavoro,Provincia di Nuoro,210,2.49,0.5,0,0.3,ROSSO
sicurezza_lavoro,Provincia di Imperia,210,1.81,0.5,0,0.3,ROSSO
sicurezza_lavoro,Provincia di Carbonia-Iglesias,190,1.32,0.4,0,0.3,ROSSO
sicurezza_lavoro,Provincia di Oristano,170,1.58,0.4,0,0.2,ROSSO
sicurezza_lavoro,Provincia di Matera,170,1.51,0.4,0,0.2,ROSSO
sicurezza_lavoro,Provincia di Rieti,130,1.4,0.3,0,0.2,ROSSO
sicurezza_lavoro,Provincia di Vibo Valentia,100,1.32,0.2,0,0.1,ROSSO
sicurezza_lavoro,Provincia di Crotone,70,1.13,0.2,0,0.1,ROSSO
sicurezza_lavoro,Provincia di Isernia,50,1.14,0.1,0,0.1,ROSSO
software_gestionale,Città metropolitana di Milano,6220,3.77,14.5,23,8.7,VERDE
software_gestionale,Città metropolitana di Roma Capitale,2980,3.85,7.0,23,4.2,VERDE
software_gestionale,Città Metropolitana di Napoli,1630,4.62,3.8,18,2.3,VERDE
software_gestionale,Città Metropolitana di Torino,1040,4.24,2.4,10,1.5,VERDE
software_gestionale,Città Metropolitana di Bologna,790,3.4,1.8,10,1.1,GIALLO
software_gestionale,Città Metropolitana di Bari,780,4.26,1.8,10,1.1,GIALLO
software_gestionale,Città metropolitana di Palermo,660,3.37,1.5,10,0.9,GIALLO
software_gestionale,Città Metropolitana di Firenze,570,3.96,1.3,10,0.8,GIALLO
software_gestionale,Provincia di Verona,560,3.48,1.3,10,0.8,GIALLO
software_gestionale,Provincia di Brescia,510,3.79,1.2,10,0.7,GIALLO
software_gestionale,Provincia di Bergamo,510,4.17,1.2,10,0.7,GIALLO
software_gestionale,Provincia di Padova,440,2.84,1.0,10,0.6,GIALLO
software_gestionale,Città metropolitana di Catania,410,3.69,1.0,10,0.6,GIALLO
software_gestionale,Provincia di Treviso,370,3.13,0.9,0,0.5,ROSSO
software_gestionale,Provincia di Salerno,370,6.52,0.9,0,0.5,ROSSO
software_gestionale,Provincia di Vicenza,360,3.24,0.8,0,0.5,ROSSO
software_gestionale,Città metropolitana di Cagliari,290,2.7,0.7,0,0.4,ROSSO
software_gestionale,Provincia di Monza e della Brianza,290,4.07,0.7,0,0.4,ROSSO
software_gestionale,Città Metropolitana di Venezia,280,3.33,0.7,0,0.4,ROSSO
software_gestionale,Provincia di Modena,260,2.51,0.6,0,0.4,ROSSO
software_gestionale,Provincia di Varese,260,2.53,0.6,0,0.4,ROSSO
software_gestionale,Città Metropolitana di Genova,210,3.39,0.5,0,0.3,ROSSO
software_gestionale,Provincia di Caserta,210,6.17,0.5,0,0.3,ROSSO
software_gestionale,Provincia di Pescara,190,2.44,0.4,0,0.3,ROSSO
software_gestionale,Provincia di Lecce,170,4.58,0.4,0,0.2,ROSSO
software_gestionale,Città metropolitana di Reggio Calabria,150,6.41,0.4,0,0.2,ROSSO
software_gestionale,Provincia di Parma,140,6.4,0.3,0,0.2,ROSSO
software_gestionale,Provincia autonoma di Trento,140,5.09,0.3,0,0.2,ROSSO
software_gestionale,Provincia di Rimini,140,2.31,0.3,0,0.2,ROSSO
software_gestionale,Provincia di Como,140,3.81,0.3,0,0.2,ROSSO
software_gestionale,Provincia di Reggio Emilia,140,2.42,0.3,0,0.2,ROSSO
software_gestionale,Provincia di Cuneo,130,4.18,0.3,0,0.2,ROSSO
software_gestionale,Provincia di Novara,130,2.43,0.3,0,0.2,ROSSO
software_gestionale,Provincia di Pavia,130,3.72,0.3,0,0.2,ROSSO
software_gestionale,Provincia di Lucca,130,2.74,0.3,0,0.2,ROSSO
software_gestionale,Provincia di Mantova,130,3.13,0.3,0,0.2,ROSSO
software_gestionale,Provincia di Trieste,130,2.17,0.3,0,0.2,ROSSO
software_gestionale,Provincia di Perugia,120,2.7,0.3,0,0.2,ROSSO
software_gestionale,Provincia di Ancona,120,3.26,0.3,0,0.2,ROSSO
software_gestionale,Provincia di Chieti,120,3.43,0.3,0,0.2,ROSSO
software_gestionale,Provincia di Potenza,110,4.27,0.3,0,0.2,ROSSO
software_gestionale,Provincia di Livorno,100,1.68,0.2,0,0.1,ROSSO
software_gestionale,Provincia di Taranto,100,1.15,0.2,0,0.1,ROSSO
software_gestionale,Provincia di Forlì-Cesena,90,3.03,0.2,0,0.1,ROSSO
software_gestionale,Provincia di Pordenone,90,4.4,0.2,0,0.1,ROSSO
software_gestionale,Provincia di Avellino,90,1.69,0.2,0,0.1,ROSSO
software_gestionale,Città metropolitana di Messina,90,3.08,0.2,0,0.1,ROSSO
software_gestionale,Provincia di Foggia,80,6.03,0.2,0,0.1,ROSSO
software_gestionale,Provincia di Piacenza,80,2.26,0.2,0,0.1,ROSSO
software_gestionale,Provincia di Latina,80,1.86,0.2,0,0.1,ROSSO
software_gestionale,Provincia di Pisa,80,2.06,0.2,0,0.1,ROSSO
software_gestionale,Città metropolitana di Sassari,80,0.92,0.2,0,0.1,ROSSO
software_gestionale,Provincia di Ravenna,70,2.85,0.2,0,0.1,ROSSO
software_gestionale,Provincia di Pistoia,70,3.58,0.2,0,0.1,ROSSO
software_gestionale,Provincia di Cremona,70,1.68,0.2,0,0.1,ROSSO
software_gestionale,Provincia autonoma di Bolzano - Alto Adige,70,0.77,0.2,0,0.1,ROSSO
software_gestionale,Provincia di Lecco,70,2.9,0.2,0,0.1,ROSSO
software_gestionale,Provincia di Alessandria,70,2.82,0.2,0,0.1,ROSSO
software_gestionale,Provincia di Cosenza,70,2.5,0.2,0,0.1,ROSSO
software_gestionale,Provincia di Arezzo,60,1.66,0.1,0,0.1,ROSSO
software_gestionale,Provincia di Frosinone,60,3.01,0.1,0,0.1,ROSSO
software_gestionale,Provincia di Lodi,60,3.18,0.1,0,0.1,ROSSO
software_gestionale,Provincia di Ferrara,60,4.02,0.1,0,0.1,ROSSO
software_gestionale,Provincia dell'Aquila,50,3.62,0.1,0,0.1,ROSSO
software_gestionale,Provincia di Macerata,50,1.05,0.1,0,0.1,ROSSO
software_gestionale,Provincia di Brindisi,50,5.3,0.1,0,0.1,ROSSO
software_gestionale,Provincia della Spezia,50,4.55,0.1,0,0.1,ROSSO
software_gestionale,Provincia di Barletta-Andria-Trani,40,2.21,0.1,0,0.1,ROSSO
software_gestionale,Provincia di Ascoli Piceno,40,0.87,0.1,0,0.1,ROSSO
software_gestionale,Provincia di Pesaro e Urbino,40,1.98,0.1,0,0.1,ROSSO
software_gestionale,Provincia di Prato,40,2.79,0.1,0,0.1,ROSSO
software_gestionale,Provincia di Viterbo,40,1.14,0.1,0,0.1,ROSSO
software_gestionale,Provincia di Campobasso,40,3.61,0.1,0,0.1,ROSSO
software_gestionale,Provincia di Grosseto,30,0.93,0.1,0,0.0,ROSSO
software_gestionale,Provincia di Gorizia,30,1.68,0.1,0,0.0,ROSSO
software_gestionale,Provincia di Massa e Carrara,30,1.41,0.1,0,0.0,ROSSO
software_gestionale,Provincia di Catanzaro,30,1.57,0.1,0,0.0,ROSSO
software_gestionale,Provincia di Rovigo,30,2.46,0.1,0,0.0,ROSSO
software_gestionale,Provincia di Fermo,30,0.8,0.1,0,0.0,ROSSO
software_gestionale,Provincia di Benevento,30,1.47,0.1,0,0.0,ROSSO
software_gestionale,Provincia di Belluno,30,2.12,0.1,0,0.0,ROSSO
software_gestionale,Provincia di Teramo,30,2.32,0.1,0,0.0,ROSSO
software_gestionale,Provincia di Crotone,30,6.47,0.1,0,0.0,ROSSO
software_gestionale,Provincia di Terni,30,2.7,0.1,0,0.0,ROSSO
software_gestionale,Provincia di Isernia,20,0.51,0.0,0,0.0,ROSSO
software_gestionale,Provincia di Imperia,20,0.56,0.0,0,0.0,ROSSO
software_gestionale,Provincia di Carbonia-Iglesias,20,0.35,0.0,0,0.0,ROSSO
software_gestionale,Provincia di Savona,20,0.55,0.0,0,0.0,ROSSO
software_gestionale,Provincia di Nuoro,20,0.76,0.0,0,0.0,ROSSO
software_gestionale,Provincia di Matera,20,0.96,0.0,0,0.0,ROSSO
software_gestionale,Provincia di Siena,20,1.32,0.0,0,0.0,ROSSO
software_gestionale,Provincia di Oristano,20,0.32,0.0,0,0.0,ROSSO
software_gestionale,Provincia di Vercelli,20,0.55,0.0,0,0.0,ROSSO
software_gestionale,Provincia di Vibo Valentia,20,0.62,0.0,0,0.0,ROSSO
software_gestionale,Provincia di Rieti,20,2.58,0.0,0,0.0,ROSSO
software_gestionale,Provincia di Asti,20,0.52,0.0,0,0.0,ROSSO
software_gestionale,Provincia di Sondrio,20,0.44,0.0,0,0.0,ROSSO
software_gestionale,Provincia di Biella,10,0,0.0,0,0.0,ROSSO
stampaggio_plastica,Città metropolitana di Milano,1280,2.81,3.0,10,1.8,VERDE
stampaggio_plastica,Città metropolitana di Roma Capitale,460,2.23,1.1,10,0.6,GIALLO
stampaggio_plastica,Città metropolitana di Palermo,260,2.8,0.6,0,0.4,ROSSO
stampaggio_plastica,Provincia di Brescia,260,2.93,0.6,0,0.4,ROSSO
stampaggio_plastica,Città Metropolitana di Torino,220,1.97,0.5,0,0.3,ROSSO
stampaggio_plastica,Provincia di Padova,210,2.29,0.5,0,0.3,ROSSO
stampaggio_plastica,Provincia di Treviso,180,3.67,0.4,0,0.3,ROSSO
stampaggio_plastica,Provincia di Bergamo,180,1.97,0.4,0,0.3,ROSSO
stampaggio_plastica,Provincia di Vicenza,160,3.11,0.4,0,0.2,ROSSO
stampaggio_plastica,Provincia di Monza e della Brianza,150,2.46,0.4,0,0.2,ROSSO
stampaggio_plastica,Provincia di Varese,150,2.41,0.4,0,0.2,ROSSO
stampaggio_plastica,Città Metropolitana di Bologna,140,3.07,0.3,0,0.2,ROSSO
stampaggio_plastica,Provincia di Reggio Emilia,100,2.89,0.2,0,0.1,ROSSO
stampaggio_plastica,Città Metropolitana di Napoli,90,1.2,0.2,0,0.1,ROSSO
stampaggio_plastica,Città Metropolitana di Firenze,80,2.04,0.2,0,0.1,ROSSO
stampaggio_plastica,Provincia di Modena,80,3.37,0.2,0,0.1,ROSSO
stampaggio_plastica,Provincia di Novara,50,0.82,0.1,0,0.1,ROSSO
stampaggio_plastica,Città Metropolitana di Venezia,50,2.46,0.1,0,0.1,ROSSO
stampaggio_plastica,Provincia di Mantova,50,4.47,0.1,0,0.1,ROSSO
stampaggio_plastica,Provincia di Verona,50,3.21,0.1,0,0.1,ROSSO
stampaggio_plastica,Provincia di Como,40,2.78,0.1,0,0.1,ROSSO
stampaggio_plastica,Provincia di Ancona,40,1.53,0.1,0,0.1,ROSSO
stampaggio_plastica,Provincia di Prato,30,1.88,0.1,0,0.0,ROSSO
stampaggio_plastica,Provincia di Lucca,30,0,0.1,0,0.0,ROSSO
stampaggio_plastica,Provincia di Pavia,30,1.64,0.1,0,0.0,ROSSO
stampaggio_plastica,Provincia di Ascoli Piceno,30,3.12,0.1,0,0.0,ROSSO
stampaggio_plastica,Provincia di Macerata,30,1.19,0.1,0,0.0,ROSSO
stampaggio_plastica,Provincia di Pordenone,30,3.05,0.1,0,0.0,ROSSO
stampaggio_plastica,Provincia autonoma di Trento,30,3.61,0.1,0,0.0,ROSSO
stampaggio_plastica,Provincia di Cremona,30,2.43,0.1,0,0.0,ROSSO
stampaggio_plastica,Provincia di Piacenza,30,2.57,0.1,0,0.0,ROSSO
stampaggio_plastica,Provincia di Alessandria,20,2.68,0.0,0,0.0,ROSSO
stampaggio_plastica,Città metropolitana di Reggio Calabria,20,1.51,0.0,0,0.0,ROSSO
stampaggio_plastica,Provincia di Lodi,20,3.95,0.0,0,0.0,ROSSO
stampaggio_plastica,Città metropolitana di Catania,20,1.04,0.0,0,0.0,ROSSO
stampaggio_plastica,Provincia di Lecco,20,1.56,0.0,0,0.0,ROSSO
stampaggio_plastica,Città Metropolitana di Bari,20,2.35,0.0,0,0.0,ROSSO
stampaggio_plastica,Provincia di Avellino,20,2.43,0.0,0,0.0,ROSSO
stampaggio_plastica,Città Metropolitana di Genova,20,1.6,0.0,0,0.0,ROSSO
stampaggio_plastica,Provincia di Cosenza,20,0.63,0.0,0,0.0,ROSSO
stampaggio_plastica,Provincia di Forlì-Cesena,20,1.55,0.0,0,0.0,ROSSO
stampaggio_plastica,Provincia di Parma,20,2.78,0.0,0,0.0,ROSSO
stampaggio_plastica,Provincia di Rimini,20,1.03,0.0,0,0.0,ROSSO
stampaggio_plastica,Provincia di Caserta,20,1.41,0.0,0,0.0,ROSSO
stampaggio_plastica,Provincia di Rovigo,20,1.88,0.0,0,0.0,ROSSO
stampaggio_plastica,Provincia di Lecce,10,0,0.0,0,0.0,ROSSO
stampaggio_plastica,Provincia di Matera,10,0,0.0,0,0.0,ROSSO
stampaggio_plastica,Provincia di Arezzo,10,0,0.0,0,0.0,ROSSO
stampaggio_plastica,Città metropolitana di Sassari,10,0,0.0,0,0.0,ROSSO
stampaggio_plastica,Provincia di Asti,10,0,0.0,0,0.0,ROSSO
stampaggio_plastica,Provincia di Pisa,10,0,0.0,0,0.0,ROSSO
stampaggio_plastica,Provincia di Terni,10,0,0.0,0,0.0,ROSSO
stampaggio_plastica,Provincia di Vibo Valentia,10,0,0.0,0,0.0,ROSSO
stampaggio_plastica,Provincia di Pescara,10,0,0.0,0,0.0,ROSSO
stampaggio_plastica,Provincia di Pistoia,10,0,0.0,0,0.0,ROSSO
stampaggio_plastica,Provincia di Taranto,10,0,0.0,0,0.0,ROSSO
stampaggio_plastica,Provincia di Perugia,10,0,0.0,0,0.0,ROSSO
stampaggio_plastica,Provincia di Latina,10,0,0.0,0,0.0,ROSSO
stampaggio_plastica,Provincia di Carbonia-Iglesias,10,0,0.0,0,0.0,ROSSO
stampaggio_plastica,Provincia di Vercelli,10,0,0.0,0,0.0,ROSSO
stampaggio_plastica,Provincia di Gorizia,10,0,0.0,0,0.0,ROSSO
stampaggio_plastica,Città metropolitana di Messina,10,0,0.0,0,0.0,ROSSO
stampaggio_plastica,Provincia di Brindisi,10,0,0.0,0,0.0,ROSSO
stampaggio_plastica,Provincia della Spezia,10,0,0.0,0,0.0,ROSSO
stampaggio_plastica,Provincia di Fermo,10,0,0.0,0,0.0,ROSSO
stampaggio_plastica,Provincia di Barletta-Andria-Trani,10,0,0.0,0,0.0,ROSSO
stampaggio_plastica,Provincia di Foggia,10,0,0.0,0,0.0,ROSSO
stampaggio_plastica,Provincia di Rieti,10,0,0.0,0,0.0,ROSSO
stampaggio_plastica,Provincia di Benevento,10,0,0.0,0,0.0,ROSSO
stampaggio_plastica,Provincia di Livorno,10,0,0.0,0,0.0,ROSSO
stampaggio_plastica,Provincia di Massa e Carrara,10,0,0.0,0,0.0,ROSSO
stampaggio_plastica,Provincia di Isernia,10,0,0.0,0,0.0,ROSSO
stampaggio_plastica,Provincia di Catanzaro,10,0,0.0,0,0.0,ROSSO
stampaggio_plastica,Provincia di Ravenna,10,0,0.0,0,0.0,ROSSO
stampaggio_plastica,Provincia di Biella,10,0,0.0,0,0.0,ROSSO
stampaggio_plastica,Provincia di Imperia,10,0,0.0,0,0.0,ROSSO
stampaggio_plastica,Provincia di Savona,10,0,0.0,0,0.0,ROSSO
stampaggio_plastica,Provincia di Pesaro e Urbino,10,0,0.0,0,0.0,ROSSO
stampaggio_plastica,Provincia di Crotone,10,0,0.0,0,0.0,ROSSO
stampaggio_plastica,Provincia di Trieste,10,0,0.0,0,0.0,ROSSO
stampaggio_plastica,Provincia di Salerno,10,0,0.0,0,0.0,ROSSO
stampaggio_plastica,Provincia autonoma di Bolzano - Alto Adige,10,0,0.0,0,0.0,ROSSO
stampaggio_plastica,Provincia di Teramo,10,0,0.0,0,0.0,ROSSO
stampaggio_plastica,Provincia dell'Aquila,10,0,0.0,0,0.0,ROSSO
stampaggio_plastica,Provincia di Frosinone,10,0,0.0,0,0.0,ROSSO
stampaggio_plastica,Provincia di Sondrio,10,0,0.0,0,0.0,ROSSO
stampaggio_plastica,Città metropolitana di Cagliari,10,0,0.0,0,0.0,ROSSO
stampaggio_plastica,Provincia di Belluno,10,0,0.0,0,0.0,ROSSO
stampaggio_plastica,Provincia di Siena,10,0,0.0,0,0.0,ROSSO
stampaggio_plastica,Provincia di Cuneo,10,0,0.0,0,0.0,ROSSO
stampaggio_plastica,Provincia di Ferrara,10,0,0.0,0,0.0,ROSSO
stampaggio_plastica,Provincia di Oristano,10,0,0.0,0,0.0,ROSSO
stampaggio_plastica,Provincia di Nuoro,10,0,0.0,0,0.0,ROSSO
stampaggio_plastica,Provincia di Grosseto,10,0,0.0,0,0.0,ROSSO
stampaggio_plastica,Provincia di Chieti,10,0,0.0,0,0.0,ROSSO
stampaggio_plastica,Provincia di Campobasso,10,0,0.0,0,0.0,ROSSO
stampaggio_plastica,Provincia di Viterbo,10,0,0.0,0,0.0,ROSSO
stampaggio_plastica,Provincia di Potenza,10,0,0.0,0,0.0,ROSSO
stufe_pellet,Città metropolitana di Milano,227840,0.5,531.6,10,319.1,VERDE
stufe_pellet,Città metropolitana di Roma Capitale,76930,0.41,179.5,10,107.7,VERDE
stufe_pellet,Città Metropolitana di Torino,40930,0.44,95.5,10,57.3,VERDE
stufe_pellet,Città Metropolitana di Napoli,28930,0.45,67.5,10,40.5,VERDE
stufe_pellet,Città Metropolitana di Bologna,26030,0.48,60.7,10,36.5,VERDE
stufe_pellet,Provincia di Brescia,19350,0.48,45.2,10,27.1,VERDE
stufe_pellet,Provincia di Padova,16720,0.44,39.0,10,23.4,VERDE
stufe_pellet,Provincia di Vicenza,16390,0.39,38.2,10,23.0,VERDE
stufe_pellet,Città metropolitana di Cagliari,15130,0.4,35.3,10,21.2,VERDE
stufe_pellet,Città Metropolitana di Firenze,14590,0.37,34.0,10,20.4,VERDE
stufe_pellet,Provincia di Verona,14370,0.39,33.5,10,20.1,VERDE
stufe_pellet,Provincia di Bergamo,13670,0.43,31.9,10,19.1,VERDE
stufe_pellet,Città metropolitana di Palermo,13580,0.38,31.7,10,19.0,VERDE
stufe_pellet,Città Metropolitana di Bari,12720,0.39,29.7,10,17.8,VERDE
stufe_pellet,Provincia di Salerno,11420,0.37,26.6,10,16.0,VERDE
stufe_pellet,Città Metropolitana di Venezia,9250,0.49,21.6,10,13.0,VERDE
stufe_pellet,Provincia di Treviso,9170,0.44,21.4,10,12.8,VERDE
stufe_pellet,Provincia di Varese,8630,0.48,20.1,10,12.1,VERDE
stufe_pellet,Provincia di Caserta,8410,0.38,19.6,10,11.8,VERDE
stufe_pellet,Provincia di Cuneo,8360,0.44,19.5,10,11.7,VERDE
stufe_pellet,Provincia di Trieste,8160,0.3,19.0,10,11.4,VERDE
stufe_pellet,Città metropolitana di Catania,8090,0.35,18.9,10,11.3,VERDE
stufe_pellet,Provincia di Perugia,7510,0.52,17.5,10,10.5,VERDE
stufe_pellet,Provincia di Pescara,6440,0.37,15.0,10,9.0,VERDE
stufe_pellet,Provincia di Pavia,6070,0.51,14.2,10,8.5,VERDE
stufe_pellet,Provincia autonoma di Trento,6020,0.47,14.0,10,8.4,VERDE
stufe_pellet,Provincia di Novara,5990,0.55,14.0,10,8.4,VERDE
stufe_pellet,Città Metropolitana di Genova,5850,0.41,13.7,10,8.2,VERDE
stufe_pellet,Provincia di Ancona,5780,0.41,13.5,10,8.1,VERDE
stufe_pellet,Provincia di Monza e della Brianza,5710,0.36,13.3,10,8.0,VERDE
stufe_pellet,Provincia di Como,5570,0.42,13.0,10,7.8,VERDE
stufe_pellet,Provincia di Avellino,5430,0.31,12.7,10,7.6,VERDE
stufe_pellet,Provincia di Alessandria,5350,0.47,12.5,10,7.5,VERDE
stufe_pellet,Provincia di Modena,5270,0.48,12.3,10,7.4,VERDE
stufe_pellet,Provincia di Lecce,5270,0.4,12.3,10,7.4,VERDE
stufe_pellet,Provincia di Reggio Emilia,4660,0.53,10.9,10,6.5,VERDE
stufe_pellet,Città metropolitana di Reggio Calabria,4580,0.39,10.7,10,6.4,VERDE
stufe_pellet,Provincia di Cosenza,4340,0.64,10.1,10,6.1,VERDE
stufe_pellet,Provincia di Mantova,4300,0.46,10.0,10,6.0,VERDE
stufe_pellet,Provincia di Cremona,4190,0.5,9.8,10,5.9,VERDE
stufe_pellet,Provincia di Potenza,4050,0.41,9.4,10,5.7,VERDE
stufe_pellet,Provincia di Rimini,4000,0.43,9.3,10,5.6,VERDE
stufe_pellet,Provincia di Frosinone,3980,0.37,9.3,10,5.6,VERDE
stufe_pellet,Provincia di Parma,3900,0.44,9.1,10,5.5,VERDE
stufe_pellet,Provincia di Lucca,3900,0.38,9.1,10,5.5,VERDE
stufe_pellet,Città metropolitana di Sassari,3680,0.84,8.6,10,5.2,VERDE
stufe_pellet,Provincia di Latina,3390,0.36,7.9,10,4.7,VERDE
stufe_pellet,Provincia di Taranto,3170,0.44,7.4,10,4.4,VERDE
stufe_pellet,Provincia di Ferrara,3170,0.49,7.4,10,4.4,VERDE
stufe_pellet,Provincia di Sondrio,3100,0.38,7.2,10,4.3,VERDE
stufe_pellet,Provincia di Pordenone,3050,0.39,7.1,10,4.3,VERDE
stufe_pellet,Provincia di Chieti,2900,0.4,6.8,10,4.1,VERDE
stufe_pellet,Provincia di Piacenza,2880,0.36,6.7,10,4.0,VERDE
stufe_pellet,Provincia di Viterbo,2760,0.59,6.4,10,3.9,VERDE
stufe_pellet,Provincia di Arezzo,2750,0.31,6.4,10,3.9,VERDE
stufe_pellet,Provincia di Pesaro e Urbino,2750,0.23,6.4,10,3.9,VERDE
stufe_pellet,Provincia di Ravenna,2680,0.91,6.3,10,3.8,VERDE
stufe_pellet,Provincia di Livorno,2650,0.38,6.2,10,3.7,VERDE
stufe_pellet,Provincia di Lecco,2640,0.49,6.2,10,3.7,VERDE
stufe_pellet,Provincia dell'Aquila,2600,0.4,6.1,10,3.6,VERDE
stufe_pellet,Provincia di Forlì-Cesena,2540,0.47,5.9,10,3.6,VERDE
stufe_pellet,Provincia di Benevento,2520,0.19,5.9,10,3.5,VERDE
stufe_pellet,Provincia di Pisa,2510,0.42,5.9,10,3.5,VERDE
stufe_pellet,Provincia di Foggia,2490,0.44,5.8,10,3.5,VERDE
stufe_pellet,Provincia autonoma di Bolzano - Alto Adige,2440,0.28,5.7,10,3.4,VERDE
stufe_pellet,Provincia di Belluno,2350,0.33,5.5,10,3.3,VERDE
stufe_pellet,Provincia di Siena,2150,0.31,5.0,10,3.0,VERDE
stufe_pellet,Provincia di Catanzaro,2120,0.68,4.9,10,3.0,VERDE
stufe_pellet,Provincia di Savona,2060,0.82,4.8,10,2.9,VERDE
stufe_pellet,Provincia di Rovigo,2050,0.64,4.8,10,2.9,VERDE
stufe_pellet,Provincia di Asti,2020,0.34,4.7,10,2.8,VERDE
stufe_pellet,Provincia di Macerata,1960,0.34,4.6,10,2.7,VERDE
stufe_pellet,Città metropolitana di Messina,1890,0.45,4.4,10,2.6,VERDE
stufe_pellet,Provincia di Biella,1830,0.44,4.3,10,2.6,VERDE
stufe_pellet,Provincia di Teramo,1830,0.32,4.3,10,2.6,VERDE
stufe_pellet,Provincia di Brindisi,1790,0.4,4.2,10,2.5,VERDE
stufe_pellet,Provincia di Campobasso,1770,0.49,4.1,10,2.5,VERDE
stufe_pellet,Provincia di Pistoia,1750,0.32,4.1,10,2.5,VERDE
stufe_pellet,Provincia di Vercelli,1700,0.43,4.0,10,2.4,VERDE
stufe_pellet,Provincia di Lodi,1630,0.54,3.8,10,2.3,VERDE
stufe_pellet,Provincia di Grosseto,1380,0.28,3.2,10,1.9,VERDE
stufe_pellet,Provincia di Massa e Carrara,1340,0.65,3.1,10,1.9,VERDE
stufe_pellet,Provincia di Rieti,1240,0.37,2.9,10,1.7,VERDE
stufe_pellet,Provincia della Spezia,1200,0.56,2.8,10,1.7,VERDE
stufe_pellet,Provincia di Ascoli Piceno,1190,0.7,2.8,10,1.7,VERDE
stufe_pellet,Provincia di Gorizia,1150,0.28,2.7,10,1.6,VERDE
stufe_pellet,Provincia di Nuoro,1110,0.37,2.6,10,1.6,VERDE
stufe_pellet,Provincia di Terni,1100,0.39,2.6,10,1.5,VERDE
stufe_pellet,Provincia di Oristano,1050,0.4,2.5,10,1.5,VERDE
stufe_pellet,Provincia di Imperia,1010,0.47,2.4,10,1.4,VERDE
stufe_pellet,Provincia di Carbonia-Iglesias,1010,0.59,2.4,10,1.4,VERDE
stufe_pellet,Provincia di Fermo,950,0.58,2.2,10,1.3,VERDE
stufe_pellet,Provincia di Prato,820,0.4,1.9,10,1.1,GIALLO
stufe_pellet,Provincia di Barletta-Andria-Trani,760,0.3,1.8,10,1.1,GIALLO
stufe_pellet,Provincia di Crotone,710,0.49,1.7,10,1.0,GIALLO
stufe_pellet,Provincia di Isernia,630,0.51,1.5,10,0.9,GIALLO
stufe_pellet,Provincia di Matera,580,0.7,1.4,10,0.8,GIALLO
stufe_pellet,Provincia di Vibo Valentia,570,0.44,1.3,10,0.8,GIALLO
tappezzeria_nautica,Città metropolitana di Milano,550,0.38,1.3,10,0.8,GIALLO
tappezzeria_nautica,Città metropolitana di Roma Capitale,340,0.38,0.8,0,0.5,ROSSO
tappezzeria_nautica,Città Metropolitana di Venezia,310,0.56,0.7,0,0.4,ROSSO
tappezzeria_nautica,Città Metropolitana di Napoli,240,0.68,0.6,0,0.3,ROSSO
tappezzeria_nautica,Provincia di Padova,130,0.42,0.3,0,0.2,ROSSO
tappezzeria_nautica,Provincia di Ancona,120,0,0.3,0,0.2,ROSSO
tappezzeria_nautica,Città metropolitana di Catania,100,0.27,0.2,0,0.1,ROSSO
tappezzeria_nautica,Provincia di Brescia,80,0,0.2,0,0.1,ROSSO
tappezzeria_nautica,Città Metropolitana di Bari,80,0.27,0.2,0,0.1,ROSSO
tappezzeria_nautica,Città metropolitana di Cagliari,60,0.39,0.1,0,0.1,ROSSO
tappezzeria_nautica,Provincia di Bergamo,60,0.32,0.1,0,0.1,ROSSO
tappezzeria_nautica,Città Metropolitana di Genova,60,0.2,0.1,0,0.1,ROSSO
tappezzeria_nautica,Città metropolitana di Palermo,60,0.43,0.1,0,0.1,ROSSO
tappezzeria_nautica,Provincia di Treviso,50,0.49,0.1,0,0.1,ROSSO
tappezzeria_nautica,Città Metropolitana di Bologna,50,0.31,0.1,0,0.1,ROSSO
tappezzeria_nautica,Città metropolitana di Sassari,50,0.55,0.1,0,0.1,ROSSO
tappezzeria_nautica,Provincia di Foggia,50,0,0.1,0,0.1,ROSSO
tappezzeria_nautica,Città Metropolitana di Torino,40,0.39,0.1,0,0.1,ROSSO
tappezzeria_nautica,Provincia di Livorno,40,0.36,0.1,0,0.1,ROSSO
tappezzeria_nautica,Città metropolitana di Reggio Calabria,40,0.5,0.1,0,0.1,ROSSO
tappezzeria_nautica,Provincia di Trieste,40,0.36,0.1,0,0.1,ROSSO
tappezzeria_nautica,Città Metropolitana di Firenze,40,0.17,0.1,0,0.1,ROSSO
tappezzeria_nautica,Provincia di Pescara,30,0.23,0.1,0,0.0,ROSSO
tappezzeria_nautica,Provincia di Pesaro e Urbino,30,0,0.1,0,0.0,ROSSO
tappezzeria_nautica,Provincia di Taranto,30,0.33,0.1,0,0.0,ROSSO
tappezzeria_nautica,Provincia di Verona,30,0.2,0.1,0,0.0,ROSSO
tappezzeria_nautica,Provincia di Lucca,30,0.35,0.1,0,0.0,ROSSO
tappezzeria_nautica,Provincia di Lecce,30,0.3,0.1,0,0.0,ROSSO
tappezzeria_nautica,Provincia di Como,30,0,0.1,0,0.0,ROSSO
tappezzeria_nautica,Provincia di Salerno,30,0.39,0.1,0,0.0,ROSSO
tappezzeria_nautica,Provincia di Vicenza,30,0,0.1,0,0.0,ROSSO
tappezzeria_nautica,Provincia di Pisa,30,0,0.1,0,0.0,ROSSO
tappezzeria_nautica,Provincia della Spezia,30,0.39,0.1,0,0.0,ROSSO
tappezzeria_nautica,Provincia di Caserta,30,0.35,0.1,0,0.0,ROSSO
tappezzeria_nautica,Città metropolitana di Messina,30,0.23,0.1,0,0.0,ROSSO
tappezzeria_nautica,Provincia di Teramo,20,0.08,0.0,0,0.0,ROSSO
tappezzeria_nautica,Provincia di Gorizia,20,0.3,0.0,0,0.0,ROSSO
tappezzeria_nautica,Provincia di Monza e della Brianza,20,0.24,0.0,0,0.0,ROSSO
tappezzeria_nautica,Provincia di Rimini,20,0.18,0.0,0,0.0,ROSSO
tappezzeria_nautica,Provincia di Latina,20,0.66,0.0,0,0.0,ROSSO
tappezzeria_nautica,Provincia di Novara,20,0.18,0.0,0,0.0,ROSSO
tappezzeria_nautica,Provincia di Crotone,20,0.35,0.0,0,0.0,ROSSO
tappezzeria_nautica,Provincia di Mantova,20,0.71,0.0,0,0.0,ROSSO
tappezzeria_nautica,Provincia di Potenza,20,0.25,0.0,0,0.0,ROSSO
tappezzeria_nautica,Provincia di Macerata,20,0.48,0.0,0,0.0,ROSSO
tappezzeria_nautica,Provincia di Massa e Carrara,20,0.07,0.0,0,0.0,ROSSO
tappezzeria_nautica,Provincia autonoma di Bolzano - Alto Adige,20,0.53,0.0,0,0.0,ROSSO
tappezzeria_nautica,Provincia di Perugia,10,0,0.0,0,0.0,ROSSO
tappezzeria_nautica,Provincia di Fermo,10,0,0.0,0,0.0,ROSSO
tappezzeria_nautica,Provincia di Lecco,10,0,0.0,0,0.0,ROSSO
tappezzeria_nautica,Provincia di Pistoia,10,0,0.0,0,0.0,ROSSO
tappezzeria_nautica,Provincia di Forlì-Cesena,10,0,0.0,0,0.0,ROSSO
tappezzeria_nautica,Provincia di Varese,10,0,0.0,0,0.0,ROSSO
tappezzeria_nautica,Provincia di Frosinone,10,0,0.0,0,0.0,ROSSO
tappezzeria_nautica,Provincia di Prato,10,0,0.0,0,0.0,ROSSO
tappezzeria_nautica,Provincia di Rieti,10,0,0.0,0,0.0,ROSSO
tappezzeria_nautica,Provincia di Ascoli Piceno,10,0,0.0,0,0.0,ROSSO
tappezzeria_nautica,Provincia di Brindisi,10,0,0.0,0,0.0,ROSSO
tappezzeria_nautica,Provincia di Vercelli,10,0,0.0,0,0.0,ROSSO
tappezzeria_nautica,Provincia di Ravenna,10,0,0.0,0,0.0,ROSSO
tappezzeria_nautica,Provincia di Isernia,10,0,0.0,0,0.0,ROSSO
tappezzeria_nautica,Provincia di Rovigo,10,0,0.0,0,0.0,ROSSO
tappezzeria_nautica,Provincia di Terni,10,0,0.0,0,0.0,ROSSO
tappezzeria_nautica,Provincia di Chieti,10,0,0.0,0,0.0,ROSSO
tappezzeria_nautica,Provincia di Pordenone,10,0,0.0,0,0.0,ROSSO
tappezzeria_nautica,Provincia autonoma di Trento,10,0,0.0,0,0.0,ROSSO
tappezzeria_nautica,Provincia di Imperia,10,0,0.0,0,0.0,ROSSO
tappezzeria_nautica,Provincia di Avellino,10,0,0.0,0,0.0,ROSSO
tappezzeria_nautica,Provincia di Parma,10,0,0.0,0,0.0,ROSSO
tappezzeria_nautica,Provincia di Campobasso,10,0,0.0,0,0.0,ROSSO
tappezzeria_nautica,Provincia di Cuneo,10,0,0.0,0,0.0,ROSSO
tappezzeria_nautica,Provincia di Vibo Valentia,10,0,0.0,0,0.0,ROSSO
tappezzeria_nautica,Provincia di Belluno,10,0,0.0,0,0.0,ROSSO
tappezzeria_nautica,Provincia di Alessandria,10,0,0.0,0,0.0,ROSSO
tappezzeria_nautica,Provincia di Carbonia-Iglesias,10,0,0.0,0,0.0,ROSSO
tappezzeria_nautica,Provincia di Nuoro,10,0,0.0,0,0.0,ROSSO
tappezzeria_nautica,Provincia di Sondrio,10,0,0.0,0,0.0,ROSSO
tappezzeria_nautica,Provincia di Arezzo,10,0,0.0,0,0.0,ROSSO
tappezzeria_nautica,Provincia di Matera,10,0,0.0,0,0.0,ROSSO
tappezzeria_nautica,Provincia dell'Aquila,10,0,0.0,0,0.0,ROSSO
tappezzeria_nautica,Provincia di Cosenza,10,0,0.0,0,0.0,ROSSO
tappezzeria_nautica,Provincia di Oristano,10,0,0.0,0,0.0,ROSSO
tappezzeria_nautica,Provincia di Barletta-Andria-Trani,10,0,0.0,0,0.0,ROSSO
tappezzeria_nautica,Provincia di Cremona,10,0,0.0,0,0.0,ROSSO
tappezzeria_nautica,Provincia di Asti,10,0,0.0,0,0.0,ROSSO
tappezzeria_nautica,Provincia di Biella,10,0,0.0,0,0.0,ROSSO
tappezzeria_nautica,Provincia di Viterbo,10,0,0.0,0,0.0,ROSSO
tappezzeria_nautica,Provincia di Savona,10,0,0.0,0,0.0,ROSSO
tappezzeria_nautica,Provincia di Pavia,10,0,0.0,0,0.0,ROSSO
tappezzeria_nautica,Provincia di Catanzaro,10,0,0.0,0,0.0,ROSSO
tappezzeria_nautica,Provincia di Grosseto,10,0,0.0,0,0.0,ROSSO
tappezzeria_nautica,Provincia di Ferrara,10,0,0.0,0,0.0,ROSSO
tappezzeria_nautica,Provincia di Benevento,10,0,0.0,0,0.0,ROSSO
tappezzeria_nautica,Provincia di Modena,10,0,0.0,0,0.0,ROSSO
tappezzeria_nautica,Provincia di Reggio Emilia,10,0,0.0,0,0.0,ROSSO
tappezzeria_nautica,Provincia di Siena,10,0,0.0,0,0.0,ROSSO
tappezzeria_nautica,Provincia di Piacenza,10,0,0.0,0,0.0,ROSSO
tappezzeria_nautica,Provincia di Lodi,10,0,0.0,0,0.0,ROSSO
tappezzieri_divani,Città metropolitana di Milano,600,1.21,1.4,10,0.8,GIALLO
tappezzieri_divani,Città metropolitana di Roma Capitale,340,0.42,0.8,0,0.5,ROSSO
tappezzieri_divani,Città Metropolitana di Torino,140,1.02,0.3,0,0.2,ROSSO
tappezzieri_divani,Provincia di Padova,110,1.04,0.3,0,0.2,ROSSO
tappezzieri_divani,Città Metropolitana di Napoli,90,0.82,0.2,0,0.1,ROSSO
tappezzieri_divani,Provincia di Brescia,60,2.18,0.1,0,0.1,ROSSO
tappezzieri_divani,Città Metropolitana di Bologna,40,1.32,0.1,0,0.1,ROSSO
tappezzieri_divani,Provincia di Verona,40,1.64,0.1,0,0.1,ROSSO
tappezzieri_divani,Provincia di Bergamo,30,1.46,0.1,0,0.0,ROSSO
tappezzieri_divani,Provincia di Como,30,2.06,0.1,0,0.0,ROSSO
tappezzieri_divani,Città Metropolitana di Firenze,20,0.39,0.0,0,0.0,ROSSO
tappezzieri_divani,Provincia di Varese,20,0.81,0.0,0,0.0,ROSSO
tappezzieri_divani,Città Metropolitana di Genova,20,0.35,0.0,0,0.0,ROSSO
tappezzieri_divani,Città Metropolitana di Venezia,20,1.09,0.0,0,0.0,ROSSO
tappezzieri_divani,Provincia di Vicenza,20,0.8,0.0,0,0.0,ROSSO
tappezzieri_divani,Provincia di Alessandria,20,1.45,0.0,0,0.0,ROSSO
tappezzieri_divani,Provincia di Mantova,20,2.89,0.0,0,0.0,ROSSO
tappezzieri_divani,Provincia di Gorizia,10,0,0.0,0,0.0,ROSSO
tappezzieri_divani,Provincia di Carbonia-Iglesias,10,0,0.0,0,0.0,ROSSO
tappezzieri_divani,Città metropolitana di Sassari,10,0,0.0,0,0.0,ROSSO
tappezzieri_divani,Provincia di Macerata,10,0,0.0,0,0.0,ROSSO
tappezzieri_divani,Provincia di Teramo,10,0,0.0,0,0.0,ROSSO
tappezzieri_divani,Provincia di Pescara,10,0,0.0,0,0.0,ROSSO
tappezzieri_divani,Provincia di Taranto,10,0,0.0,0,0.0,ROSSO
tappezzieri_divani,Provincia di Oristano,10,0,0.0,0,0.0,ROSSO
tappezzieri_divani,Provincia di Pistoia,10,0,0.0,0,0.0,ROSSO
tappezzieri_divani,Provincia di Perugia,10,0,0.0,0,0.0,ROSSO
tappezzieri_divani,Provincia di Pordenone,10,0,0.0,0,0.0,ROSSO
tappezzieri_divani,Provincia di Siena,10,0,0.0,0,0.0,ROSSO
tappezzieri_divani,Provincia di Piacenza,10,0,0.0,0,0.0,ROSSO
tappezzieri_divani,Città metropolitana di Catania,10,0,0.0,0,0.0,ROSSO
tappezzieri_divani,Città metropolitana di Palermo,10,0,0.0,0,0.0,ROSSO
tappezzieri_divani,Città metropolitana di Cagliari,10,0,0.0,0,0.0,ROSSO
tappezzieri_divani,Città metropolitana di Reggio Calabria,10,0,0.0,0,0.0,ROSSO
tappezzieri_divani,Provincia di Pavia,10,0,0.0,0,0.0,ROSSO
tappezzieri_divani,Provincia di Campobasso,10,0,0.0,0,0.0,ROSSO
tappezzieri_divani,Provincia di Grosseto,10,0,0.0,0,0.0,ROSSO
tappezzieri_divani,Città metropolitana di Messina,10,0,0.0,0,0.0,ROSSO
tappezzieri_divani,Provincia di Imperia,10,0,0.0,0,0.0,ROSSO
tappezzieri_divani,Provincia di Rovigo,10,0,0.0,0,0.0,ROSSO
tappezzieri_divani,Provincia di Ascoli Piceno,10,0,0.0,0,0.0,ROSSO
tappezzieri_divani,Provincia di Barletta-Andria-Trani,10,0,0.0,0,0.0,ROSSO
tappezzieri_divani,Provincia di Chieti,10,0,0.0,0,0.0,ROSSO
tappezzieri_divani,Città Metropolitana di Bari,10,0,0.0,0,0.0,ROSSO
tappezzieri_divani,Provincia di Livorno,10,0,0.0,0,0.0,ROSSO
tappezzieri_divani,Provincia di Ravenna,10,0,0.0,0,0.0,ROSSO
tappezzieri_divani,Provincia di Isernia,10,0,0.0,0,0.0,ROSSO
tappezzieri_divani,Provincia di Frosinone,10,0,0.0,0,0.0,ROSSO
tappezzieri_divani,Provincia di Cuneo,10,0,0.0,0,0.0,ROSSO
tappezzieri_divani,Provincia di Rimini,10,0,0.0,0,0.0,ROSSO
tappezzieri_divani,Provincia di Parma,10,0,0.0,0,0.0,ROSSO
tappezzieri_divani,Provincia di Massa e Carrara,10,0,0.0,0,0.0,ROSSO
tappezzieri_divani,Provincia autonoma di Bolzano - Alto Adige,10,0,0.0,0,0.0,ROSSO
tappezzieri_divani,Provincia dell'Aquila,10,0,0.0,0,0.0,ROSSO
tappezzieri_divani,Provincia di Forlì-Cesena,10,0,0.0,0,0.0,ROSSO
tappezzieri_divani,Provincia di Nuoro,10,0,0.0,0,0.0,ROSSO
tappezzieri_divani,Provincia di Ancona,10,0,0.0,0,0.0,ROSSO
tappezzieri_divani,Provincia di Treviso,10,0,0.0,0,0.0,ROSSO
tappezzieri_divani,Provincia di Sondrio,10,0,0.0,0,0.0,ROSSO
tappezzieri_divani,Provincia di Pesaro e Urbino,10,0,0.0,0,0.0,ROSSO
tappezzieri_divani,Provincia di Belluno,10,0,0.0,0,0.0,ROSSO
tappezzieri_divani,Provincia della Spezia,10,0,0.0,0,0.0,ROSSO
tappezzieri_divani,Provincia di Reggio Emilia,10,0,0.0,0,0.0,ROSSO
tappezzieri_divani,Provincia di Latina,10,0,0.0,0,0.0,ROSSO
tappezzieri_divani,Provincia di Monza e della Brianza,10,0,0.0,0,0.0,ROSSO
tappezzieri_divani,Provincia di Arezzo,10,0,0.0,0,0.0,ROSSO
tappezzieri_divani,Provincia di Matera,10,0,0.0,0,0.0,ROSSO
tappezzieri_divani,Provincia di Lecce,10,0,0.0,0,0.0,ROSSO
tappezzieri_divani,Provincia di Novara,10,0,0.0,0,0.0,ROSSO
tappezzieri_divani,Provincia di Catanzaro,10,0,0.0,0,0.0,ROSSO
tappezzieri_divani,Provincia di Salerno,10,0,0.0,0,0.0,ROSSO
tappezzieri_divani,Provincia di Benevento,10,0,0.0,0,0.0,ROSSO
tappezzieri_divani,Provincia di Trieste,10,0,0.0,0,0.0,ROSSO
tappezzieri_divani,Provincia di Cosenza,10,0,0.0,0,0.0,ROSSO
tappezzieri_divani,Provincia di Terni,10,0,0.0,0,0.0,ROSSO
tappezzieri_divani,Provincia di Avellino,10,0,0.0,0,0.0,ROSSO
tappezzieri_divani,Provincia di Crotone,10,0,0.0,0,0.0,ROSSO
tappezzieri_divani,Provincia di Lucca,10,0,0.0,0,0.0,ROSSO
tappezzieri_divani,Provincia di Rieti,10,0,0.0,0,0.0,ROSSO
tappezzieri_divani,Provincia di Foggia,10,0,0.0,0,0.0,ROSSO
tappezzieri_divani,Provincia di Prato,10,0,0.0,0,0.0,ROSSO
tappezzieri_divani,Provincia di Biella,10,0,0.0,0,0.0,ROSSO
tappezzieri_divani,Provincia di Viterbo,10,0,0.0,0,0.0,ROSSO
tappezzieri_divani,Provincia di Potenza,10,0,0.0,0,0.0,ROSSO
tappezzieri_divani,Provincia di Lodi,10,0,0.0,0,0.0,ROSSO
tappezzieri_divani,Provincia autonoma di Trento,10,0,0.0,0,0.0,ROSSO
tappezzieri_divani,Provincia di Savona,10,0,0.0,0,0.0,ROSSO
tappezzieri_divani,Provincia di Cremona,10,0,0.0,0,0.0,ROSSO
tappezzieri_divani,Provincia di Brindisi,10,0,0.0,0,0.0,ROSSO
tappezzieri_divani,Provincia di Asti,10,0,0.0,0,0.0,ROSSO
tappezzieri_divani,Provincia di Lecco,10,0,0.0,0,0.0,ROSSO
tappezzieri_divani,Provincia di Vercelli,10,0,0.0,0,0.0,ROSSO
tappezzieri_divani,Provincia di Caserta,10,0,0.0,0,0.0,ROSSO
tappezzieri_divani,Provincia di Pisa,10,0,0.0,0,0.0,ROSSO
tappezzieri_divani,Provincia di Fermo,10,0,0.0,0,0.0,ROSSO
tappezzieri_divani,Provincia di Modena,10,0,0.0,0,0.0,ROSSO
tappezzieri_divani,Provincia di Vibo Valentia,10,0,0.0,0,0.0,ROSSO
tappezzieri_divani,Provincia di Ferrara,10,0,0.0,0,0.0,ROSSO
terzo_responsabile,Città metropolitana di Milano,1580,1.11,3.7,10,2.2,VERDE
terzo_responsabile,Città metropolitana di Roma Capitale,890,3.07,2.1,10,1.2,VERDE
terzo_responsabile,Città Metropolitana di Torino,500,2.08,1.2,10,0.7,GIALLO
terzo_responsabile,Città Metropolitana di Bologna,200,0,0.5,0,0.3,ROSSO
terzo_responsabile,Città Metropolitana di Genova,80,0,0.2,0,0.1,ROSSO
terzo_responsabile,Provincia di Bergamo,70,0,0.2,0,0.1,ROSSO
terzo_responsabile,Città Metropolitana di Napoli,60,0,0.1,0,0.1,ROSSO
terzo_responsabile,Provincia di Varese,60,0,0.1,0,0.1,ROSSO
terzo_responsabile,Città Metropolitana di Firenze,60,0,0.1,0,0.1,ROSSO
terzo_responsabile,Provincia di Monza e della Brianza,60,0,0.1,0,0.1,ROSSO
terzo_responsabile,Provincia autonoma di Trento,30,0,0.1,0,0.0,ROSSO
terzo_responsabile,Provincia di Salerno,30,0,0.1,0,0.0,ROSSO
terzo_responsabile,Provincia di Trieste,30,0,0.1,0,0.0,ROSSO
terzo_responsabile,Provincia di Como,30,0,0.1,0,0.0,ROSSO
terzo_responsabile,Provincia autonoma di Bolzano - Alto Adige,30,0,0.1,0,0.0,ROSSO
terzo_responsabile,Provincia di Verona,30,0,0.1,0,0.0,ROSSO
terzo_responsabile,Città Metropolitana di Venezia,30,0,0.1,0,0.0,ROSSO
terzo_responsabile,Provincia di Padova,30,0,0.1,0,0.0,ROSSO
terzo_responsabile,Città Metropolitana di Bari,30,0,0.1,0,0.0,ROSSO
terzo_responsabile,Provincia di Novara,30,0,0.1,0,0.0,ROSSO
terzo_responsabile,Provincia di Pavia,30,0,0.1,0,0.0,ROSSO
terzo_responsabile,Provincia di Alessandria,30,0,0.1,0,0.0,ROSSO
terzo_responsabile,Città metropolitana di Palermo,30,0,0.1,0,0.0,ROSSO
terzo_responsabile,Provincia di Brescia,30,0,0.1,0,0.0,ROSSO
terzo_responsabile,Provincia di Cuneo,20,0.22,0.0,0,0.0,ROSSO
terzo_responsabile,Provincia di Belluno,10,0,0.0,0,0.0,ROSSO
terzo_responsabile,Provincia di Rimini,10,0,0.0,0,0.0,ROSSO
terzo_responsabile,Provincia di Piacenza,10,0,0.0,0,0.0,ROSSO
terzo_responsabile,Provincia di Barletta-Andria-Trani,10,0,0.0,0,0.0,ROSSO
terzo_responsabile,Provincia di Sondrio,10,0,0.0,0,0.0,ROSSO
terzo_responsabile,Provincia di Lecco,10,0,0.0,0,0.0,ROSSO
terzo_responsabile,Provincia di Campobasso,10,0,0.0,0,0.0,ROSSO
terzo_responsabile,Provincia di Grosseto,10,0,0.0,0,0.0,ROSSO
terzo_responsabile,Provincia di Fermo,10,0,0.0,0,0.0,ROSSO
terzo_responsabile,Provincia di Ancona,10,0,0.0,0,0.0,ROSSO
terzo_responsabile,Provincia di Macerata,10,0,0.0,0,0.0,ROSSO
terzo_responsabile,Provincia di Vicenza,10,0,0.0,0,0.0,ROSSO
terzo_responsabile,Provincia di Rovigo,10,0,0.0,0,0.0,ROSSO
terzo_responsabile,Provincia di Oristano,10,0,0.0,0,0.0,ROSSO
terzo_responsabile,Provincia di Lucca,10,0,0.0,0,0.0,ROSSO
terzo_responsabile,Provincia di Chieti,10,0,0.0,0,0.0,ROSSO
terzo_responsabile,Provincia di Prato,10,0,0.0,0,0.0,ROSSO
terzo_responsabile,Provincia di Rieti,10,0,0.0,0,0.0,ROSSO
terzo_responsabile,Provincia di Crotone,10,0,0.0,0,0.0,ROSSO
terzo_responsabile,Provincia di Pordenone,10,0,0.0,0,0.0,ROSSO
terzo_responsabile,Provincia di Mantova,10,0,0.0,0,0.0,ROSSO
terzo_responsabile,Provincia di Cosenza,10,0,0.0,0,0.0,ROSSO
terzo_responsabile,Provincia di Lodi,10,0,0.0,0,0.0,ROSSO
terzo_responsabile,Provincia di Viterbo,10,0,0.0,0,0.0,ROSSO
terzo_responsabile,Provincia di Frosinone,10,0,0.0,0,0.0,ROSSO
terzo_responsabile,Provincia di Potenza,10,0,0.0,0,0.0,ROSSO
terzo_responsabile,Provincia di Terni,10,0,0.0,0,0.0,ROSSO
terzo_responsabile,Provincia di Forlì-Cesena,10,0,0.0,0,0.0,ROSSO
terzo_responsabile,Provincia di Lecce,10,0,0.0,0,0.0,ROSSO
terzo_responsabile,Provincia dell'Aquila,10,0,0.0,0,0.0,ROSSO
terzo_responsabile,Provincia di Cremona,10,0,0.0,0,0.0,ROSSO
terzo_responsabile,Città metropolitana di Reggio Calabria,10,0,0.0,0,0.0,ROSSO
terzo_responsabile,Provincia di Caserta,10,0,0.0,0,0.0,ROSSO
terzo_responsabile,Provincia di Teramo,10,0,0.0,0,0.0,ROSSO
terzo_responsabile,Provincia di Asti,10,0,0.0,0,0.0,ROSSO
terzo_responsabile,Provincia di Pesaro e Urbino,10,0,0.0,0,0.0,ROSSO
terzo_responsabile,Provincia di Ascoli Piceno,10,0,0.0,0,0.0,ROSSO
terzo_responsabile,Provincia di Ferrara,10,0,0.0,0,0.0,ROSSO
terzo_responsabile,Provincia di Pisa,10,0,0.0,0,0.0,ROSSO
terzo_responsabile,Città metropolitana di Cagliari,10,0,0.0,0,0.0,ROSSO
terzo_responsabile,Provincia di Nuoro,10,0,0.0,0,0.0,ROSSO
terzo_responsabile,Provincia di Catanzaro,10,0,0.0,0,0.0,ROSSO
terzo_responsabile,Provincia di Modena,10,0,0.0,0,0.0,ROSSO
terzo_responsabile,Provincia di Benevento,10,0,0.0,0,0.0,ROSSO
terzo_responsabile,Provincia di Gorizia,10,0,0.0,0,0.0,ROSSO
terzo_responsabile,Provincia di Perugia,10,0,0.0,0,0.0,ROSSO
terzo_responsabile,Provincia di Parma,10,0,0.0,0,0.0,ROSSO
terzo_responsabile,Provincia di Massa e Carrara,10,0,0.0,0,0.0,ROSSO
terzo_responsabile,Provincia di Pescara,10,0,0.0,0,0.0,ROSSO
terzo_responsabile,Provincia di Pistoia,10,0,0.0,0,0.0,ROSSO
terzo_responsabile,Provincia di Taranto,10,0,0.0,0,0.0,ROSSO
terzo_responsabile,Provincia di Avellino,10,0,0.0,0,0.0,ROSSO
terzo_responsabile,Provincia di Foggia,10,0,0.0,0,0.0,ROSSO
terzo_responsabile,Provincia della Spezia,10,0,0.0,0,0.0,ROSSO
terzo_responsabile,Provincia di Reggio Emilia,10,0,0.0,0,0.0,ROSSO
terzo_responsabile,Provincia di Biella,10,0,0.0,0,0.0,ROSSO
terzo_responsabile,Provincia di Savona,10,0,0.0,0,0.0,ROSSO
terzo_responsabile,Provincia di Arezzo,10,0,0.0,0,0.0,ROSSO
terzo_responsabile,Provincia di Carbonia-Iglesias,10,0,0.0,0,0.0,ROSSO
terzo_responsabile,Provincia di Matera,10,0,0.0,0,0.0,ROSSO
terzo_responsabile,Provincia di Brindisi,10,0,0.0,0,0.0,ROSSO
terzo_responsabile,Città metropolitana di Catania,10,0,0.0,0,0.0,ROSSO
terzo_responsabile,Provincia di Imperia,10,0,0.0,0,0.0,ROSSO
terzo_responsabile,Provincia di Vibo Valentia,10,0,0.0,0,0.0,ROSSO
terzo_responsabile,Provincia di Vercelli,10,0,0.0,0,0.0,ROSSO
terzo_responsabile,Provincia di Livorno,10,0,0.0,0,0.0,ROSSO
terzo_responsabile,Provincia di Ravenna,10,0,0.0,0,0.0,ROSSO
terzo_responsabile,Provincia di Isernia,10,0,0.0,0,0.0,ROSSO
terzo_responsabile,Città metropolitana di Messina,10,0,0.0,0,0.0,ROSSO
terzo_responsabile,Provincia di Siena,10,0,0.0,0,0.0,ROSSO
terzo_responsabile,Città metropolitana di Sassari,10,0,0.0,0,0.0,ROSSO
terzo_responsabile,Provincia di Treviso,10,0,0.0,0,0.0,ROSSO
terzo_responsabile,Provincia di Latina,10,0,0.0,0,0.0,ROSSO
ticket_eventi,Città metropolitana di Milano,83570,0.14,195.0,10,117.0,VERDE
ticket_eventi,Città metropolitana di Roma Capitale,46150,0.15,107.7,10,64.6,VERDE
ticket_eventi,Città Metropolitana di Napoli,23470,0.15,54.8,10,32.9,VERDE
ticket_eventi,Città Metropolitana di Torino,13680,0.16,31.9,10,19.2,VERDE
ticket_eventi,Città Metropolitana di Bologna,13130,0.14,30.6,10,18.4,VERDE
ticket_eventi,Città Metropolitana di Bari,9380,0.14,21.9,10,13.1,VERDE
ticket_eventi,Città Metropolitana di Firenze,7270,0.18,17.0,10,10.2,VERDE
ticket_eventi,Città metropolitana di Palermo,6170,0.15,14.4,10,8.6,VERDE
ticket_eventi,Provincia di Brescia,5830,0.15,13.6,10,8.2,VERDE
ticket_eventi,Provincia di Bergamo,5380,0.15,12.6,10,7.5,VERDE
ticket_eventi,Provincia di Padova,5120,0.13,11.9,10,7.2,VERDE
ticket_eventi,Provincia di Salerno,5060,0.13,11.8,10,7.1,VERDE
ticket_eventi,Città metropolitana di Catania,4730,0.14,11.0,10,6.6,VERDE
ticket_eventi,Provincia di Caserta,4660,0.15,10.9,10,6.5,VERDE
ticket_eventi,Provincia di Monza e della Brianza,4620,0.15,10.8,10,6.5,VERDE
ticket_eventi,Provincia di Verona,4540,0.17,10.6,10,6.4,VERDE
ticket_eventi,Città Metropolitana di Genova,4180,0.14,9.8,10,5.9,VERDE
ticket_eventi,Provincia di Varese,4130,0.18,9.6,10,5.8,VERDE
ticket_eventi,Città Metropolitana di Venezia,4030,0.14,9.4,10,5.6,VERDE
ticket_eventi,Provincia di Vicenza,3900,0.12,9.1,10,5.5,VERDE
ticket_eventi,Provincia di Treviso,3230,0.13,7.5,10,4.5,VERDE
ticket_eventi,Città metropolitana di Cagliari,3110,0.15,7.3,10,4.4,VERDE
ticket_eventi,Provincia di Perugia,3000,0.14,7.0,10,4.2,VERDE
ticket_eventi,Provincia di Modena,2850,0.19,6.7,10,4.0,VERDE
ticket_eventi,Provincia di Lecce,2720,0.13,6.3,10,3.8,VERDE
ticket_eventi,Provincia di Pescara,2640,0.14,6.2,10,3.7,VERDE
ticket_eventi,Provincia di Ancona,2560,0.16,6.0,10,3.6,VERDE
ticket_eventi,Provincia di Como,2450,0.16,5.7,10,3.4,VERDE
ticket_eventi,Provincia di Rimini,2400,0.17,5.6,10,3.4,VERDE
ticket_eventi,Provincia di Latina,2320,0.16,5.4,10,3.2,VERDE
ticket_eventi,Provincia di Foggia,2010,0.15,4.7,10,2.8,VERDE
ticket_eventi,Provincia di Trieste,1960,0.13,4.6,10,2.7,VERDE
ticket_eventi,Provincia di Cuneo,1910,0.14,4.5,10,2.7,VERDE
ticket_eventi,Provincia di Pavia,1790,0.13,4.2,10,2.5,VERDE
ticket_eventi,Provincia di Taranto,1710,0.15,4.0,10,2.4,VERDE
ticket_eventi,Città metropolitana di Sassari,1660,0.2,3.9,10,2.3,VERDE
ticket_eventi,Provincia di Reggio Emilia,1630,0.14,3.8,10,2.3,VERDE
ticket_eventi,Provincia di Lucca,1580,0.16,3.7,10,2.2,VERDE
ticket_eventi,Provincia autonoma di Trento,1550,0.17,3.6,10,2.2,VERDE
ticket_eventi,Provincia di Cosenza,1540,0.16,3.6,10,2.2,VERDE
ticket_eventi,Provincia di Frosinone,1510,0.1,3.5,10,2.1,VERDE
ticket_eventi,Provincia di Parma,1500,0.18,3.5,10,2.1,VERDE
ticket_eventi,Provincia di Novara,1500,0.13,3.5,10,2.1,VERDE
ticket_eventi,Provincia di Pisa,1430,0.16,3.3,10,2.0,VERDE
ticket_eventi,Provincia di Ravenna,1380,0.14,3.2,10,1.9,VERDE
ticket_eventi,Provincia di Forlì-Cesena,1300,0.17,3.0,10,1.8,VERDE
ticket_eventi,Provincia di Ferrara,1230,0.15,2.9,10,1.7,VERDE
ticket_eventi,Provincia di Barletta-Andria-Trani,1180,0.13,2.8,10,1.7,VERDE
ticket_eventi,Provincia di Lecco,1180,0.12,2.8,10,1.7,VERDE
ticket_eventi,Provincia di Avellino,1170,0.12,2.7,10,1.6,VERDE
ticket_eventi,Provincia di Cremona,1160,0.15,2.7,10,1.6,VERDE
ticket_eventi,Provincia di Pesaro e Urbino,1160,0.16,2.7,10,1.6,VERDE
ticket_eventi,Città metropolitana di Reggio Calabria,1150,0.13,2.7,10,1.6,VERDE
ticket_eventi,Città metropolitana di Messina,1140,0.12,2.7,10,1.6,VERDE
ticket_eventi,Provincia di Chieti,1130,0.14,2.6,10,1.6,VERDE
ticket_eventi,Provincia di Alessandria,1060,0.16,2.5,10,1.5,VERDE
ticket_eventi,Provincia di Mantova,1040,0.17,2.4,10,1.5,VERDE
ticket_eventi,Provincia di Livorno,1000,0.18,2.3,10,1.4,VERDE
ticket_eventi,Provincia di Teramo,1000,0.14,2.3,10,1.4,VERDE
ticket_eventi,Provincia di Potenza,1000,0.13,2.3,10,1.4,VERDE
ticket_eventi,Provincia di Catanzaro,1000,0.19,2.3,10,1.4,VERDE
ticket_eventi,Provincia di Arezzo,970,0.2,2.3,10,1.4,VERDE
ticket_eventi,Provincia di Macerata,930,0.16,2.2,10,1.3,VERDE
ticket_eventi,Provincia di Brindisi,870,0.23,2.0,10,1.2,VERDE
ticket_eventi,Provincia di Pistoia,840,0.15,2.0,10,1.2,VERDE
ticket_eventi,Provincia di Viterbo,810,0.16,1.9,10,1.1,GIALLO
ticket_eventi,Provincia di Siena,800,0.16,1.9,10,1.1,GIALLO
ticket_eventi,Provincia dell'Aquila,740,0.17,1.7,10,1.0,GIALLO
ticket_eventi,Provincia di Savona,660,0.17,1.5,10,0.9,GIALLO
ticket_eventi,Provincia di Ascoli Piceno,640,0.14,1.5,10,0.9,GIALLO
ticket_eventi,Provincia di Pordenone,640,0.13,1.5,10,0.9,GIALLO
ticket_eventi,Provincia di Prato,620,0.21,1.4,10,0.9,GIALLO
ticket_eventi,Provincia di Piacenza,600,0.18,1.4,10,0.8,GIALLO
ticket_eventi,Provincia di Benevento,590,0.11,1.4,10,0.8,GIALLO
ticket_eventi,Provincia di Massa e Carrara,580,0.12,1.4,10,0.8,GIALLO
ticket_eventi,Provincia di Grosseto,570,0.16,1.3,10,0.8,GIALLO
ticket_eventi,Provincia di Lodi,550,0.2,1.3,10,0.8,GIALLO
ticket_eventi,Provincia autonoma di Bolzano - Alto Adige,540,0.18,1.3,10,0.8,GIALLO
ticket_eventi,Provincia della Spezia,530,0.19,1.2,10,0.7,GIALLO
ticket_eventi,Provincia di Terni,530,0.16,1.2,10,0.7,GIALLO
ticket_eventi,Provincia di Rovigo,460,0.15,1.1,10,0.6,GIALLO
ticket_eventi,Provincia di Campobasso,390,0.11,0.9,0,0.5,ROSSO
ticket_eventi,Provincia di Asti,360,0.19,0.8,0,0.5,ROSSO
ticket_eventi,Provincia di Imperia,360,0.2,0.8,0,0.5,ROSSO
ticket_eventi,Provincia di Fermo,360,0.15,0.8,0,0.5,ROSSO
ticket_eventi,Provincia di Belluno,360,0.17,0.8,0,0.5,ROSSO
ticket_eventi,Provincia di Biella,280,0.15,0.7,0,0.4,ROSSO
ticket_eventi,Provincia di Vercelli,280,0.17,0.7,0,0.4,ROSSO
ticket_eventi,Provincia di Nuoro,270,0.23,0.6,0,0.4,ROSSO
ticket_eventi,Provincia di Sondrio,270,0.2,0.6,0,0.4,ROSSO
ticket_eventi,Provincia di Rieti,260,0.15,0.6,0,0.4,ROSSO
ticket_eventi,Provincia di Oristano,230,0.29,0.5,0,0.3,ROSSO
ticket_eventi,Provincia di Gorizia,230,0.08,0.5,0,0.3,ROSSO
ticket_eventi,Provincia di Matera,210,0.2,0.5,0,0.3,ROSSO
ticket_eventi,Provincia di Carbonia-Iglesias,190,0.2,0.4,0,0.3,ROSSO
ticket_eventi,Provincia di Crotone,140,0.12,0.3,0,0.2,ROSSO
ticket_eventi,Provincia di Isernia,90,0.2,0.2,0,0.1,ROSSO
ticket_eventi,Provincia di Vibo Valentia,90,0.19,0.2,0,0.1,ROSSO
tinteggiature,Città metropolitana di Milano,4050,0.51,9.4,10,5.7,VERDE
tinteggiature,Città metropolitana di Roma Capitale,2150,0.51,5.0,10,3.0,VERDE
tinteggiature,Città Metropolitana di Napoli,850,0.35,2.0,10,1.2,VERDE
tinteggiature,Città Metropolitana di Torino,520,0.88,1.2,10,0.7,GIALLO
tinteggiature,Città Metropolitana di Bari,410,0.39,1.0,10,0.6,GIALLO
tinteggiature,Città Metropolitana di Bologna,360,0.67,0.8,0,0.5,ROSSO
tinteggiature,Città metropolitana di Palermo,290,0.18,0.7,0,0.4,ROSSO
tinteggiature,Provincia di Bergamo,250,0.49,0.6,0,0.4,ROSSO
tinteggiature,Provincia di Brescia,250,0.62,0.6,0,0.4,ROSSO
tinteggiature,Città Metropolitana di Firenze,230,0.55,0.5,0,0.3,ROSSO
tinteggiature,Provincia di Lecce,170,0.29,0.4,0,0.2,ROSSO
tinteggiature,Città metropolitana di Reggio Calabria,160,0.23,0.4,0,0.2,ROSSO
tinteggiature,Provincia di Caserta,150,0.37,0.4,0,0.2,ROSSO
tinteggiature,Provincia di Salerno,140,0.26,0.3,0,0.2,ROSSO
tinteggiature,Provincia di Verona,140,0.54,0.3,0,0.2,ROSSO
tinteggiature,Provincia di Monza e della Brianza,140,0.93,0.3,0,0.2,ROSSO
tinteggiature,Città metropolitana di Catania,130,0.19,0.3,0,0.2,ROSSO
tinteggiature,Provincia di Padova,130,0.63,0.3,0,0.2,ROSSO
tinteggiature,Provincia di Foggia,130,0.28,0.3,0,0.2,ROSSO
tinteggiature,Provincia di Cosenza,120,0.21,0.3,0,0.2,ROSSO
tinteggiature,Città metropolitana di Cagliari,120,0.35,0.3,0,0.2,ROSSO
tinteggiature,Città Metropolitana di Genova,120,0.43,0.3,0,0.2,ROSSO
tinteggiature,Provincia di Taranto,120,0.19,0.3,0,0.2,ROSSO
tinteggiature,Città Metropolitana di Venezia,110,0.37,0.3,0,0.2,ROSSO
tinteggiature,Provincia di Varese,100,0.36,0.2,0,0.1,ROSSO
tinteggiature,Provincia di Vicenza,90,0.34,0.2,0,0.1,ROSSO
tinteggiature,Città metropolitana di Messina,90,0.35,0.2,0,0.1,ROSSO
tinteggiature,Provincia di Modena,80,0.7,0.2,0,0.1,ROSSO
tinteggiature,Provincia di Treviso,80,0.4,0.2,0,0.1,ROSSO
tinteggiature,Provincia autonoma di Trento,70,0.37,0.2,0,0.1,ROSSO
tinteggiature,Provincia di Potenza,70,0.24,0.2,0,0.1,ROSSO
tinteggiature,Provincia di Reggio Emilia,70,0.45,0.2,0,0.1,ROSSO
tinteggiature,Provincia di Catanzaro,70,0.15,0.2,0,0.1,ROSSO
tinteggiature,Città metropolitana di Sassari,60,0.22,0.1,0,0.1,ROSSO
tinteggiature,Provincia di Pescara,60,0.22,0.1,0,0.1,ROSSO
tinteggiature,Provincia di Como,60,0.62,0.1,0,0.1,ROSSO
tinteggiature,Provincia di Ancona,50,0.2,0.1,0,0.1,ROSSO
tinteggiature,Provincia di Avellino,50,0.39,0.1,0,0.1,ROSSO
tinteggiature,Provincia di Frosinone,50,0.6,0.1,0,0.1,ROSSO
tinteggiature,Provincia di Brindisi,50,0.11,0.1,0,0.1,ROSSO
tinteggiature,Provincia di Perugia,50,0.2,0.1,0,0.1,ROSSO
tinteggiature,Provincia di Trieste,40,0.29,0.1,0,0.1,ROSSO
tinteggiature,Provincia di Mantova,40,0.91,0.1,0,0.1,ROSSO
tinteggiature,Provincia dell'Aquila,40,0.22,0.1,0,0.1,ROSSO
tinteggiature,Provincia di Novara,40,0.27,0.1,0,0.1,ROSSO
tinteggiature,Provincia di Benevento,40,0.38,0.1,0,0.1,ROSSO
tinteggiature,Provincia di Latina,40,0.53,0.1,0,0.1,ROSSO
tinteggiature,Provincia di Rimini,30,0.24,0.1,0,0.0,ROSSO
tinteggiature,Provincia di Campobasso,30,0,0.1,0,0.0,ROSSO
tinteggiature,Provincia di Alessandria,30,0.34,0.1,0,0.0,ROSSO
tinteggiature,Provincia di Barletta-Andria-Trani,30,0,0.1,0,0.0,ROSSO
tinteggiature,Provincia di Pisa,30,0.22,0.1,0,0.0,ROSSO
tinteggiature,Provincia di Vibo Valentia,30,0,0.1,0,0.0,ROSSO
tinteggiature,Provincia della Spezia,30,0.26,0.1,0,0.0,ROSSO
tinteggiature,Provincia di Pavia,30,0.26,0.1,0,0.0,ROSSO
tinteggiature,Provincia di Lucca,20,0.25,0.0,0,0.0,ROSSO
tinteggiature,Provincia di Chieti,20,0.27,0.0,0,0.0,ROSSO
tinteggiature,Provincia di Vercelli,20,0.44,0.0,0,0.0,ROSSO
tinteggiature,Provincia di Pesaro e Urbino,20,0.2,0.0,0,0.0,ROSSO
tinteggiature,Provincia di Teramo,20,0.36,0.0,0,0.0,ROSSO
tinteggiature,Provincia di Cremona,20,0.51,0.0,0,0.0,ROSSO
tinteggiature,Provincia di Parma,20,0.62,0.0,0,0.0,ROSSO
tinteggiature,Provincia di Macerata,20,0.37,0.0,0,0.0,ROSSO
tinteggiature,Provincia di Massa e Carrara,20,0.21,0.0,0,0.0,ROSSO
tinteggiature,Provincia di Siena,20,0.21,0.0,0,0.0,ROSSO
tinteggiature,Provincia di Livorno,20,0.27,0.0,0,0.0,ROSSO
tinteggiature,Provincia di Ascoli Piceno,10,0,0.0,0,0.0,ROSSO
tinteggiature,Provincia di Fermo,10,0,0.0,0,0.0,ROSSO
tinteggiature,Provincia di Lecco,10,0,0.0,0,0.0,ROSSO
tinteggiature,Provincia di Crotone,10,0,0.0,0,0.0,ROSSO
tinteggiature,Provincia di Sondrio,10,0,0.0,0,0.0,ROSSO
tinteggiature,Provincia di Forlì-Cesena,10,0,0.0,0,0.0,ROSSO
tinteggiature,Provincia di Prato,10,0,0.0,0,0.0,ROSSO
tinteggiature,Provincia di Belluno,10,0,0.0,0,0.0,ROSSO
tinteggiature,Provincia di Rieti,10,0,0.0,0,0.0,ROSSO
tinteggiature,Provincia di Rovigo,10,0,0.0,0,0.0,ROSSO
tinteggiature,Provincia di Terni,10,0,0.0,0,0.0,ROSSO
tinteggiature,Provincia di Ferrara,10,0,0.0,0,0.0,ROSSO
tinteggiature,Provincia di Pordenone,10,0,0.0,0,0.0,ROSSO
tinteggiature,Provincia di Viterbo,10,0,0.0,0,0.0,ROSSO
tinteggiature,Provincia autonoma di Bolzano - Alto Adige,10,0,0.0,0,0.0,ROSSO
tinteggiature,Provincia di Piacenza,10,0,0.0,0,0.0,ROSSO
tinteggiature,Provincia di Cuneo,10,0,0.0,0,0.0,ROSSO
tinteggiature,Provincia di Asti,10,0,0.0,0,0.0,ROSSO
tinteggiature,Provincia di Grosseto,10,0,0.0,0,0.0,ROSSO
tinteggiature,Provincia di Nuoro,10,0,0.0,0,0.0,ROSSO
tinteggiature,Provincia di Gorizia,10,0,0.0,0,0.0,ROSSO
tinteggiature,Provincia di Lodi,10,0,0.0,0,0.0,ROSSO
tinteggiature,Provincia di Savona,10,0,0.0,0,0.0,ROSSO
tinteggiature,Provincia di Biella,10,0,0.0,0,0.0,ROSSO
tinteggiature,Provincia di Pistoia,10,0,0.0,0,0.0,ROSSO
tinteggiature,Provincia di Oristano,10,0,0.0,0,0.0,ROSSO
tinteggiature,Provincia di Carbonia-Iglesias,10,0,0.0,0,0.0,ROSSO
tinteggiature,Provincia di Arezzo,10,0,0.0,0,0.0,ROSSO
tinteggiature,Provincia di Matera,10,0,0.0,0,0.0,ROSSO
tinteggiature,Provincia di Imperia,10,0,0.0,0,0.0,ROSSO
tinteggiature,Provincia di Isernia,10,0,0.0,0,0.0,ROSSO
tinteggiature,Provincia di Ravenna,10,0,0.0,0,0.0,ROSSO
tour_operator,Città metropolitana di Milano,32540,0.91,75.9,10,45.6,VERDE
tour_operator,Città metropolitana di Roma Capitale,20860,0.76,48.7,10,29.2,VERDE
tour_operator,Città Metropolitana di Napoli,10660,2.54,24.9,15,14.9,VERDE
tour_operator,Città Metropolitana di Torino,9220,0.73,21.5,10,12.9,VERDE
tour_operator,Provincia di Padova,6080,0.61,14.2,10,8.5,VERDE
tour_operator,Città Metropolitana di Bologna,4530,0.63,10.6,10,6.3,VERDE
tour_operator,Provincia di Brescia,4210,0.77,9.8,10,5.9,VERDE
tour_operator,Provincia di Bergamo,4020,0.5,9.4,10,5.6,VERDE
tour_operator,Provincia di Treviso,3960,0.56,9.2,10,5.5,VERDE
tour_operator,Città Metropolitana di Bari,3880,0.66,9.1,10,5.4,VERDE
tour_operator,Città Metropolitana di Venezia,3800,0.65,8.9,10,5.3,VERDE
tour_operator,Città Metropolitana di Firenze,3600,0.76,8.4,10,5.0,VERDE
tour_operator,Provincia di Verona,3550,0.69,8.3,10,5.0,VERDE
tour_operator,Provincia di Vicenza,3530,0.53,8.2,10,4.9,VERDE
tour_operator,Città metropolitana di Palermo,3070,0.62,7.2,10,4.3,VERDE
tour_operator,Provincia di Varese,3040,0.66,7.1,10,4.3,VERDE
tour_operator,Provincia di Monza e della Brianza,2820,1.13,6.6,10,3.9,VERDE
tour_operator,Città metropolitana di Catania,2360,0.79,5.5,10,3.3,VERDE
tour_operator,Provincia di Salerno,2330,1.23,5.4,10,3.3,VERDE
tour_operator,Provincia di Caserta,2260,1.26,5.3,10,3.2,VERDE
tour_operator,Città Metropolitana di Genova,2160,0.57,5.0,10,3.0,VERDE
tour_operator,Provincia di Perugia,1950,1.02,4.5,10,2.7,VERDE
tour_operator,Provincia autonoma di Trento,1930,0.62,4.5,10,2.7,VERDE
tour_operator,Provincia di Como,1780,0.68,4.2,10,2.5,VERDE
tour_operator,Provincia di Modena,1730,0.57,4.0,10,2.4,VERDE
tour_operator,Città metropolitana di Cagliari,1520,0.6,3.5,10,2.1,VERDE
tour_operator,Provincia di Cuneo,1510,0.47,3.5,10,2.1,VERDE
tour_operator,Provincia di Rimini,1490,0.58,3.5,10,2.1,VERDE
tour_operator,Provincia di Novara,1470,0.62,3.4,10,2.1,VERDE
tour_operator,Provincia di Imperia,1470,0.7,3.4,10,2.1,VERDE
tour_operator,Provincia di Ancona,1450,0.66,3.4,10,2.0,VERDE
tour_operator,Provincia di Reggio Emilia,1410,0.6,3.3,10,2.0,VERDE
tour_operator,Provincia di Parma,1320,0.67,3.1,10,1.8,VERDE
tour_operator,Provincia di Frosinone,1220,0.68,2.8,10,1.7,VERDE
tour_operator,Provincia di Pavia,1100,0.57,2.6,10,1.5,VERDE
tour_operator,Provincia di Lecce,1080,0.69,2.5,10,1.5,VERDE
tour_operator,Provincia di Pisa,1060,0.71,2.5,10,1.5,VERDE
tour_operator,Provincia di Pescara,1030,0.66,2.4,10,1.4,VERDE
tour_operator,Provincia di Lecco,1020,0.58,2.4,10,1.4,VERDE
tour_operator,Provincia di Mantova,1000,0.66,2.3,10,1.4,VERDE
tour_operator,Provincia di Forlì-Cesena,990,0.62,2.3,10,1.4,VERDE
tour_operator,Provincia di Latina,960,1.11,2.2,10,1.3,VERDE
tour_operator,Provincia di Savona,960,1.14,2.2,10,1.3,VERDE
tour_operator,Provincia di Ravenna,940,0.65,2.2,10,1.3,VERDE
tour_operator,Provincia di Ascoli Piceno,930,0.54,2.2,10,1.3,VERDE
tour_operator,Provincia di Trieste,930,0.47,2.2,10,1.3,VERDE
tour_operator,Provincia di Lucca,920,0.68,2.1,10,1.3,VERDE
tour_operator,Provincia di Macerata,880,0.59,2.1,10,1.2,VERDE
tour_operator,Provincia di Prato,830,0.67,1.9,10,1.2,GIALLO
tour_operator,Provincia di Taranto,820,1.19,1.9,10,1.1,GIALLO
tour_operator,Provincia di Pesaro e Urbino,800,0.53,1.9,10,1.1,GIALLO
tour_operator,Provincia di Foggia,790,1.13,1.8,10,1.1,GIALLO
tour_operator,Provincia di Avellino,750,1.11,1.8,10,1.1,GIALLO
tour_operator,Provincia di Arezzo,750,0.54,1.8,10,1.1,GIALLO
tour_operator,Provincia di Viterbo,750,0.59,1.8,10,1.1,GIALLO
tour_operator,Provincia di Cosenza,740,0.64,1.7,10,1.0,GIALLO
tour_operator,Provincia di Barletta-Andria-Trani,720,0.64,1.7,10,1.0,GIALLO
tour_operator,Provincia di Cremona,720,0.6,1.7,10,1.0,GIALLO
tour_operator,Provincia di Pistoia,710,0.61,1.7,10,1.0,GIALLO
tour_operator,Città metropolitana di Messina,670,0.68,1.6,10,0.9,GIALLO
tour_operator,Provincia di Livorno,650,0.6,1.5,10,0.9,GIALLO
tour_operator,Provincia di Alessandria,650,0.61,1.5,10,0.9,GIALLO
tour_operator,Città metropolitana di Reggio Calabria,640,1.24,1.5,10,0.9,GIALLO
tour_operator,Provincia di Sondrio,630,0.76,1.5,10,0.9,GIALLO
tour_operator,Provincia di Teramo,630,0.5,1.5,10,0.9,GIALLO
tour_operator,Provincia autonoma di Bolzano - Alto Adige,620,0.7,1.4,10,0.9,GIALLO
tour_operator,Città metropolitana di Sassari,620,1.91,1.4,10,0.9,GIALLO
tour_operator,Provincia di Chieti,620,0.6,1.4,10,0.9,GIALLO
tour_operator,Provincia di Potenza,610,0.59,1.4,10,0.9,GIALLO
tour_operator,Provincia di Ferrara,610,0.46,1.4,10,0.9,GIALLO
tour_operator,Provincia di Vercelli,600,0.66,1.4,10,0.8,GIALLO
tour_operator,Provincia di Pordenone,590,0.64,1.4,10,0.8,GIALLO
tour_operator,Provincia di Piacenza,560,0.77,1.3,10,0.8,GIALLO
tour_operator,Provincia di Campobasso,510,0.57,1.2,10,0.7,GIALLO
tour_operator,Provincia di Brindisi,490,0.85,1.1,10,0.7,GIALLO
tour_operator,Provincia di Biella,490,0.55,1.1,10,0.7,GIALLO
tour_operator,Provincia di Lodi,490,0.64,1.1,10,0.7,GIALLO
tour_operator,Provincia di Siena,480,0.65,1.1,10,0.7,GIALLO
tour_operator,Provincia di Terni,460,0.48,1.1,10,0.6,GIALLO
tour_operator,Provincia di Rovigo,430,0.67,1.0,10,0.6,GIALLO
tour_operator,Provincia dell'Aquila,420,0.91,1.0,10,0.6,GIALLO
tour_operator,Provincia di Benevento,400,1.06,0.9,0,0.6,ROSSO
tour_operator,Provincia di Grosseto,400,1.17,0.9,0,0.6,ROSSO
tour_operator,Provincia della Spezia,370,0.66,0.9,0,0.5,ROSSO
tour_operator,Provincia di Massa e Carrara,360,0.51,0.8,0,0.5,ROSSO
tour_operator,Provincia di Fermo,340,0.46,0.8,0,0.5,ROSSO
tour_operator,Provincia di Belluno,320,0.53,0.7,0,0.4,ROSSO
tour_operator,Provincia di Catanzaro,290,0.83,0.7,0,0.4,ROSSO
tour_operator,Provincia di Matera,250,1.32,0.6,0,0.4,ROSSO
tour_operator,Provincia di Asti,250,0.7,0.6,0,0.4,ROSSO
tour_operator,Provincia di Gorizia,230,0.61,0.5,0,0.3,ROSSO
tour_operator,Provincia di Nuoro,180,1.13,0.4,0,0.3,ROSSO
tour_operator,Provincia di Rieti,170,0.97,0.4,0,0.2,ROSSO
tour_operator,Provincia di Crotone,110,0.5,0.3,0,0.2,ROSSO
tour_operator,Provincia di Vibo Valentia,110,0.58,0.3,0,0.2,ROSSO
tour_operator,Provincia di Carbonia-Iglesias,100,0.67,0.2,0,0.1,ROSSO
tour_operator,Provincia di Isernia,90,0.4,0.2,0,0.1,ROSSO
tour_operator,Provincia di Oristano,90,1.25,0.2,0,0.1,ROSSO
traduzioni,Città metropolitana di Milano,270,0,0.6,0,0.4,ROSSO
traduzioni,Città metropolitana di Roma Capitale,220,0,0.5,0,0.3,ROSSO
traduzioni,Città Metropolitana di Torino,80,0,0.2,0,0.1,ROSSO
traduzioni,Città Metropolitana di Napoli,80,0,0.2,0,0.1,ROSSO
traduzioni,Città Metropolitana di Bologna,70,5.33,0.2,0,0.1,ROSSO
traduzioni,Città Metropolitana di Firenze,60,0,0.1,0,0.1,ROSSO
traduzioni,Città metropolitana di Palermo,50,0,0.1,0,0.1,ROSSO
traduzioni,Città Metropolitana di Bari,50,0,0.1,0,0.1,ROSSO
traduzioni,Provincia di Bergamo,40,0,0.1,0,0.1,ROSSO
traduzioni,Provincia di Padova,40,0,0.1,0,0.1,ROSSO
traduzioni,Città Metropolitana di Genova,40,0,0.1,0,0.1,ROSSO
traduzioni,Provincia di Brescia,40,0,0.1,0,0.1,ROSSO
traduzioni,Città metropolitana di Cagliari,30,0,0.1,0,0.0,ROSSO
traduzioni,Provincia di Salerno,30,0,0.1,0,0.0,ROSSO
traduzioni,Città Metropolitana di Venezia,30,0,0.1,0,0.0,ROSSO
traduzioni,Provincia di Vicenza,30,0,0.1,0,0.0,ROSSO
traduzioni,Provincia di Verona,30,0,0.1,0,0.0,ROSSO
traduzioni,Provincia di Monza e della Brianza,30,0,0.1,0,0.0,ROSSO
traduzioni,Provincia di Caserta,30,0,0.1,0,0.0,ROSSO
traduzioni,Provincia di Varese,30,0,0.1,0,0.0,ROSSO
traduzioni,Città metropolitana di Catania,30,0,0.1,0,0.0,ROSSO
traduzioni,Provincia di Perugia,30,0,0.1,0,0.0,ROSSO
traduzioni,Provincia di Modena,30,0,0.1,0,0.0,ROSSO
traduzioni,Provincia di Lecce,30,0,0.1,0,0.0,ROSSO
traduzioni,Provincia di Treviso,30,0,0.1,0,0.0,ROSSO
traduzioni,Provincia di Forlì-Cesena,10,0,0.0,0,0.0,ROSSO
traduzioni,Provincia di Pesaro e Urbino,10,0,0.0,0,0.0,ROSSO
traduzioni,Provincia di Rimini,10,0,0.0,0,0.0,ROSSO
traduzioni,Provincia di Pavia,10,0,0.0,0,0.0,ROSSO
traduzioni,Provincia di Ancona,10,0,0.0,0,0.0,ROSSO
traduzioni,Provincia di Belluno,10,0,0.0,0,0.0,ROSSO
traduzioni,Provincia di Campobasso,10,0,0.0,0,0.0,ROSSO
traduzioni,Provincia di Sondrio,10,0,0.0,0,0.0,ROSSO
traduzioni,Provincia di Rovigo,10,0,0.0,0,0.0,ROSSO
traduzioni,Provincia di Ascoli Piceno,10,0,0.0,0,0.0,ROSSO
traduzioni,Provincia di Crotone,10,0,0.0,0,0.0,ROSSO
traduzioni,Provincia di Brindisi,10,0,0.0,0,0.0,ROSSO
traduzioni,Provincia di Cosenza,10,0,0.0,0,0.0,ROSSO
traduzioni,Provincia di Mantova,10,0,0.0,0,0.0,ROSSO
traduzioni,Provincia di Vercelli,10,0,0.0,0,0.0,ROSSO
traduzioni,Provincia di Trieste,10,0,0.0,0,0.0,ROSSO
traduzioni,Provincia di Frosinone,10,0,0.0,0,0.0,ROSSO
traduzioni,Provincia di Siena,10,0,0.0,0,0.0,ROSSO
traduzioni,Provincia di Chieti,10,0,0.0,0,0.0,ROSSO
traduzioni,Provincia di Cremona,10,0,0.0,0,0.0,ROSSO
traduzioni,Provincia di Cuneo,10,0,0.0,0,0.0,ROSSO
traduzioni,Provincia di Parma,10,0,0.0,0,0.0,ROSSO
traduzioni,Provincia di Pordenone,10,0,0.0,0,0.0,ROSSO
traduzioni,Provincia di Potenza,10,0,0.0,0,0.0,ROSSO
traduzioni,Provincia di Viterbo,10,0,0.0,0,0.0,ROSSO
traduzioni,Città metropolitana di Sassari,10,0,0.0,0,0.0,ROSSO
traduzioni,Provincia di Nuoro,10,0,0.0,0,0.0,ROSSO
traduzioni,Provincia autonoma di Trento,10,0,0.0,0,0.0,ROSSO
traduzioni,Provincia di Teramo,10,0,0.0,0,0.0,ROSSO
traduzioni,Città metropolitana di Messina,10,0,0.0,0,0.0,ROSSO
traduzioni,Provincia di Ferrara,10,0,0.0,0,0.0,ROSSO
traduzioni,Provincia autonoma di Bolzano - Alto Adige,10,0,0.0,0,0.0,ROSSO
traduzioni,Provincia di Avellino,10,0,0.0,0,0.0,ROSSO
traduzioni,Provincia di Pistoia,10,0,0.0,0,0.0,ROSSO
traduzioni,Provincia di Taranto,10,0,0.0,0,0.0,ROSSO
traduzioni,Provincia di Pescara,10,0,0.0,0,0.0,ROSSO
traduzioni,Provincia di Barletta-Andria-Trani,10,0,0.0,0,0.0,ROSSO
traduzioni,Provincia di Gorizia,10,0,0.0,0,0.0,ROSSO
traduzioni,Provincia di Terni,10,0,0.0,0,0.0,ROSSO
traduzioni,Provincia di Vibo Valentia,10,0,0.0,0,0.0,ROSSO
traduzioni,Provincia di Biella,10,0,0.0,0,0.0,ROSSO
traduzioni,Provincia di Foggia,10,0,0.0,0,0.0,ROSSO
traduzioni,Provincia di Como,10,0,0.0,0,0.0,ROSSO
traduzioni,Provincia di Savona,10,0,0.0,0,0.0,ROSSO
traduzioni,Provincia dell'Aquila,10,0,0.0,0,0.0,ROSSO
traduzioni,Provincia di Ravenna,10,0,0.0,0,0.0,ROSSO
traduzioni,Provincia di Isernia,10,0,0.0,0,0.0,ROSSO
traduzioni,Provincia di Livorno,10,0,0.0,0,0.0,ROSSO
traduzioni,Provincia di Lecco,10,0,0.0,0,0.0,ROSSO
traduzioni,Provincia di Lodi,10,0,0.0,0,0.0,ROSSO
traduzioni,Provincia di Macerata,10,0,0.0,0,0.0,ROSSO
traduzioni,Provincia di Fermo,10,0,0.0,0,0.0,ROSSO
traduzioni,Provincia di Arezzo,10,0,0.0,0,0.0,ROSSO
traduzioni,Città metropolitana di Reggio Calabria,10,0,0.0,0,0.0,ROSSO
traduzioni,Provincia di Matera,10,0,0.0,0,0.0,ROSSO
traduzioni,Provincia di Novara,10,0,0.0,0,0.0,ROSSO
traduzioni,Provincia di Oristano,10,0,0.0,0,0.0,ROSSO
traduzioni,Provincia di Imperia,10,0,0.0,0,0.0,ROSSO
traduzioni,Provincia della Spezia,10,0,0.0,0,0.0,ROSSO
traduzioni,Provincia di Lucca,10,0,0.0,0,0.0,ROSSO
traduzioni,Provincia di Piacenza,10,0,0.0,0,0.0,ROSSO
traduzioni,Provincia di Prato,10,0,0.0,0,0.0,ROSSO
traduzioni,Provincia di Rieti,10,0,0.0,0,0.0,ROSSO
traduzioni,Provincia di Massa e Carrara,10,0,0.0,0,0.0,ROSSO
traduzioni,Provincia di Pisa,10,0,0.0,0,0.0,ROSSO
traduzioni,Provincia di Grosseto,10,0,0.0,0,0.0,ROSSO
traduzioni,Provincia di Catanzaro,10,0,0.0,0,0.0,ROSSO
traduzioni,Provincia di Asti,10,0,0.0,0,0.0,ROSSO
traduzioni,Provincia di Carbonia-Iglesias,10,0,0.0,0,0.0,ROSSO
traduzioni,Provincia di Benevento,10,0,0.0,0,0.0,ROSSO
traduzioni,Provincia di Reggio Emilia,10,0,0.0,0,0.0,ROSSO
traduzioni,Provincia di Latina,10,0,0.0,0,0.0,ROSSO
traduzioni,Provincia di Alessandria,10,0,0.0,0,0.0,ROSSO
traslochi,Città metropolitana di Milano,14260,3.15,33.3,19,20.0,VERDE
traslochi,Città metropolitana di Roma Capitale,7300,2.78,17.0,17,10.2,VERDE
traslochi,Città Metropolitana di Napoli,2720,2.07,6.3,12,3.8,VERDE
traslochi,Città Metropolitana di Torino,2570,2.77,6.0,17,3.6,VERDE
traslochi,Provincia di Brescia,1790,2.46,4.2,10,2.5,VERDE
traslochi,Città Metropolitana di Bologna,1700,2.15,4.0,10,2.4,VERDE
traslochi,Città Metropolitana di Bari,1370,1.51,3.2,10,1.9,VERDE
traslochi,Provincia di Padova,1320,2.21,3.1,10,1.8,VERDE
traslochi,Città metropolitana di Palermo,1010,1.15,2.4,10,1.4,VERDE
traslochi,Città Metropolitana di Firenze,940,2.27,2.2,10,1.3,VERDE
traslochi,Provincia di Verona,940,2.87,2.2,10,1.3,VERDE
traslochi,Provincia di Monza e della Brianza,860,3.6,2.0,10,1.2,VERDE
traslochi,Provincia di Bergamo,830,2.54,1.9,10,1.2,GIALLO
traslochi,Città Metropolitana di Venezia,730,2.01,1.7,10,1.0,GIALLO
traslochi,Città metropolitana di Cagliari,690,1.17,1.6,10,1.0,GIALLO
traslochi,Provincia di Varese,660,3.0,1.5,10,0.9,GIALLO
traslochi,Città metropolitana di Catania,570,1.4,1.3,10,0.8,GIALLO
traslochi,Provincia di Modena,560,2.2,1.3,10,0.8,GIALLO
traslochi,Città Metropolitana di Genova,550,2.82,1.3,10,0.8,GIALLO
traslochi,Provincia di Salerno,530,1.38,1.2,10,0.7,GIALLO
traslochi,Provincia di Vicenza,470,2.45,1.1,10,0.7,GIALLO
traslochi,Provincia di Como,460,3.43,1.1,10,0.6,GIALLO
traslochi,Provincia di Treviso,400,1.56,0.9,0,0.6,ROSSO
traslochi,Provincia di Caserta,400,1.78,0.9,0,0.6,ROSSO
traslochi,Provincia di Lucca,390,1.82,0.9,0,0.5,ROSSO
traslochi,Provincia di Trieste,370,1.41,0.9,0,0.5,ROSSO
traslochi,Provincia di Pisa,320,2.17,0.7,0,0.4,ROSSO
traslochi,Provincia di Pavia,300,2.46,0.7,0,0.4,ROSSO
traslochi,Provincia di Cuneo,290,1.57,0.7,0,0.4,ROSSO
traslochi,Provincia di Novara,290,2.08,0.7,0,0.4,ROSSO
traslochi,Provincia di Lecce,290,1.26,0.7,0,0.4,ROSSO
traslochi,Provincia di Parma,270,2.24,0.6,0,0.4,ROSSO
traslochi,Provincia di Pescara,270,1.17,0.6,0,0.4,ROSSO
traslochi,Provincia di Reggio Emilia,270,1.85,0.6,0,0.4,ROSSO
traslochi,Provincia di Rimini,260,1.16,0.6,0,0.4,ROSSO
traslochi,Provincia di Ancona,260,1.07,0.6,0,0.4,ROSSO
traslochi,Provincia di Latina,250,2.12,0.6,0,0.4,ROSSO
traslochi,Provincia di Mantova,250,2.55,0.6,0,0.4,ROSSO
traslochi,Provincia di Foggia,240,1.5,0.6,0,0.3,ROSSO
traslochi,Provincia di Perugia,240,1.86,0.6,0,0.3,ROSSO
traslochi,Provincia autonoma di Trento,220,4.52,0.5,0,0.3,ROSSO
traslochi,Provincia di Ravenna,220,1.76,0.5,0,0.3,ROSSO
traslochi,Provincia di Lecco,220,1.66,0.5,0,0.3,ROSSO
traslochi,Provincia di Ferrara,220,1.46,0.5,0,0.3,ROSSO
traslochi,Provincia di Cremona,220,1.83,0.5,0,0.3,ROSSO
traslochi,Provincia di Pordenone,210,1.3,0.5,0,0.3,ROSSO
traslochi,Provincia di Taranto,200,1.36,0.5,0,0.3,ROSSO
traslochi,Provincia di Terni,200,2.85,0.5,0,0.3,ROSSO
traslochi,Provincia di Macerata,180,1.1,0.4,0,0.3,ROSSO
traslochi,Città metropolitana di Reggio Calabria,180,1.05,0.4,0,0.3,ROSSO
traslochi,Provincia di Savona,170,1.94,0.4,0,0.2,ROSSO
traslochi,Provincia di Livorno,170,0.81,0.4,0,0.2,ROSSO
traslochi,Provincia di Alessandria,170,2.16,0.4,0,0.2,ROSSO
traslochi,Provincia di Forlì-Cesena,160,1.31,0.4,0,0.2,ROSSO
traslochi,Città metropolitana di Messina,160,1.16,0.4,0,0.2,ROSSO
traslochi,Provincia di Avellino,160,1.25,0.4,0,0.2,ROSSO
traslochi,Provincia di Barletta-Andria-Trani,150,1.04,0.4,0,0.2,ROSSO
traslochi,Provincia di Piacenza,150,1.6,0.4,0,0.2,ROSSO
traslochi,Città metropolitana di Sassari,150,1.05,0.4,0,0.2,ROSSO
traslochi,Provincia di Sondrio,150,0.47,0.4,0,0.2,ROSSO
traslochi,Provincia di Prato,150,2.51,0.4,0,0.2,ROSSO
traslochi,Provincia di Brindisi,150,1.04,0.4,0,0.2,ROSSO
traslochi,Provincia di Frosinone,140,1.97,0.3,0,0.2,ROSSO
traslochi,Provincia di Chieti,140,1.0,0.3,0,0.2,ROSSO
traslochi,Provincia di Pistoia,130,2.7,0.3,0,0.2,ROSSO
traslochi,Provincia di Arezzo,130,1.32,0.3,0,0.2,ROSSO
traslochi,Provincia di Lodi,120,4.7,0.3,0,0.2,ROSSO
traslochi,Provincia autonoma di Bolzano - Alto Adige,120,1.5,0.3,0,0.2,ROSSO
traslochi,Provincia di Pesaro e Urbino,110,1.15,0.3,0,0.2,ROSSO
traslochi,Provincia della Spezia,110,1.87,0.3,0,0.2,ROSSO
traslochi,Provincia di Cosenza,110,0.96,0.3,0,0.2,ROSSO
traslochi,Provincia di Potenza,100,1.79,0.2,0,0.1,ROSSO
traslochi,Provincia di Siena,90,1.33,0.2,0,0.1,ROSSO
traslochi,Provincia di Teramo,90,1.04,0.2,0,0.1,ROSSO
traslochi,Provincia di Ascoli Piceno,80,1.16,0.2,0,0.1,ROSSO
traslochi,Provincia di Belluno,80,2.35,0.2,0,0.1,ROSSO
traslochi,Provincia di Viterbo,80,1.45,0.2,0,0.1,ROSSO
traslochi,Provincia di Biella,70,1.56,0.2,0,0.1,ROSSO
traslochi,Provincia di Grosseto,70,2.39,0.2,0,0.1,ROSSO
traslochi,Provincia di Gorizia,70,2.41,0.2,0,0.1,ROSSO
traslochi,Provincia di Imperia,70,4.93,0.2,0,0.1,ROSSO
traslochi,Provincia di Massa e Carrara,70,1.63,0.2,0,0.1,ROSSO
traslochi,Provincia di Catanzaro,60,0.92,0.1,0,0.1,ROSSO
traslochi,Provincia dell'Aquila,60,1.4,0.1,0,0.1,ROSSO
traslochi,Provincia di Rovigo,60,1.8,0.1,0,0.1,ROSSO
traslochi,Provincia di Fermo,60,1.79,0.1,0,0.1,ROSSO
traslochi,Provincia di Vercelli,60,1.74,0.1,0,0.1,ROSSO
traslochi,Provincia di Benevento,50,1.12,0.1,0,0.1,ROSSO
traslochi,Provincia di Matera,50,0.85,0.1,0,0.1,ROSSO
traslochi,Provincia di Campobasso,40,1.58,0.1,0,0.1,ROSSO
traslochi,Provincia di Carbonia-Iglesias,40,0.71,0.1,0,0.1,ROSSO
traslochi,Provincia di Isernia,40,0,0.1,0,0.1,ROSSO
traslochi,Provincia di Asti,30,2.91,0.1,0,0.0,ROSSO
traslochi,Provincia di Rieti,30,2.28,0.1,0,0.0,ROSSO
traslochi,Provincia di Oristano,20,1.24,0.0,0,0.0,ROSSO
traslochi,Provincia di Nuoro,20,0.16,0.0,0,0.0,ROSSO
traslochi,Provincia di Vibo Valentia,20,1.32,0.0,0,0.0,ROSSO
traslochi,Provincia di Crotone,10,0,0.0,0,0.0,ROSSO
verande,Città metropolitana di Milano,690,0.92,1.6,10,1.0,GIALLO
verande,Città Metropolitana di Napoli,620,0.68,1.4,10,0.9,GIALLO
verande,Città metropolitana di Roma Capitale,480,1.23,1.1,10,0.7,GIALLO
verande,Città Metropolitana di Torino,210,0.91,0.5,0,0.3,ROSSO
verande,Città metropolitana di Catania,180,1.41,0.4,0,0.3,ROSSO
verande,Città metropolitana di Palermo,170,0,0.4,0,0.2,ROSSO
verande,Provincia di Salerno,100,0.66,0.2,0,0.1,ROSSO
verande,Città Metropolitana di Bari,80,0.41,0.2,0,0.1,ROSSO
verande,Città Metropolitana di Firenze,80,0,0.2,0,0.1,ROSSO
verande,Provincia di Caserta,80,0,0.2,0,0.1,ROSSO
verande,Città metropolitana di Messina,60,0,0.1,0,0.1,ROSSO
verande,Città metropolitana di Cagliari,50,0.86,0.1,0,0.1,ROSSO
verande,Città Metropolitana di Bologna,50,0,0.1,0,0.1,ROSSO
verande,Provincia di Avellino,50,0,0.1,0,0.1,ROSSO
verande,Provincia di Brescia,40,1.52,0.1,0,0.1,ROSSO
verande,Città Metropolitana di Genova,40,0.59,0.1,0,0.1,ROSSO
verande,Provincia di Vicenza,40,1.09,0.1,0,0.1,ROSSO
verande,Provincia di Padova,40,0,0.1,0,0.1,ROSSO
verande,Provincia di Livorno,30,0,0.1,0,0.0,ROSSO
verande,Provincia di Monza e della Brianza,30,0,0.1,0,0.0,ROSSO
verande,Provincia di Lucca,30,0,0.1,0,0.0,ROSSO
verande,Provincia di Prato,30,0,0.1,0,0.0,ROSSO
verande,Provincia di Varese,30,0,0.1,0,0.0,ROSSO
verande,Provincia di Pescara,30,0,0.1,0,0.0,ROSSO
verande,Provincia di Pistoia,30,0,0.1,0,0.0,ROSSO
verande,Provincia di Lecce,30,0,0.1,0,0.0,ROSSO
verande,Provincia di Como,30,1.32,0.1,0,0.0,ROSSO
verande,Provincia di Arezzo,30,0,0.1,0,0.0,ROSSO
verande,Provincia di Novara,30,0,0.1,0,0.0,ROSSO
verande,Città metropolitana di Reggio Calabria,30,0,0.1,0,0.0,ROSSO
verande,Provincia di Ferrara,30,0,0.1,0,0.0,ROSSO
verande,Provincia di Trieste,30,0,0.1,0,0.0,ROSSO
verande,Provincia di Matera,20,0.22,0.0,0,0.0,ROSSO
verande,Città metropolitana di Sassari,20,1.5,0.0,0,0.0,ROSSO
verande,Provincia di Pavia,20,1.48,0.0,0,0.0,ROSSO
verande,Provincia di Reggio Emilia,20,1.82,0.0,0,0.0,ROSSO
verande,Provincia di Imperia,10,0,0.0,0,0.0,ROSSO
verande,Provincia dell'Aquila,10,0,0.0,0,0.0,ROSSO
verande,Provincia di Lodi,10,0,0.0,0,0.0,ROSSO
verande,Provincia di Verona,10,0,0.0,0,0.0,ROSSO
verande,Provincia di Ascoli Piceno,10,0,0.0,0,0.0,ROSSO
verande,Provincia di Lecco,10,0,0.0,0,0.0,ROSSO
verande,Provincia di Fermo,10,0,0.0,0,0.0,ROSSO
verande,Provincia di Isernia,10,0,0.0,0,0.0,ROSSO
verande,Provincia autonoma di Trento,10,0,0.0,0,0.0,ROSSO
verande,Provincia di Ravenna,10,0,0.0,0,0.0,ROSSO
verande,Provincia di Frosinone,10,0,0.0,0,0.0,ROSSO
verande,Provincia di Teramo,10,0,0.0,0,0.0,ROSSO
verande,Provincia di Pisa,10,0,0.0,0,0.0,ROSSO
verande,Provincia di Forlì-Cesena,10,0,0.0,0,0.0,ROSSO
verande,Provincia di Rieti,10,0,0.0,0,0.0,ROSSO
verande,Provincia di Asti,10,0,0.0,0,0.0,ROSSO
verande,Provincia di Treviso,10,0,0.0,0,0.0,ROSSO
verande,Provincia di Campobasso,10,0,0.0,0,0.0,ROSSO
verande,Provincia di Grosseto,10,0,0.0,0,0.0,ROSSO
verande,Provincia di Gorizia,10,0,0.0,0,0.0,ROSSO
verande,Provincia di Pesaro e Urbino,10,0,0.0,0,0.0,ROSSO
verande,Provincia di Terni,10,0,0.0,0,0.0,ROSSO
verande,Provincia di Rimini,10,0,0.0,0,0.0,ROSSO
verande,Provincia autonoma di Bolzano - Alto Adige,10,0,0.0,0,0.0,ROSSO
verande,Provincia di Ancona,10,0,0.0,0,0.0,ROSSO
verande,Provincia di Taranto,10,0,0.0,0,0.0,ROSSO
verande,Provincia di Piacenza,10,0,0.0,0,0.0,ROSSO
verande,Provincia di Pordenone,10,0,0.0,0,0.0,ROSSO
verande,Provincia di Perugia,10,0,0.0,0,0.0,ROSSO
verande,Provincia di Oristano,10,0,0.0,0,0.0,ROSSO
verande,Provincia di Rovigo,10,0,0.0,0,0.0,ROSSO
verande,Provincia di Macerata,10,0,0.0,0,0.0,ROSSO
verande,Provincia di Chieti,10,0,0.0,0,0.0,ROSSO
verande,Provincia di Nuoro,10,0,0.0,0,0.0,ROSSO
verande,Provincia di Viterbo,10,0,0.0,0,0.0,ROSSO
verande,Provincia di Potenza,10,0,0.0,0,0.0,ROSSO
verande,Provincia di Cuneo,10,0,0.0,0,0.0,ROSSO
verande,Provincia di Brindisi,10,0,0.0,0,0.0,ROSSO
verande,Provincia di Parma,10,0,0.0,0,0.0,ROSSO
verande,Provincia di Cremona,10,0,0.0,0,0.0,ROSSO
verande,Provincia di Vercelli,10,0,0.0,0,0.0,ROSSO
verande,Provincia di Vibo Valentia,10,0,0.0,0,0.0,ROSSO
verande,Provincia di Massa e Carrara,10,0,0.0,0,0.0,ROSSO
verande,Provincia di Latina,10,0,0.0,0,0.0,ROSSO
verande,Provincia di Modena,10,0,0.0,0,0.0,ROSSO
verande,Provincia di Sondrio,10,0,0.0,0,0.0,ROSSO
verande,Provincia di Alessandria,10,0,0.0,0,0.0,ROSSO
verande,Provincia di Bergamo,10,0,0.0,0,0.0,ROSSO
verande,Provincia della Spezia,10,0,0.0,0,0.0,ROSSO
verande,Provincia di Belluno,10,0,0.0,0,0.0,ROSSO
verande,Provincia di Carbonia-Iglesias,10,0,0.0,0,0.0,ROSSO
verande,Città Metropolitana di Venezia,10,0,0.0,0,0.0,ROSSO
verande,Provincia di Catanzaro,10,0,0.0,0,0.0,ROSSO
verande,Provincia di Biella,10,0,0.0,0,0.0,ROSSO
verande,Provincia di Foggia,10,0,0.0,0,0.0,ROSSO
verande,Provincia di Benevento,10,0,0.0,0,0.0,ROSSO
verande,Provincia di Barletta-Andria-Trani,10,0,0.0,0,0.0,ROSSO
verande,Provincia di Siena,10,0,0.0,0,0.0,ROSSO
verande,Provincia di Mantova,10,0,0.0,0,0.0,ROSSO
verande,Provincia di Savona,10,0,0.0,0,0.0,ROSSO
verande,Provincia di Cosenza,10,0,0.0,0,0.0,ROSSO
verande,Provincia di Crotone,10,0,0.0,0,0.0,ROSSO
veterinari,Città metropolitana di Roma Capitale,47910,0.71,111.8,10,67.1,VERDE
veterinari,Città metropolitana di Milano,45820,0.62,106.9,10,64.2,VERDE
veterinari,Città Metropolitana di Napoli,12440,2.0,29.0,12,17.4,VERDE
veterinari,Città Metropolitana di Torino,11750,0.68,27.4,10,16.5,VERDE
veterinari,Provincia di Bergamo,7410,0.38,17.3,10,10.4,VERDE
veterinari,Città Metropolitana di Bologna,6890,0.88,16.1,10,9.6,VERDE
veterinari,Provincia di Brescia,6560,0.59,15.3,10,9.2,VERDE
veterinari,Città Metropolitana di Firenze,5900,0.37,13.8,10,8.3,VERDE
veterinari,Provincia di Varese,5630,0.52,13.1,10,7.9,VERDE
veterinari,Provincia di Vicenza,5580,1.81,13.0,11,7.8,VERDE
veterinari,Provincia di Verona,5430,0.62,12.7,10,7.6,VERDE
veterinari,Provincia di Monza e della Brianza,5350,0.48,12.5,10,7.5,VERDE
veterinari,Città Metropolitana di Venezia,5190,0.43,12.1,10,7.3,VERDE
veterinari,Provincia di Padova,4960,0.53,11.6,10,6.9,VERDE
veterinari,Provincia di Lecce,4870,0.68,11.4,10,6.8,VERDE
veterinari,Provincia di Como,4460,0.67,10.4,10,6.2,VERDE
veterinari,Città metropolitana di Catania,4330,1.03,10.1,10,6.1,VERDE
veterinari,Città metropolitana di Cagliari,3800,0.41,8.9,10,5.3,VERDE
veterinari,Provincia di Treviso,3710,1.9,8.7,11,5.2,VERDE
veterinari,Città metropolitana di Palermo,3420,0.76,8.0,10,4.8,VERDE
veterinari,Città Metropolitana di Bari,3290,0.71,7.7,10,4.6,VERDE
veterinari,Provincia di Caserta,2960,1.86,6.9,11,4.1,VERDE
veterinari,Provincia di Modena,2500,1.63,5.8,10,3.5,VERDE
veterinari,Provincia di Cuneo,2480,0.32,5.8,10,3.5,VERDE
veterinari,Città Metropolitana di Genova,2290,0.57,5.3,10,3.2,VERDE
veterinari,Provincia di Salerno,2270,1.42,5.3,10,3.2,VERDE
veterinari,Provincia autonoma di Trento,2270,0.41,5.3,10,3.2,VERDE
veterinari,Provincia di Novara,1870,0.42,4.4,10,2.6,VERDE
veterinari,Provincia di Pavia,1830,0.4,4.3,10,2.6,VERDE
veterinari,Provincia di Viterbo,1810,0.5,4.2,10,2.5,VERDE
veterinari,Provincia di Ancona,1770,0.6,4.1,10,2.5,VERDE
veterinari,Provincia di Rimini,1640,0.38,3.8,10,2.3,VERDE
veterinari,Provincia di Ravenna,1560,0.63,3.6,10,2.2,VERDE
veterinari,Provincia di Pescara,1560,0.22,3.6,10,2.2,VERDE
veterinari,Provincia di Livorno,1520,0.36,3.5,10,2.1,VERDE
veterinari,Città metropolitana di Messina,1430,0,3.3,0,2.0,VERDE
veterinari,Provincia di Lucca,1410,1.22,3.3,10,2.0,VERDE
veterinari,Provincia di Trieste,1390,0.24,3.2,10,1.9,VERDE
veterinari,Provincia di Pisa,1360,0.49,3.2,10,1.9,VERDE
veterinari,Provincia di Latina,1350,0.6,3.2,10,1.9,VERDE
veterinari,Provincia di Prato,1320,0.64,3.1,10,1.8,VERDE
veterinari,Provincia di Lodi,1300,0.92,3.0,10,1.8,VERDE
veterinari,Provincia di Grosseto,1290,0.28,3.0,10,1.8,VERDE
veterinari,Provincia di Perugia,1260,0,2.9,0,1.8,VERDE
veterinari,Provincia di Lecco,1210,0.3,2.8,10,1.7,VERDE
veterinari,Provincia di Reggio Emilia,1190,0.62,2.8,10,1.7,VERDE
veterinari,Provincia di Cosenza,1180,0,2.8,0,1.7,VERDE
veterinari,Provincia di Mantova,1170,0.42,2.7,10,1.6,VERDE
veterinari,Provincia di Cremona,1140,0.68,2.7,10,1.6,VERDE
veterinari,Provincia di Pistoia,1030,0.76,2.4,10,1.4,VERDE
veterinari,Città metropolitana di Sassari,1030,0,2.4,0,1.4,VERDE
veterinari,Provincia di Ferrara,1030,0,2.4,0,1.4,VERDE
veterinari,Provincia di Forlì-Cesena,960,0.43,2.2,10,1.3,VERDE
veterinari,Provincia di Gorizia,910,0.24,2.1,10,1.3,VERDE
veterinari,Provincia di Chieti,890,0.18,2.1,10,1.2,VERDE
veterinari,Provincia di Pordenone,860,1.41,2.0,10,1.2,VERDE
veterinari,Provincia di Piacenza,860,0.62,2.0,10,1.2,VERDE
veterinari,Provincia di Parma,860,0,2.0,0,1.2,VERDE
veterinari,Provincia di Arezzo,840,0,2.0,0,1.2,VERDE
veterinari,Provincia di Oristano,840,0,2.0,0,1.2,VERDE
veterinari,Provincia di Imperia,830,0.41,1.9,10,1.2,GIALLO
veterinari,Provincia autonoma di Bolzano - Alto Adige,820,0.23,1.9,10,1.1,GIALLO
veterinari,Città metropolitana di Reggio Calabria,820,0.27,1.9,10,1.1,GIALLO
veterinari,Provincia di Alessandria,800,0.99,1.9,10,1.1,GIALLO
veterinari,Provincia di Massa e Carrara,760,0.31,1.8,10,1.1,GIALLO
veterinari,Provincia di Siena,750,0,1.8,0,1.1,GIALLO
veterinari,Provincia di Teramo,740,0,1.7,0,1.0,GIALLO
veterinari,Provincia di Frosinone,730,0.9,1.7,10,1.0,GIALLO
veterinari,Provincia di Taranto,720,0,1.7,0,1.0,GIALLO
veterinari,Provincia di Savona,710,0.34,1.7,10,1.0,GIALLO
veterinari,Provincia di Potenza,680,0,1.6,0,1.0,GIALLO
veterinari,Provincia di Avellino,670,1.5,1.6,10,0.9,GIALLO
veterinari,Provincia di Pesaro e Urbino,620,0.34,1.4,10,0.9,GIALLO
veterinari,Provincia di Biella,600,0,1.4,0,0.8,GIALLO
veterinari,Provincia di Belluno,580,0,1.4,0,0.8,GIALLO
veterinari,Provincia di Ascoli Piceno,540,0.16,1.3,10,0.8,GIALLO
veterinari,Provincia di Carbonia-Iglesias,510,0,1.2,0,0.7,GIALLO
veterinari,Provincia della Spezia,500,0.35,1.2,10,0.7,GIALLO
veterinari,Provincia di Macerata,460,0,1.1,0,0.6,GIALLO
veterinari,Provincia di Foggia,450,0,1.1,0,0.6,GIALLO
veterinari,Provincia di Asti,450,0.31,1.1,10,0.6,GIALLO
veterinari,Provincia di Brindisi,440,0,1.0,0,0.6,GIALLO
veterinari,Provincia di Fermo,420,0.14,1.0,10,0.6,GIALLO
veterinari,Provincia dell'Aquila,410,0,1.0,0,0.6,GIALLO
veterinari,Provincia di Rieti,400,0,0.9,0,0.6,ROSSO
veterinari,Provincia di Barletta-Andria-Trani,390,0,0.9,0,0.5,ROSSO
veterinari,Provincia di Rovigo,340,0,0.8,0,0.5,ROSSO
veterinari,Provincia di Catanzaro,340,0,0.8,0,0.5,ROSSO
veterinari,Provincia di Terni,330,0.44,0.8,0,0.5,ROSSO
veterinari,Provincia di Vercelli,320,0.65,0.7,0,0.4,ROSSO
veterinari,Provincia di Sondrio,290,0,0.7,0,0.4,ROSSO
veterinari,Provincia di Benevento,290,1.37,0.7,0,0.4,ROSSO
veterinari,Provincia di Nuoro,280,0,0.7,0,0.4,ROSSO
veterinari,Provincia di Vibo Valentia,240,0,0.6,0,0.3,ROSSO
veterinari,Provincia di Matera,170,0,0.4,0,0.2,ROSSO
veterinari,Provincia di Campobasso,140,0,0.3,0,0.2,ROSSO
veterinari,Provincia di Crotone,100,0,0.2,0,0.1,ROSSO
veterinari,Provincia di Isernia,50,0,0.1,0,0.1,ROSSO
vigilanza,Città metropolitana di Milano,1980,2.53,4.6,12,2.8,VERDE
vigilanza,Città metropolitana di Roma Capitale,1330,2.16,3.1,10,1.9,VERDE
vigilanza,Città Metropolitana di Napoli,980,2.16,2.3,10,1.4,VERDE
vigilanza,Provincia di Salerno,410,0.17,1.0,10,0.6,GIALLO
vigilanza,Città Metropolitana di Bari,280,0.92,0.7,0,0.4,ROSSO
vigilanza,Città metropolitana di Palermo,250,0.16,0.6,0,0.4,ROSSO
vigilanza,Città Metropolitana di Torino,240,1.94,0.6,0,0.3,ROSSO
vigilanza,Città metropolitana di Catania,230,0.19,0.5,0,0.3,ROSSO
vigilanza,Provincia di Caserta,220,1.62,0.5,0,0.3,ROSSO
vigilanza,Città metropolitana di Cagliari,190,0,0.4,0,0.3,ROSSO
vigilanza,Città Metropolitana di Firenze,180,1.45,0.4,0,0.3,ROSSO
vigilanza,Città Metropolitana di Bologna,160,1.93,0.4,0,0.2,ROSSO
vigilanza,Provincia di Taranto,150,0,0.4,0,0.2,ROSSO
vigilanza,Provincia di Brescia,120,2.77,0.3,0,0.2,ROSSO
vigilanza,Provincia di Padova,100,1.31,0.2,0,0.1,ROSSO
vigilanza,Provincia di Cremona,100,4.91,0.2,0,0.1,ROSSO
vigilanza,Provincia di Pescara,100,0,0.2,0,0.1,ROSSO
vigilanza,Provincia di Chieti,100,0,0.2,0,0.1,ROSSO
vigilanza,Provincia di Ancona,100,2.01,0.2,0,0.1,ROSSO
vigilanza,Provincia di Latina,90,0.2,0.2,0,0.1,ROSSO
vigilanza,Città Metropolitana di Genova,80,3.36,0.2,0,0.1,ROSSO
vigilanza,Provincia di Viterbo,80,0.2,0.2,0,0.1,ROSSO
vigilanza,Provincia di Brindisi,80,0,0.2,0,0.1,ROSSO
vigilanza,Provincia autonoma di Trento,80,0,0.2,0,0.1,ROSSO
vigilanza,Provincia di Pisa,80,0,0.2,0,0.1,ROSSO
vigilanza,Città Metropolitana di Venezia,70,2.28,0.2,0,0.1,ROSSO
vigilanza,Provincia di Bergamo,70,1.37,0.2,0,0.1,ROSSO
vigilanza,Provincia di Vicenza,70,1.95,0.2,0,0.1,ROSSO
vigilanza,Provincia di Trieste,70,0.22,0.2,0,0.1,ROSSO
vigilanza,Provincia di Monza e della Brianza,70,2.39,0.2,0,0.1,ROSSO
vigilanza,Provincia di Reggio Emilia,70,3.89,0.2,0,0.1,ROSSO
vigilanza,Provincia di Verona,70,1.32,0.2,0,0.1,ROSSO
vigilanza,Provincia di Como,60,2.75,0.1,0,0.1,ROSSO
vigilanza,Provincia di Varese,60,1.36,0.1,0,0.1,ROSSO
vigilanza,Provincia di Cosenza,50,0,0.1,0,0.1,ROSSO
vigilanza,Provincia di Potenza,50,0,0.1,0,0.1,ROSSO
vigilanza,Provincia di Parma,50,3.24,0.1,0,0.1,ROSSO
vigilanza,Città metropolitana di Sassari,50,0,0.1,0,0.1,ROSSO
vigilanza,Provincia di Novara,50,0.28,0.1,0,0.1,ROSSO
vigilanza,Provincia di Frosinone,50,0.19,0.1,0,0.1,ROSSO
vigilanza,Provincia di Treviso,50,5.25,0.1,0,0.1,ROSSO
vigilanza,Città metropolitana di Reggio Calabria,50,0,0.1,0,0.1,ROSSO
vigilanza,Provincia di Avellino,50,0.16,0.1,0,0.1,ROSSO
vigilanza,Provincia di Foggia,40,0,0.1,0,0.1,ROSSO
vigilanza,Provincia di Pavia,40,0.28,0.1,0,0.1,ROSSO
vigilanza,Provincia di Modena,40,1.48,0.1,0,0.1,ROSSO
vigilanza,Provincia di Piacenza,40,2.3,0.1,0,0.1,ROSSO
vigilanza,Provincia di Perugia,40,0,0.1,0,0.1,ROSSO
vigilanza,Provincia di Lecce,40,0,0.1,0,0.1,ROSSO
vigilanza,Provincia di Rimini,40,1.19,0.1,0,0.1,ROSSO
vigilanza,Provincia di Lucca,40,0,0.1,0,0.1,ROSSO
vigilanza,Provincia di Livorno,40,0,0.1,0,0.1,ROSSO
vigilanza,Provincia di Siena,30,0,0.1,0,0.0,ROSSO
vigilanza,Provincia di Mantova,30,2.57,0.1,0,0.0,ROSSO
vigilanza,Provincia di Catanzaro,30,0,0.1,0,0.0,ROSSO
vigilanza,Provincia di Ascoli Piceno,30,0,0.1,0,0.0,ROSSO
vigilanza,Città metropolitana di Messina,30,0,0.1,0,0.0,ROSSO
vigilanza,Provincia di Cuneo,30,0,0.1,0,0.0,ROSSO
vigilanza,Provincia di Forlì-Cesena,30,0,0.1,0,0.0,ROSSO
vigilanza,Provincia di Barletta-Andria-Trani,30,0,0.1,0,0.0,ROSSO
vigilanza,Provincia di Lecco,30,0,0.1,0,0.0,ROSSO
vigilanza,Provincia di Pesaro e Urbino,30,2.13,0.1,0,0.0,ROSSO
vigilanza,Provincia di Alessandria,30,4.04,0.1,0,0.0,ROSSO
vigilanza,Provincia di Savona,20,2.44,0.0,0,0.0,ROSSO
vigilanza,Provincia di Carbonia-Iglesias,10,0,0.0,0,0.0,ROSSO
vigilanza,Provincia di Sondrio,10,0,0.0,0,0.0,ROSSO
vigilanza,Provincia di Massa e Carrara,10,0,0.0,0,0.0,ROSSO
vigilanza,Provincia di Biella,10,0,0.0,0,0.0,ROSSO
vigilanza,Provincia di Belluno,10,0,0.0,0,0.0,ROSSO
vigilanza,Provincia di Crotone,10,0,0.0,0,0.0,ROSSO
vigilanza,Provincia dell'Aquila,10,0,0.0,0,0.0,ROSSO
vigilanza,Provincia di Benevento,10,0,0.0,0,0.0,ROSSO
vigilanza,Provincia di Macerata,10,0,0.0,0,0.0,ROSSO
vigilanza,Provincia di Oristano,10,0,0.0,0,0.0,ROSSO
vigilanza,Provincia di Ferrara,10,0,0.0,0,0.0,ROSSO
vigilanza,Provincia di Campobasso,10,0,0.0,0,0.0,ROSSO
vigilanza,Provincia della Spezia,10,0,0.0,0,0.0,ROSSO
vigilanza,Provincia di Arezzo,10,0,0.0,0,0.0,ROSSO
vigilanza,Provincia di Nuoro,10,0,0.0,0,0.0,ROSSO
vigilanza,Provincia di Grosseto,10,0,0.0,0,0.0,ROSSO
vigilanza,Provincia di Matera,10,0,0.0,0,0.0,ROSSO
vigilanza,Provincia di Pistoia,10,0,0.0,0,0.0,ROSSO
vigilanza,Provincia di Gorizia,10,0,0.0,0,0.0,ROSSO
vigilanza,Provincia di Rovigo,10,0,0.0,0,0.0,ROSSO
vigilanza,Provincia di Vercelli,10,0,0.0,0,0.0,ROSSO
vigilanza,Provincia di Terni,10,0,0.0,0,0.0,ROSSO
vigilanza,Provincia di Rieti,10,0,0.0,0,0.0,ROSSO
vigilanza,Provincia di Prato,10,0,0.0,0,0.0,ROSSO
vigilanza,Provincia di Ravenna,10,0,0.0,0,0.0,ROSSO
vigilanza,Provincia di Isernia,10,0,0.0,0,0.0,ROSSO
vigilanza,Provincia di Imperia,10,0,0.0,0,0.0,ROSSO
vigilanza,Provincia di Asti,10,0,0.0,0,0.0,ROSSO
vigilanza,Provincia di Teramo,10,0,0.0,0,0.0,ROSSO
vigilanza,Provincia di Vibo Valentia,10,0,0.0,0,0.0,ROSSO
vigilanza,Provincia di Lodi,10,0,0.0,0,0.0,ROSSO
vigilanza,Provincia autonoma di Bolzano - Alto Adige,10,0,0.0,0,0.0,ROSSO
vigilanza,Provincia di Fermo,10,0,0.0,0,0.0,ROSSO
vigilanza,Provincia di Pordenone,10,0,0.0,0,0.0,ROSSO
wedding_catering,Città metropolitana di Milano,1600,1.25,3.7,10,2.2,VERDE
wedding_catering,Città metropolitana di Roma Capitale,920,0.94,2.1,10,1.3,VERDE
wedding_catering,Città Metropolitana di Torino,350,0.98,0.8,0,0.5,ROSSO
wedding_catering,Città Metropolitana di Napoli,330,0.74,0.8,0,0.5,ROSSO
wedding_catering,Città Metropolitana di Bologna,210,1.05,0.5,0,0.3,ROSSO
wedding_catering,Provincia di Brescia,190,0.93,0.4,0,0.3,ROSSO
wedding_catering,Città Metropolitana di Firenze,180,0.97,0.4,0,0.3,ROSSO
wedding_catering,Città Metropolitana di Venezia,160,0.71,0.4,0,0.2,ROSSO
wedding_catering,Provincia di Padova,150,0.67,0.4,0,0.2,ROSSO
wedding_catering,Provincia di Monza e della Brianza,150,0.85,0.4,0,0.2,ROSSO
wedding_catering,Provincia di Bergamo,140,1.03,0.3,0,0.2,ROSSO
wedding_catering,Provincia di Verona,130,0.74,0.3,0,0.2,ROSSO
wedding_catering,Città Metropolitana di Genova,130,0.78,0.3,0,0.2,ROSSO
wedding_catering,Città metropolitana di Palermo,130,0.86,0.3,0,0.2,ROSSO
wedding_catering,Provincia di Treviso,120,0.75,0.3,0,0.2,ROSSO
wedding_catering,Città metropolitana di Cagliari,110,0.98,0.3,0,0.2,ROSSO
wedding_catering,Provincia di Vicenza,110,0.7,0.3,0,0.2,ROSSO
wedding_catering,Provincia di Varese,110,0.96,0.3,0,0.2,ROSSO
wedding_catering,Città Metropolitana di Bari,100,0.83,0.2,0,0.1,ROSSO
wedding_catering,Provincia di Pisa,90,0.68,0.2,0,0.1,ROSSO
wedding_catering,Provincia di Pavia,90,0.83,0.2,0,0.1,ROSSO
wedding_catering,Provincia di Como,90,0.96,0.2,0,0.1,ROSSO
wedding_catering,Provincia di Ravenna,90,0.75,0.2,0,0.1,ROSSO
wedding_catering,Provincia di Lucca,90,0.94,0.2,0,0.1,ROSSO
wedding_catering,Città metropolitana di Catania,90,1.21,0.2,0,0.1,ROSSO
wedding_catering,Provincia autonoma di Trento,80,0.76,0.2,0,0.1,ROSSO
wedding_catering,Provincia di Cuneo,80,0.98,0.2,0,0.1,ROSSO
wedding_catering,Provincia di Perugia,80,0.83,0.2,0,0.1,ROSSO
wedding_catering,Provincia di Novara,70,0.96,0.2,0,0.1,ROSSO
wedding_catering,Provincia di Modena,70,0.75,0.2,0,0.1,ROSSO
wedding_catering,Provincia di Livorno,70,0.46,0.2,0,0.1,ROSSO
wedding_catering,Provincia di Salerno,70,0.74,0.2,0,0.1,ROSSO
wedding_catering,Provincia di Cremona,70,0.7,0.2,0,0.1,ROSSO
wedding_catering,Provincia di Parma,60,0.66,0.1,0,0.1,ROSSO
wedding_catering,Provincia di Arezzo,60,0.88,0.1,0,0.1,ROSSO
wedding_catering,Provincia di Lecce,60,0.75,0.1,0,0.1,ROSSO
wedding_catering,Provincia di Rimini,60,0.77,0.1,0,0.1,ROSSO
wedding_catering,Provincia di Ancona,60,0.87,0.1,0,0.1,ROSSO
wedding_catering,Provincia di Alessandria,50,0.65,0.1,0,0.1,ROSSO
wedding_catering,Provincia di Pescara,50,0.71,0.1,0,0.1,ROSSO
wedding_catering,Provincia di Pistoia,50,0.98,0.1,0,0.1,ROSSO
wedding_catering,Provincia di Piacenza,50,0.59,0.1,0,0.1,ROSSO
wedding_catering,Provincia di Savona,50,0.59,0.1,0,0.1,ROSSO
wedding_catering,Provincia di Teramo,50,0.71,0.1,0,0.1,ROSSO
wedding_catering,Provincia di Forlì-Cesena,50,0.66,0.1,0,0.1,ROSSO
wedding_catering,Provincia di Trieste,50,1.84,0.1,0,0.1,ROSSO
wedding_catering,Provincia di Lecco,50,0.79,0.1,0,0.1,ROSSO
wedding_catering,Provincia di Mantova,50,0.65,0.1,0,0.1,ROSSO
wedding_catering,Provincia di Massa e Carrara,50,0.48,0.1,0,0.1,ROSSO
wedding_catering,Provincia di Caserta,50,0.68,0.1,0,0.1,ROSSO
wedding_catering,Provincia di Ferrara,50,1.1,0.1,0,0.1,ROSSO
wedding_catering,Città metropolitana di Sassari,50,0.72,0.1,0,0.1,ROSSO
wedding_catering,Provincia di Latina,40,0.85,0.1,0,0.1,ROSSO
wedding_catering,Provincia di Grosseto,40,0.8,0.1,0,0.1,ROSSO
wedding_catering,Provincia di Asti,40,0.99,0.1,0,0.1,ROSSO
wedding_catering,Provincia di Pesaro e Urbino,40,0.54,0.1,0,0.1,ROSSO
wedding_catering,Provincia di Foggia,40,0.54,0.1,0,0.1,ROSSO
wedding_catering,Città metropolitana di Reggio Calabria,40,0.49,0.1,0,0.1,ROSSO
wedding_catering,Provincia della Spezia,40,0.55,0.1,0,0.1,ROSSO
wedding_catering,Provincia di Imperia,40,0.78,0.1,0,0.1,ROSSO
wedding_catering,Provincia dell'Aquila,40,0.78,0.1,0,0.1,ROSSO
wedding_catering,Provincia di Cosenza,40,0.71,0.1,0,0.1,ROSSO
wedding_catering,Provincia di Belluno,40,0.54,0.1,0,0.1,ROSSO
wedding_catering,Provincia di Pordenone,40,0.74,0.1,0,0.1,ROSSO
wedding_catering,Provincia di Chieti,40,0.66,0.1,0,0.1,ROSSO
wedding_catering,Provincia di Viterbo,40,0.68,0.1,0,0.1,ROSSO
wedding_catering,Provincia di Lodi,30,0.75,0.1,0,0.0,ROSSO
wedding_catering,Provincia di Taranto,30,0.57,0.1,0,0.0,ROSSO
wedding_catering,Provincia di Biella,30,0.55,0.1,0,0.0,ROSSO
wedding_catering,Provincia di Siena,30,0.89,0.1,0,0.0,ROSSO
wedding_catering,Provincia di Catanzaro,30,0.59,0.1,0,0.0,ROSSO
wedding_catering,Provincia di Reggio Emilia,30,0.52,0.1,0,0.0,ROSSO
wedding_catering,Provincia di Sondrio,30,0.84,0.1,0,0.0,ROSSO
wedding_catering,Provincia di Ascoli Piceno,30,0.81,0.1,0,0.0,ROSSO
wedding_catering,Provincia di Frosinone,30,0.66,0.1,0,0.0,ROSSO
wedding_catering,Provincia di Rovigo,30,0.73,0.1,0,0.0,ROSSO
wedding_catering,Città metropolitana di Messina,30,0.62,0.1,0,0.0,ROSSO
wedding_catering,Provincia di Potenza,30,0.49,0.1,0,0.0,ROSSO
wedding_catering,Provincia di Oristano,20,0.58,0.0,0,0.0,ROSSO
wedding_catering,Provincia di Nuoro,20,1.03,0.0,0,0.0,ROSSO
wedding_catering,Provincia di Campobasso,20,0.56,0.0,0,0.0,ROSSO
wedding_catering,Provincia di Vibo Valentia,20,0.78,0.0,0,0.0,ROSSO
wedding_catering,Provincia di Macerata,20,0.52,0.0,0,0.0,ROSSO
wedding_catering,Provincia di Gorizia,20,0.87,0.0,0,0.0,ROSSO
wedding_catering,Provincia di Matera,20,0.65,0.0,0,0.0,ROSSO
wedding_catering,Provincia di Benevento,20,0.48,0.0,0,0.0,ROSSO
wedding_catering,Provincia di Isernia,20,0.56,0.0,0,0.0,ROSSO
wedding_catering,Provincia di Fermo,20,0.56,0.0,0,0.0,ROSSO
wedding_catering,Provincia di Barletta-Andria-Trani,20,0.57,0.0,0,0.0,ROSSO
wedding_catering,Provincia di Avellino,20,0.58,0.0,0,0.0,ROSSO
wedding_catering,Provincia di Prato,20,0.52,0.0,0,0.0,ROSSO
wedding_catering,Provincia di Rieti,20,0.66,0.0,0,0.0,ROSSO
wedding_catering,Provincia autonoma di Bolzano - Alto Adige,20,0.59,0.0,0,0.0,ROSSO
wedding_catering,Provincia di Terni,20,0.62,0.0,0,0.0,ROSSO
wedding_catering,Provincia di Carbonia-Iglesias,20,0.59,0.0,0,0.0,ROSSO
wedding_catering,Provincia di Brindisi,20,0.5,0.0,0,0.0,ROSSO
wedding_catering,Provincia di Vercelli,20,0.66,0.0,0,0.0,ROSSO
wedding_catering,Provincia di Crotone,10,0,0.0,0,0.0,ROSSO
wrapping_ppf,Città metropolitana di Milano,3840,0.42,9.0,10,5.4,VERDE
wrapping_ppf,Città metropolitana di Roma Capitale,1810,0.45,4.2,10,2.5,VERDE
wrapping_ppf,Città Metropolitana di Napoli,590,0.26,1.4,10,0.8,GIALLO
wrapping_ppf,Città Metropolitana di Torino,510,0.25,1.2,10,0.7,GIALLO
wrapping_ppf,Città Metropolitana di Bologna,450,0.56,1.1,10,0.6,GIALLO
wrapping_ppf,Provincia di Brescia,340,0.4,0.8,0,0.5,ROSSO
wrapping_ppf,Provincia di Monza e della Brianza,340,0.44,0.8,0,0.5,ROSSO
wrapping_ppf,Provincia di Varese,300,0.46,0.7,0,0.4,ROSSO
wrapping_ppf,Provincia di Bergamo,280,0.51,0.7,0,0.4,ROSSO
wrapping_ppf,Provincia di Padova,240,0.47,0.6,0,0.3,ROSSO
wrapping_ppf,Città Metropolitana di Bari,230,0.5,0.5,0,0.3,ROSSO
wrapping_ppf,Città metropolitana di Palermo,220,0.43,0.5,0,0.3,ROSSO
wrapping_ppf,Città Metropolitana di Firenze,220,0.57,0.5,0,0.3,ROSSO
wrapping_ppf,Provincia di Verona,220,0.75,0.5,0,0.3,ROSSO
wrapping_ppf,Città metropolitana di Catania,190,0.7,0.4,0,0.3,ROSSO
wrapping_ppf,Città Metropolitana di Venezia,190,0.39,0.4,0,0.3,ROSSO
wrapping_ppf,Provincia di Treviso,190,0.36,0.4,0,0.3,ROSSO
wrapping_ppf,Provincia di Vicenza,190,0.44,0.4,0,0.3,ROSSO
wrapping_ppf,Città Metropolitana di Genova,160,0.44,0.4,0,0.2,ROSSO
wrapping_ppf,Provincia di Salerno,150,0.35,0.4,0,0.2,ROSSO
wrapping_ppf,Provincia di Caserta,150,1.09,0.4,0,0.2,ROSSO
wrapping_ppf,Provincia di Como,150,0.55,0.4,0,0.2,ROSSO
wrapping_ppf,Città metropolitana di Cagliari,130,0.24,0.3,0,0.2,ROSSO
wrapping_ppf,Provincia di Modena,120,0.71,0.3,0,0.2,ROSSO
wrapping_ppf,Provincia di Pescara,100,0.47,0.2,0,0.1,ROSSO
wrapping_ppf,Provincia di Ancona,100,0.6,0.2,0,0.1,ROSSO
wrapping_ppf,Provincia autonoma di Trento,100,0.67,0.2,0,0.1,ROSSO
wrapping_ppf,Provincia di Novara,90,0.33,0.2,0,0.1,ROSSO
wrapping_ppf,Provincia di Rimini,90,0.6,0.2,0,0.1,ROSSO
wrapping_ppf,Provincia di Cremona,90,0.51,0.2,0,0.1,ROSSO
wrapping_ppf,Provincia di Cuneo,80,0.55,0.2,0,0.1,ROSSO
wrapping_ppf,Città metropolitana di Sassari,80,0,0.2,0,0.1,ROSSO
wrapping_ppf,Provincia di Perugia,80,0.32,0.2,0,0.1,ROSSO
wrapping_ppf,Provincia di Reggio Emilia,80,0.49,0.2,0,0.1,ROSSO
wrapping_ppf,Provincia di Pavia,80,0.45,0.2,0,0.1,ROSSO
wrapping_ppf,Provincia di Latina,80,0.39,0.2,0,0.1,ROSSO
wrapping_ppf,Provincia autonoma di Bolzano - Alto Adige,80,0.2,0.2,0,0.1,ROSSO
wrapping_ppf,Provincia di Trieste,80,0.43,0.2,0,0.1,ROSSO
wrapping_ppf,Provincia di Lecco,80,0.56,0.2,0,0.1,ROSSO
wrapping_ppf,Provincia di Mantova,80,0.68,0.2,0,0.1,ROSSO
wrapping_ppf,Provincia di Lucca,80,0.79,0.2,0,0.1,ROSSO
wrapping_ppf,Provincia di Lecce,80,0.37,0.2,0,0.1,ROSSO
wrapping_ppf,Provincia di Parma,60,0.33,0.1,0,0.1,ROSSO
wrapping_ppf,Città metropolitana di Messina,60,0.58,0.1,0,0.1,ROSSO
wrapping_ppf,Provincia di Taranto,60,0,0.1,0,0.1,ROSSO
wrapping_ppf,Provincia di Ravenna,60,0.56,0.1,0,0.1,ROSSO
wrapping_ppf,Città metropolitana di Reggio Calabria,60,0,0.1,0,0.1,ROSSO
wrapping_ppf,Provincia di Pisa,60,0.27,0.1,0,0.1,ROSSO
wrapping_ppf,Provincia di Cosenza,60,0,0.1,0,0.1,ROSSO
wrapping_ppf,Provincia di Forlì-Cesena,60,0.52,0.1,0,0.1,ROSSO
wrapping_ppf,Provincia di Avellino,50,0.44,0.1,0,0.1,ROSSO
wrapping_ppf,Provincia di Savona,50,0,0.1,0,0.1,ROSSO
wrapping_ppf,Provincia di Pordenone,50,0.45,0.1,0,0.1,ROSSO
wrapping_ppf,Provincia di Foggia,50,0.46,0.1,0,0.1,ROSSO
wrapping_ppf,Provincia di Frosinone,50,0.84,0.1,0,0.1,ROSSO
wrapping_ppf,Provincia di Arezzo,50,0.15,0.1,0,0.1,ROSSO
wrapping_ppf,Provincia di Livorno,50,0.33,0.1,0,0.1,ROSSO
wrapping_ppf,Provincia di Chieti,50,1.1,0.1,0,0.1,ROSSO
wrapping_ppf,Provincia di Piacenza,50,0,0.1,0,0.1,ROSSO
wrapping_ppf,Provincia di Alessandria,50,0.58,0.1,0,0.1,ROSSO
wrapping_ppf,Provincia di Pesaro e Urbino,50,0.52,0.1,0,0.1,ROSSO
wrapping_ppf,Provincia di Ferrara,50,0,0.1,0,0.1,ROSSO
wrapping_ppf,Provincia di Potenza,50,0,0.1,0,0.1,ROSSO
wrapping_ppf,Provincia dell'Aquila,50,0.58,0.1,0,0.1,ROSSO
wrapping_ppf,Provincia di Pistoia,40,0.7,0.1,0,0.1,ROSSO
wrapping_ppf,Provincia di Barletta-Andria-Trani,40,0.53,0.1,0,0.1,ROSSO
wrapping_ppf,Provincia di Siena,40,1.43,0.1,0,0.1,ROSSO
wrapping_ppf,Provincia di Brindisi,40,0,0.1,0,0.1,ROSSO
wrapping_ppf,Provincia di Catanzaro,40,0,0.1,0,0.1,ROSSO
wrapping_ppf,Provincia di Macerata,40,0.63,0.1,0,0.1,ROSSO
wrapping_ppf,Provincia di Belluno,40,0.72,0.1,0,0.1,ROSSO
wrapping_ppf,Provincia della Spezia,40,0.28,0.1,0,0.1,ROSSO
wrapping_ppf,Provincia di Lodi,40,0.63,0.1,0,0.1,ROSSO
wrapping_ppf,Provincia di Sondrio,40,0.32,0.1,0,0.1,ROSSO
wrapping_ppf,Provincia di Prato,40,0,0.1,0,0.1,ROSSO
wrapping_ppf,Provincia di Rovigo,40,0.7,0.1,0,0.1,ROSSO
wrapping_ppf,Provincia di Viterbo,40,0,0.1,0,0.1,ROSSO
wrapping_ppf,Provincia di Teramo,40,0,0.1,0,0.1,ROSSO
wrapping_ppf,Provincia di Nuoro,30,0,0.1,0,0.0,ROSSO
wrapping_ppf,Provincia di Gorizia,30,0,0.1,0,0.0,ROSSO
wrapping_ppf,Provincia di Massa e Carrara,30,0.41,0.1,0,0.0,ROSSO
wrapping_ppf,Provincia di Campobasso,30,0,0.1,0,0.0,ROSSO
wrapping_ppf,Provincia di Biella,30,0,0.1,0,0.0,ROSSO
wrapping_ppf,Provincia di Imperia,30,0,0.1,0,0.0,ROSSO
wrapping_ppf,Provincia di Vercelli,30,0.4,0.1,0,0.0,ROSSO
wrapping_ppf,Provincia di Fermo,30,0,0.1,0,0.0,ROSSO
wrapping_ppf,Provincia di Benevento,30,0.32,0.1,0,0.0,ROSSO
wrapping_ppf,Provincia di Asti,30,0.52,0.1,0,0.0,ROSSO
wrapping_ppf,Provincia di Grosseto,30,0,0.1,0,0.0,ROSSO
wrapping_ppf,Provincia di Rieti,30,0,0.1,0,0.0,ROSSO
wrapping_ppf,Provincia di Terni,30,0,0.1,0,0.0,ROSSO
wrapping_ppf,Provincia di Ascoli Piceno,30,0,0.1,0,0.0,ROSSO
wrapping_ppf,Provincia di Carbonia-Iglesias,10,0,0.0,0,0.0,ROSSO
wrapping_ppf,Provincia di Matera,10,0,0.0,0,0.0,ROSSO
wrapping_ppf,Provincia di Vibo Valentia,10,0,0.0,0,0.0,ROSSO
wrapping_ppf,Provincia di Isernia,10,0,0.0,0,0.0,ROSSO
wrapping_ppf,Provincia di Oristano,10,0,0.0,0,0.0,ROSSO
wrapping_ppf,Provincia di Crotone,10,0,0.0,0,0.0,ROSSO
zanzariere,Città metropolitana di Milano,3660,0.98,8.5,10,5.1,VERDE
zanzariere,Città metropolitana di Roma Capitale,2490,0.68,5.8,10,3.5,VERDE
zanzariere,Città Metropolitana di Torino,1030,1.04,2.4,10,1.4,VERDE
zanzariere,Città Metropolitana di Napoli,810,0.33,1.9,10,1.1,GIALLO
zanzariere,Città Metropolitana di Bologna,780,1.25,1.8,10,1.1,GIALLO
zanzariere,Città Metropolitana di Firenze,580,1.16,1.4,10,0.8,GIALLO
zanzariere,Provincia di Brescia,480,0.95,1.1,10,0.7,GIALLO
zanzariere,Città Metropolitana di Bari,460,0.39,1.1,10,0.6,GIALLO
zanzariere,Provincia di Bergamo,430,1.14,1.0,10,0.6,GIALLO
zanzariere,Provincia di Monza e della Brianza,400,1.1,0.9,0,0.6,ROSSO
zanzariere,Città Metropolitana di Genova,390,1.12,0.9,0,0.5,ROSSO
zanzariere,Città metropolitana di Palermo,390,0.35,0.9,0,0.5,ROSSO
zanzariere,Provincia di Varese,370,1.05,0.9,0,0.5,ROSSO
zanzariere,Città metropolitana di Catania,360,0.58,0.8,0,0.5,ROSSO
zanzariere,Provincia di Padova,350,1.27,0.8,0,0.5,ROSSO
zanzariere,Città metropolitana di Cagliari,340,0.58,0.8,0,0.5,ROSSO
zanzariere,Provincia di Verona,310,1.53,0.7,0,0.4,ROSSO
zanzariere,Città metropolitana di Sassari,290,0.67,0.7,0,0.4,ROSSO
zanzariere,Provincia di Salerno,280,0.61,0.7,0,0.4,ROSSO
zanzariere,Provincia di Vicenza,270,1.64,0.6,0,0.4,ROSSO
zanzariere,Città Metropolitana di Venezia,270,1.22,0.6,0,0.4,ROSSO
zanzariere,Provincia di Pavia,270,0.78,0.6,0,0.4,ROSSO
zanzariere,Provincia di Perugia,270,0.69,0.6,0,0.4,ROSSO
zanzariere,Provincia di Como,270,1.52,0.6,0,0.4,ROSSO
zanzariere,Provincia di Pescara,260,0.63,0.6,0,0.4,ROSSO
zanzariere,Provincia di Modena,250,0.61,0.6,0,0.4,ROSSO
zanzariere,Provincia di Caserta,240,0.35,0.6,0,0.3,ROSSO
zanzariere,Provincia di Latina,220,0.52,0.5,0,0.3,ROSSO
zanzariere,Provincia di Novara,200,1.28,0.5,0,0.3,ROSSO
zanzariere,Provincia autonoma di Trento,200,1.61,0.5,0,0.3,ROSSO
zanzariere,Provincia di Rimini,200,1.39,0.5,0,0.3,ROSSO
zanzariere,Provincia di Ancona,200,1.92,0.5,0,0.3,ROSSO
zanzariere,Provincia di Treviso,200,1.74,0.5,0,0.3,ROSSO
zanzariere,Provincia di Lecce,200,0.41,0.5,0,0.3,ROSSO
zanzariere,Provincia di Cosenza,190,0.53,0.4,0,0.3,ROSSO
zanzariere,Provincia di Teramo,190,0.64,0.4,0,0.3,ROSSO
zanzariere,Provincia di Arezzo,180,0.73,0.4,0,0.3,ROSSO
zanzariere,Provincia di Mantova,180,0.7,0.4,0,0.3,ROSSO
zanzariere,Città metropolitana di Messina,180,0.44,0.4,0,0.3,ROSSO
zanzariere,Provincia di Pisa,180,0.7,0.4,0,0.3,ROSSO
zanzariere,Provincia di Taranto,180,0.55,0.4,0,0.3,ROSSO
zanzariere,Provincia di Trieste,170,0.66,0.4,0,0.2,ROSSO
zanzariere,Provincia di Reggio Emilia,170,1.63,0.4,0,0.2,ROSSO
zanzariere,Provincia dell'Aquila,170,0.62,0.4,0,0.2,ROSSO
zanzariere,Provincia di Lucca,170,0.7,0.4,0,0.2,ROSSO
zanzariere,Provincia di Cuneo,160,1.15,0.4,0,0.2,ROSSO
zanzariere,Provincia di Parma,160,1.89,0.4,0,0.2,ROSSO
zanzariere,Provincia di Pesaro e Urbino,160,0.61,0.4,0,0.2,ROSSO
zanzariere,Provincia di Alessandria,160,0.73,0.4,0,0.2,ROSSO
zanzariere,Provincia di Siena,150,2.06,0.4,0,0.2,ROSSO
zanzariere,Provincia di Ravenna,150,1.74,0.4,0,0.2,ROSSO
zanzariere,Provincia di Chieti,150,0.54,0.4,0,0.2,ROSSO
zanzariere,Provincia di Savona,140,0.58,0.3,0,0.2,ROSSO
zanzariere,Provincia di Avellino,140,0.37,0.3,0,0.2,ROSSO
zanzariere,Provincia di Lecco,140,0.74,0.3,0,0.2,ROSSO
zanzariere,Provincia di Livorno,140,0.59,0.3,0,0.2,ROSSO
zanzariere,Città metropolitana di Reggio Calabria,130,0.4,0.3,0,0.2,ROSSO
zanzariere,Provincia di Potenza,130,0.36,0.3,0,0.2,ROSSO
zanzariere,Provincia di Cremona,130,1.91,0.3,0,0.2,ROSSO
zanzariere,Provincia di Foggia,130,0.39,0.3,0,0.2,ROSSO
zanzariere,Provincia di Forlì-Cesena,130,0.61,0.3,0,0.2,ROSSO
zanzariere,Provincia di Frosinone,130,0.51,0.3,0,0.2,ROSSO
zanzariere,Provincia di Macerata,120,1.36,0.3,0,0.2,ROSSO
zanzariere,Provincia di Grosseto,120,0.79,0.3,0,0.2,ROSSO
zanzariere,Provincia di Viterbo,120,0.73,0.3,0,0.2,ROSSO
zanzariere,Provincia di Biella,120,0.86,0.3,0,0.2,ROSSO
zanzariere,Provincia di Pistoia,120,0.73,0.3,0,0.2,ROSSO
zanzariere,Provincia di Massa e Carrara,110,0.65,0.3,0,0.2,ROSSO
zanzariere,Provincia di Imperia,110,1.42,0.3,0,0.2,ROSSO
zanzariere,Provincia di Brindisi,110,0.49,0.3,0,0.2,ROSSO
zanzariere,Provincia di Nuoro,100,0.89,0.2,0,0.1,ROSSO
zanzariere,Provincia di Prato,100,2.42,0.2,0,0.1,ROSSO
zanzariere,Provincia della Spezia,90,0.88,0.2,0,0.1,ROSSO
zanzariere,Provincia di Catanzaro,90,0.5,0.2,0,0.1,ROSSO
zanzariere,Provincia di Terni,90,0.6,0.2,0,0.1,ROSSO
zanzariere,Provincia di Sondrio,80,1.12,0.2,0,0.1,ROSSO
zanzariere,Provincia di Ferrara,80,0.6,0.2,0,0.1,ROSSO
zanzariere,Provincia di Ascoli Piceno,80,0.68,0.2,0,0.1,ROSSO
zanzariere,Provincia di Lodi,80,0.79,0.2,0,0.1,ROSSO
zanzariere,Provincia di Pordenone,80,0.59,0.2,0,0.1,ROSSO
zanzariere,Provincia di Campobasso,80,0.41,0.2,0,0.1,ROSSO
zanzariere,Provincia autonoma di Bolzano - Alto Adige,80,1.21,0.2,0,0.1,ROSSO
zanzariere,Provincia di Belluno,70,0.8,0.2,0,0.1,ROSSO
zanzariere,Provincia di Benevento,70,0.99,0.2,0,0.1,ROSSO
zanzariere,Provincia di Asti,70,0.89,0.2,0,0.1,ROSSO
zanzariere,Provincia di Rieti,70,0.64,0.2,0,0.1,ROSSO
zanzariere,Provincia di Barletta-Andria-Trani,70,0.63,0.2,0,0.1,ROSSO
zanzariere,Provincia di Vercelli,70,0.79,0.2,0,0.1,ROSSO
zanzariere,Provincia di Oristano,60,0.62,0.1,0,0.1,ROSSO
zanzariere,Provincia di Vibo Valentia,60,0.56,0.1,0,0.1,ROSSO
zanzariere,Provincia di Carbonia-Iglesias,60,0.51,0.1,0,0.1,ROSSO
zanzariere,Provincia di Fermo,60,0.71,0.1,0,0.1,ROSSO
zanzariere,Provincia di Piacenza,50,0.96,0.1,0,0.1,ROSSO
zanzariere,Provincia di Gorizia,50,0.76,0.1,0,0.1,ROSSO
zanzariere,Provincia di Rovigo,50,0.57,0.1,0,0.1,ROSSO
zanzariere,Provincia di Matera,40,0.42,0.1,0,0.1,ROSSO
zanzariere,Provincia di Crotone,40,0.44,0.1,0,0.1,ROSSO
zanzariere,Provincia di Isernia,30,0.79,0.1,0,0.0,ROSSO
